ts_code,trade_date,pre_close,open,high,low,close,change,pct_chg,vol,amount
159632.SZ,20220803,1.019,1.005,1.015,1.005,1.013,-0.006,-0.5888,699548.49,70681.728
159632.SZ,20220804,1.013,1.042,1.046,1.035,1.037,0.024,2.3692,410810.09,42617.465
159632.SZ,20220805,1.037,1.044,1.047,1.043,1.047,0.01,0.9643,278961.17,29153.822
159632.SZ,20220808,1.047,1.034,1.041,1.034,1.04,-0.007,-0.6686,109563.34,11374.517
159632.SZ,20220809,1.04,1.039,1.039,1.031,1.033,-0.007,-0.6731,168464.74,17394.856
159632.SZ,20220810,1.033,1.022,1.022,1.017,1.02,-0.013,-1.2585,130047.69,13270.863
159632.SZ,20220811,1.02,1.047,1.055,1.047,1.055,0.035,3.4314,203078.62,21333.495
159632.SZ,20220812,1.055,1.045,1.045,1.005,1.044,-0.011,-1.0427,94884.51,9887.749
159632.SZ,20220815,1.044,1.059,1.064,1.059,1.063,0.019,1.8199,173604.98,18447.646
159632.SZ,20220816,1.063,1.068,1.079,1.068,1.079,0.016,1.5052,207043.84,22308.579
159632.SZ,20220817,1.079,1.079,1.079,1.072,1.074,-0.005,-0.4634,68123.95,7320.275
159632.SZ,20220818,1.074,1.061,1.064,1.057,1.058,-0.016,-1.4898,84471.57,8965.041
159632.SZ,20220819,1.058,1.065,1.068,1.061,1.063,0.005,0.4726,192703.33,20530.205
159632.SZ,20220822,1.063,1.047,1.047,1.042,1.045,-0.018,-1.6933,102843.86,10745.491
159632.SZ,20220823,1.045,1.028,1.03,1.022,1.027,-0.018,-1.7225,197230.94,20240.578
159632.SZ,20220824,1.027,1.028,1.029,1.021,1.028,0.001,0.0974,208552.51,21347.976
159632.SZ,20220825,1.028,1.036,1.041,1.029,1.041,0.013,1.2646,134442.46,13919.604
159632.SZ,20220826,1.041,1.048,1.05,1.044,1.047,0.006,0.5764,101580.89,10623.217
159632.SZ,20220829,1.047,1.002,1.005,0.99,1.004,-0.043,-4.107,211349.1,21082.552
159632.SZ,20220830,1.004,1.003,1.008,1.002,1.006,0.002,0.1992,249891.16,25133.387
159632.SZ,20220831,1.006,0.996,0.998,0.994,0.998,-0.008,-0.7952,214144.05,21337.853
159632.SZ,20220901,0.998,0.987,0.987,0.975,0.976,-0.022,-2.2044,362815.02,35497.438
159632.SZ,20220902,0.976,0.982,0.988,0.982,0.988,0.012,1.2295,244777.02,24114.691
159632.SZ,20220905,0.988,0.975,0.982,0.974,0.981,-0.007,-0.7085,254583.0,24835.429
159632.SZ,20220906,0.981,0.984,0.985,0.98,0.984,0.003,0.3058,193365.0,18993.006
159632.SZ,20220907,0.984,0.967,0.977,0.967,0.976,-0.008,-0.813,194251.08,18869.992
159632.SZ,20220908,0.976,0.992,0.999,0.991,0.999,0.023,2.3566,162215.09,16139.762
159632.SZ,20220909,0.999,1.002,1.004,0.997,0.997,-0.002,-0.2002,51415.02,5145.861
159632.SZ,20220913,0.997,1.027,1.038,1.023,1.037,0.04,4.012,193948.75,19955.884
159632.SZ,20220914,1.037,0.995,0.995,0.978,0.983,-0.054,-5.2073,277130.02,27243.211
159632.SZ,20220915,0.983,0.987,0.999,0.987,0.99,0.007,0.7121,112178.05,11107.461
159632.SZ,20220916,0.99,0.974,0.976,0.969,0.971,-0.019,-1.9192,133384.06,12956.657
159632.SZ,20220919,0.971,0.971,0.973,0.968,0.972,0.001,0.103,131681.01,12774.105
159632.SZ,20220920,0.972,0.98,0.988,0.979,0.985,0.013,1.3374,295260.0,29050.454
159632.SZ,20220921,0.985,0.977,0.979,0.974,0.979,-0.006,-0.6091,158769.05,15509.454
159632.SZ,20220922,0.979,0.959,0.964,0.95,0.959,-0.02,-2.0429,296084.38,28301.287
159632.SZ,20220923,0.959,0.951,0.954,0.95,0.953,-0.006,-0.6257,163460.01,15556.123
159632.SZ,20220926,0.953,0.945,0.945,0.933,0.94,-0.013,-1.3641,294943.01,27747.319
159632.SZ,20220927,0.94,0.944,0.958,0.942,0.958,0.018,1.9149,213772.0,20292.367
159632.SZ,20220928,0.958,0.952,0.952,0.941,0.943,-0.015,-1.5658,255875.0,24177.219
159632.SZ,20220929,0.943,0.957,0.963,0.956,0.958,0.015,1.5907,260146.11,24968.989
159632.SZ,20220930,0.958,0.935,0.943,0.926,0.934,-0.024,-2.5052,328950.0,30596.453
159632.SZ,20221010,0.934,0.92,0.92,0.911,0.911,-0.023,-2.4625,133885.33,12230.699
159632.SZ,20221011,0.911,0.91,0.915,0.91,0.913,0.002,0.2195,190247.0,17360.731
159632.SZ,20221012,0.913,0.909,0.916,0.902,0.913,0.0,0.0,202337.06,18374.761
159632.SZ,20221013,0.913,0.908,0.908,0.904,0.904,-0.009,-0.9858,83085.11,7518.274
159632.SZ,20221014,0.904,0.922,0.93,0.918,0.929,0.025,2.7655,334734.32,30973.826
159632.SZ,20221017,0.929,0.904,0.908,0.9,0.907,-0.022,-2.3681,250795.0,22657.338
159632.SZ,20221018,0.907,0.931,0.946,0.931,0.945,0.038,4.1896,272780.11,25642.081
159632.SZ,20221019,0.945,0.948,0.951,0.943,0.943,-0.002,-0.2116,191618.03,18152.597
159632.SZ,20221020,0.943,0.935,0.94,0.923,0.931,-0.012,-1.2725,259093.0,24151.965
159632.SZ,20221021,0.931,0.928,0.931,0.925,0.929,-0.002,-0.2148,86846.0,8059.623
159632.SZ,20221024,0.929,0.953,0.965,0.953,0.958,0.029,3.1216,195790.18,18808.768
159632.SZ,20221025,0.958,0.978,0.978,0.969,0.977,0.019,1.9833,82810.3,8073.723
159632.SZ,20221026,0.977,0.983,0.983,0.965,0.967,-0.01,-1.0235,120824.68,11746.759
159632.SZ,20221027,0.967,0.964,0.966,0.957,0.961,-0.006,-0.6205,79355.0,7625.618
159632.SZ,20221028,0.961,0.949,0.949,0.927,0.93,-0.031,-3.2258,107941.12,10094.856
159632.SZ,20221031,0.93,0.966,0.977,0.963,0.977,0.047,5.0538,110656.17,10744.011
159632.SZ,20221101,0.977,0.975,0.977,0.963,0.976,-0.001,-0.1024,101936.0,9934.24
159632.SZ,20221102,0.976,0.962,0.968,0.959,0.966,-0.01,-1.0246,178649.13,17192.47
159632.SZ,20221103,0.966,0.933,0.936,0.931,0.936,-0.03,-3.1056,218145.03,20357.359
159632.SZ,20221104,0.936,0.921,0.921,0.912,0.916,-0.02,-2.1368,2090533.0,191451.045
159632.SZ,20221107,0.916,0.912,0.914,0.909,0.913,-0.003,-0.3275,1200389.0,109449.826
159632.SZ,20221108,0.913,0.921,0.923,0.918,0.922,0.009,0.9858,1144154.0,105350.958
159632.SZ,20221109,0.922,0.925,0.934,0.925,0.931,0.009,0.9761,854412.0,79526.023
159632.SZ,20221110,0.931,0.913,0.914,0.912,0.914,-0.017,-1.826,393462.0,35940.371
159632.SZ,20221111,0.914,0.971,0.972,0.962,0.965,0.051,5.5799,954076.01,92165.723
159632.SZ,20221114,0.965,0.968,0.97,0.959,0.96,-0.005,-0.5181,615773.03,59317.637
159632.SZ,20221115,0.96,0.958,0.965,0.958,0.965,0.005,0.5208,546900.2,52612.782
159632.SZ,20221116,0.965,0.965,0.978,0.965,0.976,0.011,1.1399,832455.0,80817.224
159632.SZ,20221117,0.976,0.966,0.975,0.965,0.975,-0.001,-0.1025,382164.0,37088.127
159632.SZ,20221118,0.975,0.972,0.973,0.966,0.968,-0.007,-0.7179,273505.0,26500.41
159632.SZ,20221121,0.968,0.963,0.969,0.963,0.967,-0.001,-0.1033,152076.0,14705.887
159632.SZ,20221122,0.967,0.966,0.966,0.959,0.96,-0.007,-0.7239,202324.0,19465.007
159632.SZ,20221123,0.96,0.97,0.973,0.969,0.973,0.013,1.3542,203239.0,19733.433
159632.SZ,20221124,0.973,0.984,0.987,0.983,0.983,0.01,1.0277,145861.0,14354.361
159632.SZ,20221125,0.983,0.986,0.99,0.986,0.99,0.007,0.7121,192478.17,19004.004
159632.SZ,20221128,0.99,0.98,0.98,0.975,0.977,-0.013,-1.3131,175059.0,17111.97
159632.SZ,20221129,0.977,0.969,0.974,0.969,0.974,-0.003,-0.3071,243904.0,23698.585
159632.SZ,20221130,0.974,0.968,0.968,0.958,0.96,-0.014,-1.4374,550989.0,52905.635
159632.SZ,20221201,0.96,0.987,0.991,0.985,0.991,0.031,3.2292,579520.0,57253.481
159632.SZ,20221202,0.991,0.985,0.985,0.892,0.984,-0.007,-0.7064,198593.02,19513.395
159632.SZ,20221205,0.984,0.978,0.978,0.967,0.97,-0.014,-1.4228,512452.02,49740.773
159632.SZ,20221206,0.97,0.955,0.958,0.953,0.958,-0.012,-1.2371,342835.02,32761.461
159632.SZ,20221207,0.958,0.939,0.942,0.938,0.94,-0.018,-1.8789,664480.0,62452.838
159632.SZ,20221208,0.94,0.932,0.935,0.929,0.934,-0.006,-0.6383,939095.0,87506.309
159632.SZ,20221209,0.934,0.942,0.944,0.938,0.944,0.01,1.0707,605031.0,56920.021
159632.SZ,20221212,0.944,0.933,0.941,0.933,0.938,-0.006,-0.6356,958460.06,89850.746
159632.SZ,20221213,0.938,0.947,0.953,0.945,0.953,0.015,1.5991,978506.0,93046.689
159632.SZ,20221214,0.953,0.959,0.965,0.958,0.963,0.01,1.0493,722362.32,69487.816
159632.SZ,20221215,0.963,0.952,0.953,0.948,0.95,-0.013,-1.3499,1287568.0,122448.496
159632.SZ,20221216,0.95,0.92,0.925,0.919,0.923,-0.027,-2.8421,2337334.05,215774.521
159632.SZ,20221219,0.923,0.916,0.919,0.914,0.915,-0.008,-0.8667,3625250.08,332379.346
159632.SZ,20221220,0.915,0.906,0.906,0.889,0.893,-0.022,-2.4044,4145730.0,371501.88
159632.SZ,20221221,0.893,0.9,0.906,0.9,0.902,0.009,1.0078,3876826.0,350260.384
159632.SZ,20221222,0.902,0.912,0.917,0.911,0.912,0.01,1.1086,2821271.09,258048.941
159632.SZ,20221223,0.912,0.89,0.894,0.889,0.892,-0.02,-2.193,4045245.0,360890.869
159632.SZ,20221226,0.892,0.894,0.894,0.89,0.893,0.001,0.1121,509625.01,45470.308
159632.SZ,20221227,0.893,0.898,0.899,0.896,0.896,0.003,0.3359,4308662.01,386728.899
159632.SZ,20221228,0.896,0.877,0.88,0.876,0.879,-0.017,-1.8973,5909462.0,519358.281
159632.SZ,20221229,0.879,0.871,0.871,0.868,0.869,-0.01,-1.1377,6204408.0,539281.482
159632.SZ,20221230,0.869,0.884,0.888,0.878,0.878,0.009,1.0357,7179028.0,634844.366
159632.SZ,20230103,0.878,0.876,0.878,0.873,0.877,-0.001,-0.1139,2443975.02,214092.719
159632.SZ,20230104,0.877,0.872,0.874,0.87,0.872,-0.005,-0.5701,3058078.0,266698.978
159632.SZ,20230105,0.872,0.873,0.873,0.868,0.869,-0.003,-0.344,3873168.0,336919.703
159632.SZ,20230106,0.869,0.858,0.862,0.857,0.858,-0.011,-1.2658,4036951.0,346899.157
159632.SZ,20230109,0.858,0.873,0.874,0.871,0.872,0.014,1.6317,4543673.0,396448.073
159632.SZ,20230110,0.872,0.871,0.873,0.868,0.871,-0.001,-0.1147,2674794.98,232836.601
159632.SZ,20230111,0.871,0.88,0.883,0.878,0.879,0.008,0.9185,3310951.0,291455.418
159632.SZ,20230112,0.879,0.891,0.896,0.891,0.895,0.016,1.8203,4699065.95,420233.553
159632.SZ,20230113,0.895,0.892,0.894,0.89,0.893,-0.002,-0.2235,3272640.0,291710.433
159632.SZ,20230116,0.893,0.896,0.897,0.895,0.896,0.003,0.3359,2149469.01,192588.532
159632.SZ,20230117,0.896,0.897,0.901,0.896,0.9,0.004,0.4464,2099564.0,188720.607
159632.SZ,20230118,0.9,0.903,0.912,0.902,0.91,0.01,1.1111,2288989.0,207589.228
159632.SZ,20230119,0.91,0.897,0.897,0.893,0.895,-0.015,-1.6484,1983649.0,177563.865
159632.SZ,20230120,0.895,0.89,0.895,0.889,0.895,0.0,0.0,2923961.01,260855.349
159632.SZ,20230130,0.895,0.946,0.949,0.944,0.945,0.05,5.5866,4385789.18,415061.052
159632.SZ,20230131,0.945,0.932,0.935,0.929,0.929,-0.016,-1.6931,1893823.0,176448.915
159632.SZ,20230201,0.929,0.941,0.944,0.94,0.944,0.015,1.6146,1628585.0,153504.58
159632.SZ,20230202,0.944,0.967,0.971,0.967,0.971,0.027,2.8602,1974739.03,191397.574
159632.SZ,20230203,0.971,0.984,0.986,0.981,0.983,0.012,1.2358,2944653.37,289619.919
159632.SZ,20230206,0.983,0.985,0.987,0.979,0.979,-0.004,-0.4069,3067881.6,301564.71
159632.SZ,20230207,0.979,0.981,0.982,0.979,0.98,0.001,0.1021,1455176.04,142564.806
159632.SZ,20230208,0.98,0.996,1.0,0.995,1.0,0.02,2.0408,1643374.94,163982.632
159632.SZ,20230209,1.0,0.985,0.988,0.984,0.988,-0.012,-1.2,1766939.0,174192.777
159632.SZ,20230210,0.988,0.976,0.977,0.97,0.973,-0.015,-1.5182,2238021.0,217663.04
159632.SZ,20230213,0.973,0.966,0.971,0.965,0.971,-0.002,-0.2055,1197954.0,116026.423
159632.SZ,20230214,0.971,0.984,0.986,0.982,0.985,0.014,1.4418,1678113.76,165047.008
159632.SZ,20230215,0.985,0.99,0.991,0.987,0.988,0.003,0.3046,2009184.03,198695.037
159632.SZ,20230216,0.988,1.007,1.01,1.006,1.008,0.02,2.0243,1586012.28,159890.572
159632.SZ,20230217,1.008,0.987,0.988,0.981,0.982,-0.026,-2.5794,1985864.51,195422.098
159632.SZ,20230220,0.982,0.981,0.982,0.979,0.981,-0.001,-0.1018,2025550.02,198552.373
159632.SZ,20230221,0.981,0.977,0.979,0.976,0.978,-0.003,-0.3058,3082493.18,301364.269
159632.SZ,20230222,0.978,0.961,0.966,0.961,0.964,-0.014,-1.4315,1947601.32,187582.228
159632.SZ,20230223,0.964,0.968,0.971,0.968,0.971,0.007,0.7261,950994.02,92230.078
159632.SZ,20230224,0.971,0.973,0.976,0.972,0.974,0.003,0.309,1522129.0,148263.536
159632.SZ,20230227,0.974,0.967,0.97,0.967,0.968,-0.006,-0.616,1133182.0,109714.418
159632.SZ,20230228,0.968,0.973,0.974,0.969,0.97,0.002,0.2066,1028524.97,99912.189
159632.SZ,20230301,0.97,0.964,0.966,0.962,0.966,-0.004,-0.4124,1823325.0,175857.436
159632.SZ,20230302,0.966,0.957,0.957,0.946,0.949,-0.017,-1.7598,3478591.0,330247.542
159632.SZ,20230303,0.949,0.959,0.961,0.957,0.961,0.012,1.2645,1858091.91,178274.088
159632.SZ,20230306,0.961,0.98,0.988,0.98,0.986,0.025,2.6015,1764501.94,173577.382
159632.SZ,20230307,0.986,0.988,0.992,0.988,0.989,0.003,0.3043,1433837.34,141952.223
159632.SZ,20230308,0.989,0.981,0.982,0.977,0.978,-0.011,-1.1122,2285886.01,223980.763
159632.SZ,20230309,0.978,0.98,0.985,0.979,0.984,0.006,0.6135,876398.08,86087.337
159632.SZ,20230310,0.984,0.964,0.965,0.96,0.962,-0.022,-2.2358,1385470.16,133358.851
159632.SZ,20230313,0.962,0.957,0.964,0.956,0.964,0.002,0.2079,3425865.84,328653.728
159632.SZ,20230314,0.964,0.954,0.954,0.947,0.95,-0.014,-1.4523,2755771.0,262076.932
159632.SZ,20230315,0.95,0.97,0.974,0.97,0.974,0.024,2.5263,1751958.0,170190.083
159632.SZ,20230316,0.974,0.98,0.983,0.978,0.98,0.006,0.616,2040043.0,200076.613
159632.SZ,20230317,0.98,1.002,1.004,1.0,1.002,0.022,2.2449,1249608.0,125177.439
159632.SZ,20230320,1.002,1.0,1.001,0.99,0.992,-0.01,-0.998,1500424.21,149752.607
159632.SZ,20230321,0.992,0.999,1.001,0.998,1.001,0.009,0.9073,806706.06,80678.157
159632.SZ,20230322,1.001,1.013,1.016,1.013,1.016,0.015,1.4985,881473.3,89398.202
159632.SZ,20230323,1.016,1.0,1.002,0.998,1.002,-0.014,-1.378,1951811.0,195157.054
159632.SZ,20230324,1.002,1.005,1.011,1.004,1.011,0.009,0.8982,1439367.0,145011.928
159632.SZ,20230327,1.011,1.017,1.022,1.017,1.021,0.01,0.9891,1276971.59,130120.221
159632.SZ,20230328,1.021,1.012,1.012,1.008,1.01,-0.011,-1.0774,1475384.0,148933.676
159632.SZ,20230329,1.01,1.007,1.013,1.006,1.013,0.003,0.297,871113.09,87935.337
159632.SZ,20230330,1.013,1.022,1.025,1.022,1.024,0.011,1.0859,1131289.17,115745.332
159632.SZ,20230331,1.024,1.034,1.034,1.029,1.029,0.005,0.4883,1026365.03,105839.412
159632.SZ,20230403,1.029,1.042,1.045,1.041,1.043,0.014,1.3605,1516090.19,158068.753
159632.SZ,20230404,1.043,1.044,1.046,1.042,1.046,0.003,0.2876,1325923.03,138436.483
159632.SZ,20230406,1.046,1.028,1.029,1.026,1.028,-0.018,-1.7208,2251001.0,231428.648
159632.SZ,20230407,1.028,1.037,1.04,1.036,1.039,0.011,1.07,770668.08,79998.249
159632.SZ,20230410,1.039,1.038,1.038,1.034,1.034,-0.005,-0.4812,725380.0,75206.215
159632.SZ,20230411,1.034,1.039,1.04,1.038,1.039,0.005,0.4836,917687.05,95362.101
159632.SZ,20230412,1.039,1.034,1.034,1.031,1.031,-0.008,-0.77,631839.26,65227.166
159632.SZ,20230413,1.031,1.021,1.027,1.02,1.026,-0.005,-0.485,905088.02,92578.441
159632.SZ,20230414,1.026,1.041,1.041,1.034,1.035,0.009,0.8772,2296252.04,237932.843
159632.SZ,20230417,1.035,1.039,1.041,1.038,1.04,0.005,0.4831,1979917.0,205778.887
159632.SZ,20230418,1.04,1.039,1.041,1.037,1.04,0.0,0.0,963833.05,100146.5
159632.SZ,20230419,1.04,1.039,1.04,1.037,1.037,-0.003,-0.2885,882324.0,91656.316
159632.SZ,20230420,1.037,1.038,1.04,1.036,1.037,0.0,0.0,1261811.16,131067.763
159632.SZ,20230421,1.037,1.034,1.035,1.032,1.034,-0.003,-0.2893,718940.0,74323.172
159632.SZ,20230424,1.034,1.032,1.035,1.03,1.031,-0.003,-0.2901,797103.19,82325.704
159632.SZ,20230425,1.031,1.032,1.033,1.03,1.033,0.002,0.194,613996.17,63324.386
159632.SZ,20230426,1.033,1.033,1.033,1.03,1.03,-0.003,-0.2904,993554.31,102489.825
159632.SZ,20230427,1.03,1.03,1.032,1.029,1.031,0.001,0.0971,740881.0,76345.645
159632.SZ,20230428,1.031,1.05,1.051,1.047,1.05,0.019,1.8429,1333525.0,139935.217
159632.SZ,20230504,1.05,1.041,1.045,1.04,1.044,-0.006,-0.5714,1217458.0,126861.304
159632.SZ,20230505,1.044,1.041,1.043,1.04,1.042,-0.002,-0.1916,823739.03,85782.604
159632.SZ,20230508,1.042,1.059,1.059,1.057,1.059,0.017,1.6315,724947.0,76714.899
159632.SZ,20230509,1.059,1.06,1.062,1.059,1.06,0.001,0.0944,518801.12,55039.81
159632.SZ,20230510,1.06,1.056,1.058,1.056,1.058,-0.002,-0.1887,811771.0,85808.409
159632.SZ,20230511,1.058,1.07,1.074,1.069,1.071,0.013,1.2287,908782.0,97406.168
159632.SZ,20230512,1.071,1.078,1.079,1.076,1.077,0.006,0.5602,539025.11,58077.684
159632.SZ,20230515,1.077,1.071,1.076,1.07,1.075,-0.002,-0.1857,694501.38,74540.21
159632.SZ,20230516,1.075,1.078,1.079,1.077,1.078,0.003,0.2791,433856.98,46778.219
159632.SZ,20230517,1.078,1.086,1.089,1.086,1.087,0.009,0.8349,744348.0,80932.409
159632.SZ,20230518,1.087,1.1,1.103,1.099,1.102,0.015,1.3799,943096.49,103788.527
159632.SZ,20230519,1.102,1.129,1.134,1.126,1.127,0.025,2.2686,1325389.48,149811.125
159632.SZ,20230522,1.127,1.122,1.124,1.12,1.122,-0.005,-0.4437,1298589.01,145656.51
159632.SZ,20230523,1.122,1.131,1.136,1.13,1.131,0.009,0.8021,1197685.1,135683.853
159632.SZ,20230524,1.131,1.119,1.12,1.113,1.116,-0.015,-1.3263,810551.1,90550.626
159632.SZ,20230525,1.116,1.127,1.132,1.125,1.132,0.016,1.4337,1255080.09,141481.791
159632.SZ,20230526,1.132,1.14,1.14,1.135,1.137,0.005,0.4417,1138780.0,129483.258
159632.SZ,20230529,1.137,1.174,1.177,1.172,1.177,0.04,3.518,1310921.11,153885.886
159632.SZ,20230530,1.177,1.174,1.182,1.172,1.181,0.004,0.3398,1881861.64,221641.071
159632.SZ,20230531,1.181,1.179,1.182,1.173,1.173,-0.008,-0.6774,1108222.99,130514.051
159632.SZ,20230601,1.173,1.171,1.174,1.168,1.174,0.001,0.0853,1182575.0,138406.358
159632.SZ,20230602,1.174,1.186,1.188,1.184,1.188,0.014,1.1925,1080990.01,128222.261
159632.SZ,20230605,1.188,1.192,1.195,1.19,1.195,0.007,0.5892,981183.03,116979.057
159632.SZ,20230606,1.195,1.197,1.198,1.195,1.196,0.001,0.0837,1313030.99,157142.777
159632.SZ,20230607,1.196,1.197,1.199,1.196,1.199,0.003,0.2508,1285186.08,153919.382
159632.SZ,20230608,1.199,1.181,1.182,1.174,1.176,-0.023,-1.9183,1797274.0,211761.618
159632.SZ,20230609,1.176,1.191,1.193,1.19,1.193,0.017,1.4456,1434236.14,170875.343
159632.SZ,20230612,1.193,1.201,1.206,1.201,1.206,0.013,1.0897,1127924.01,135777.487
159632.SZ,20230613,1.206,1.225,1.234,1.225,1.234,0.028,2.3217,2040238.0,250751.053
159632.SZ,20230614,1.234,1.239,1.24,1.235,1.237,0.003,0.2431,2125692.0,262853.489
159632.SZ,20230615,1.237,1.245,1.246,1.24,1.241,0.004,0.3234,1946332.0,242139.02
159632.SZ,20230616,1.241,1.249,1.253,1.248,1.251,0.01,0.8058,2428317.0,303781.396
159632.SZ,20230619,1.251,1.247,1.25,1.246,1.249,-0.002,-0.1599,1297038.0,161848.432
159632.SZ,20230620,1.249,1.25,1.251,1.247,1.249,0.0,0.0,1313943.0,164138.463
159632.SZ,20230621,1.249,1.253,1.256,1.252,1.253,0.004,0.3203,1481393.0,185750.004
159632.SZ,20230626,1.253,1.243,1.246,1.243,1.246,-0.007,-0.5587,1161232.09,144461.078
159632.SZ,20230627,1.246,1.23,1.23,1.225,1.229,-0.017,-1.3644,1316129.98,161568.658
159632.SZ,20230628,1.229,1.242,1.245,1.241,1.244,0.015,1.2205,1644483.14,204414.641
159632.SZ,20230629,1.244,1.254,1.257,1.253,1.256,0.012,0.9646,1143125.14,143546.258
159632.SZ,20230630,1.256,1.258,1.258,1.254,1.255,-0.001,-0.0796,1260662.0,158414.485
159632.SZ,20230703,1.255,1.273,1.276,1.27,1.276,0.021,1.6733,1591122.0,202665.922
159632.SZ,20230704,1.276,1.272,1.275,1.268,1.269,-0.007,-0.5486,1064211.0,135346.491
159632.SZ,20230705,1.269,1.269,1.273,1.268,1.269,0.0,0.0,877917.0,111584.486
159632.SZ,20230706,1.269,1.273,1.275,1.267,1.268,-0.001,-0.0788,956172.0,121562.793
159632.SZ,20230707,1.268,1.262,1.264,1.26,1.262,-0.006,-0.4732,846539.11,106814.377
159632.SZ,20230710,1.262,1.253,1.254,1.25,1.25,-0.012,-0.9509,737044.0,92273.94
159632.SZ,20230711,1.25,1.255,1.257,1.251,1.255,0.005,0.4,1167260.0,146432.362
159632.SZ,20230712,1.255,1.258,1.258,1.256,1.258,0.003,0.239,804244.0,101093.155
159632.SZ,20230713,1.258,1.27,1.276,1.27,1.275,0.017,1.3514,1732919.0,220712.846
159632.SZ,20230714,1.275,1.288,1.288,1.282,1.282,0.007,0.549,2060738.04,264958.497
159632.SZ,20230717,1.282,1.284,1.293,1.284,1.293,0.011,0.858,1238737.0,159524.689
159632.SZ,20230718,1.293,1.301,1.304,1.299,1.304,0.011,0.8507,2816805.0,366690.389
159632.SZ,20230719,1.304,1.317,1.329,1.317,1.326,0.022,1.6871,3632091.0,480429.822
159632.SZ,20230720,1.326,1.315,1.316,1.309,1.31,-0.016,-1.2066,1751423.0,229952.716
159632.SZ,20230721,1.31,1.282,1.289,1.28,1.286,-0.024,-1.8321,3254524.0,418200.876
159632.SZ,20230724,1.286,1.282,1.288,1.281,1.287,0.001,0.0778,2643486.0,339834.141
159632.SZ,20230725,1.287,1.283,1.285,1.279,1.284,-0.003,-0.2331,2833630.03,363213.206
159632.SZ,20230726,1.284,1.288,1.29,1.287,1.289,0.005,0.3894,1413210.0,182093.394
159632.SZ,20230727,1.289,1.288,1.301,1.288,1.301,0.012,0.931,2738823.0,354074.354
159632.SZ,20230728,1.301,1.292,1.296,1.289,1.292,-0.009,-0.6918,2522033.0,325872.591
159632.SZ,20230731,1.292,1.305,1.31,1.302,1.308,0.016,1.2384,2183541.0,285199.438
159632.SZ,20230801,1.308,1.31,1.313,1.309,1.309,0.001,0.0765,1416025.0,185661.691
159632.SZ,20230802,1.309,1.304,1.305,1.29,1.29,-0.019,-1.4515,2979459.0,386563.955
159632.SZ,20230803,1.29,1.275,1.279,1.273,1.273,-0.017,-1.3178,2227722.03,284376.827
159632.SZ,20230804,1.273,1.278,1.284,1.274,1.283,0.01,0.7855,1754203.0,224531.847
159632.SZ,20230807,1.283,1.275,1.275,1.272,1.273,-0.01,-0.7794,1858913.0,236707.464
159632.SZ,20230808,1.273,1.277,1.28,1.275,1.275,0.002,0.1571,1282558.12,163857.529
159632.SZ,20230809,1.275,1.273,1.274,1.271,1.274,-0.001,-0.0784,1361414.12,173229.235
159632.SZ,20230810,1.274,1.26,1.263,1.257,1.262,-0.012,-0.9419,1421540.0,179029.8
159632.SZ,20230811,1.262,1.264,1.266,1.26,1.265,0.003,0.2377,1997857.0,252343.753
159632.SZ,20230814,1.265,1.257,1.258,1.252,1.258,-0.007,-0.5534,2524695.01,316767.107
159632.SZ,20230815,1.258,1.277,1.282,1.276,1.279,0.021,1.6693,2796695.26,358023.083
159632.SZ,20230816,1.279,1.268,1.269,1.266,1.268,-0.011,-0.86,831100.26,105313.531
159632.SZ,20230817,1.268,1.252,1.256,1.25,1.255,-0.013,-1.0252,1973369.0,247201.073
159632.SZ,20230818,1.255,1.234,1.236,1.231,1.235,-0.02,-1.5936,2587716.08,319158.345
159632.SZ,20230821,1.235,1.237,1.241,1.236,1.239,0.004,0.3239,1802436.0,223247.528
159632.SZ,20230822,1.239,1.252,1.281,1.25,1.258,0.019,1.5335,3442864.0,432791.999
159632.SZ,20230823,1.258,1.258,1.266,1.258,1.262,0.004,0.318,1113418.03,140573.326
159632.SZ,20230824,1.262,1.288,1.299,1.287,1.293,0.031,2.4564,4508399.06,582563.511
159632.SZ,20230825,1.293,1.249,1.25,1.241,1.241,-0.052,-4.0217,2381109.0,296875.665
159632.SZ,20230828,1.241,1.255,1.262,1.254,1.262,0.021,1.6922,1364243.07,171589.694
159632.SZ,20230829,1.262,1.271,1.272,1.268,1.268,0.006,0.4754,1398074.0,177494.337
159632.SZ,20230830,1.268,1.297,1.299,1.294,1.295,0.027,2.1293,1781442.0,231078.778
159632.SZ,20230831,1.295,1.302,1.308,1.3,1.301,0.006,0.4633,2405544.1,313537.151
159632.SZ,20230901,1.301,1.3,1.302,1.297,1.299,-0.002,-0.1537,811346.05,105474.073
159632.SZ,20230904,1.299,1.3,1.303,1.299,1.303,0.004,0.3079,884698.97,115104.338
159632.SZ,20230905,1.303,1.301,1.304,1.301,1.303,0.0,0.0,462724.04,60286.587
159632.SZ,20230906,1.303,1.309,1.31,1.306,1.308,0.005,0.3837,831902.02,108830.706
159632.SZ,20230907,1.308,1.299,1.3,1.295,1.295,-0.013,-0.9939,630104.25,81755.553
159632.SZ,20230908,1.295,1.292,1.3,1.292,1.299,0.004,0.3089,1974551.0,255781.34
159632.SZ,20230911,1.299,1.296,1.297,1.29,1.292,-0.007,-0.5389,1228264.0,158899.808
159632.SZ,20230912,1.292,1.301,1.304,1.298,1.304,0.012,0.9288,937060.0,121894.812
159632.SZ,20230913,1.304,1.289,1.29,1.285,1.289,-0.015,-1.1503,1889028.0,243346.868
159632.SZ,20230914,1.289,1.294,1.298,1.294,1.297,0.008,0.6206,1433636.0,185885.535
159632.SZ,20230915,1.297,1.306,1.306,1.301,1.304,0.007,0.5397,1331971.0,173617.894
159632.SZ,20230918,1.304,1.282,1.285,1.281,1.284,-0.02,-1.5337,768100.0,98560.051
159632.SZ,20230919,1.284,1.286,1.286,1.282,1.283,-0.001,-0.0779,637742.01,81902.023
159632.SZ,20230920,1.283,1.279,1.283,1.279,1.282,-0.001,-0.0779,627194.15,80313.095
159632.SZ,20230921,1.282,1.259,1.26,1.256,1.258,-0.024,-1.8721,2467762.15,310347.439
159632.SZ,20230922,1.258,1.237,1.245,1.237,1.245,-0.013,-1.0334,2337445.1,290044.424
159632.SZ,20230925,1.245,1.241,1.248,1.241,1.247,0.002,0.1606,856210.0,106617.301
159632.SZ,20230926,1.247,1.244,1.245,1.237,1.237,-0.01,-0.8019,2924553.0,363322.708
159632.SZ,20230927,1.237,1.229,1.234,1.228,1.234,-0.003,-0.2425,879556.38,108245.739
159632.SZ,20230928,1.234,1.239,1.24,1.231,1.236,0.002,0.1621,1401627.0,172974.588
159632.SZ,20231009,1.236,1.255,1.289,1.25,1.252,0.016,1.2945,2421641.21,304152.066
159632.SZ,20231010,1.252,1.268,1.269,1.265,1.268,0.016,1.278,2409232.0,305289.075
159632.SZ,20231011,1.268,1.274,1.284,1.274,1.28,0.012,0.9464,1702857.0,217632.299
159632.SZ,20231012,1.28,1.29,1.291,1.287,1.288,0.008,0.625,1960467.5,252611.256
159632.SZ,20231013,1.288,1.28,1.283,1.278,1.28,-0.008,-0.6211,1402027.0,179437.782
159632.SZ,20231016,1.28,1.268,1.27,1.266,1.269,-0.011,-0.8594,999071.0,126590.226
159632.SZ,20231017,1.269,1.28,1.28,1.277,1.277,0.008,0.6304,578513.0,73937.641
159632.SZ,20231018,1.277,1.272,1.273,1.27,1.27,-0.007,-0.5482,715285.0,90937.04
159632.SZ,20231019,1.27,1.258,1.259,1.253,1.255,-0.015,-1.1811,1321280.0,165903.842
159632.SZ,20231020,1.255,1.242,1.243,1.239,1.24,-0.015,-1.1952,1894231.0,234956.427
159632.SZ,20231023,1.24,1.228,1.232,1.227,1.229,-0.011,-0.8871,1587135.0,195150.586
159632.SZ,20231024,1.229,1.231,1.239,1.23,1.239,0.01,0.8137,868105.0,107078.216
159632.SZ,20231025,1.239,1.24,1.24,1.235,1.236,-0.003,-0.2421,811048.0,100415.317
159632.SZ,20231026,1.236,1.202,1.202,1.198,1.2,-0.036,-2.9126,2095143.0,251204.995
159632.SZ,20231027,1.2,1.196,1.203,1.196,1.201,0.001,0.0833,1820346.0,218541.414
159632.SZ,20231030,1.201,1.201,1.205,1.201,1.204,0.003,0.2498,761973.0,91625.901
159632.SZ,20231031,1.204,1.206,1.208,1.201,1.204,0.0,0.0,913575.08,110002.065
159632.SZ,20231101,1.204,1.212,1.219,1.212,1.219,0.015,1.2458,1596486.0,194231.97
159632.SZ,20231102,1.219,1.242,1.247,1.241,1.243,0.024,1.9688,1949429.0,242551.338
159632.SZ,20231103,1.243,1.256,1.257,1.254,1.254,0.011,0.885,1132417.0,142103.748
159632.SZ,20231106,1.254,1.267,1.269,1.266,1.269,0.015,1.1962,782798.0,99240.831
159632.SZ,20231107,1.269,1.269,1.271,1.268,1.268,-0.001,-0.0788,648350.0,82299.243
159632.SZ,20231108,1.268,1.281,1.283,1.28,1.281,0.013,1.0252,634773.0,81312.974
159632.SZ,20231109,1.281,1.282,1.288,1.282,1.287,0.006,0.4684,928436.0,119263.267
159632.SZ,20231110,1.287,1.276,1.276,1.273,1.274,-0.013,-1.0101,893696.0,113876.373
159632.SZ,20231113,1.274,1.301,1.303,1.298,1.301,0.027,2.1193,1276614.03,165906.617
159632.SZ,20231114,1.301,1.301,1.307,1.3,1.305,0.004,0.3075,1264885.0,164974.105
159632.SZ,20231115,1.305,1.33,1.33,1.325,1.325,0.02,1.5326,972560.0,129041.781
159632.SZ,20231116,1.325,1.322,1.323,1.319,1.322,-0.003,-0.2264,718740.35,94937.025
159632.SZ,20231117,1.322,1.325,1.325,1.322,1.323,0.001,0.0756,493472.99,65308.38
159632.SZ,20231120,1.323,1.315,1.315,1.305,1.306,-0.017,-1.285,1486371.0,194638.109
159632.SZ,20231121,1.306,1.321,1.323,1.32,1.32,0.014,1.072,555965.0,73470.454
159632.SZ,20231122,1.32,1.309,1.312,1.309,1.311,-0.009,-0.6818,525939.8,68928.125
159632.SZ,20231123,1.311,1.32,1.322,1.318,1.319,0.008,0.6102,498797.0,65827.315
159632.SZ,20231124,1.319,1.319,1.322,1.319,1.32,0.001,0.0758,310876.0,41053.72
159632.SZ,20231127,1.32,1.314,1.315,1.311,1.313,-0.007,-0.5303,330422.0,43368.479
159632.SZ,20231128,1.313,1.317,1.318,1.316,1.318,0.005,0.3808,285657.0,37617.1
159632.SZ,20231129,1.318,1.317,1.319,1.315,1.319,0.001,0.0759,537097.0,70753.591
159632.SZ,20231130,1.319,1.319,1.319,1.316,1.318,-0.001,-0.0758,411083.0,54173.079
159632.SZ,20231201,1.318,1.31,1.312,1.31,1.311,-0.007,-0.5311,744095.0,97561.512
159632.SZ,20231204,1.311,1.312,1.314,1.311,1.313,0.002,0.1526,470448.02,61724.047
159632.SZ,20231205,1.313,1.304,1.304,1.299,1.299,-0.014,-1.0663,1080632.0,140638.617
159632.SZ,20231206,1.299,1.316,1.318,1.315,1.318,0.019,1.4627,800150.01,105324.017
159632.SZ,20231207,1.318,1.305,1.305,1.302,1.302,-0.016,-1.214,404833.0,52771.401
159632.SZ,20231208,1.302,1.32,1.323,1.319,1.322,0.02,1.5361,543595.0,71807.012
159632.SZ,20231211,1.322,1.33,1.332,1.329,1.331,0.009,0.6808,450986.0,59993.621
159632.SZ,20231212,1.331,1.345,1.348,1.344,1.346,0.015,1.127,566355.7,76241.288
159632.SZ,20231213,1.346,1.359,1.36,1.358,1.36,0.014,1.0401,656416.0,89204.971
159632.SZ,20231214,1.36,1.372,1.375,1.37,1.374,0.014,1.0294,1333437.0,183099.234
159632.SZ,20231215,1.374,1.363,1.363,1.36,1.36,-0.014,-1.0189,1368212.0,186276.566
159632.SZ,20231218,1.36,1.369,1.374,1.368,1.374,0.014,1.0294,978957.0,134182.696
159632.SZ,20231219,1.374,1.38,1.383,1.379,1.383,0.009,0.655,1314378.0,181508.133
159632.SZ,20231220,1.383,1.389,1.39,1.387,1.389,0.006,0.4338,676978.0,93998.148
159632.SZ,20231221,1.389,1.37,1.375,1.368,1.374,-0.015,-1.0799,1374997.02,188502.892
159632.SZ,20231222,1.374,1.384,1.384,1.378,1.379,0.005,0.3639,958067.0,132259.402
159632.SZ,20231225,1.379,1.383,1.383,1.38,1.382,0.003,0.2175,510153.0,70479.64
159632.SZ,20231226,1.382,1.383,1.392,1.383,1.392,0.01,0.7236,514495.0,71483.529
159632.SZ,20231227,1.392,1.397,1.4,1.393,1.399,0.007,0.5029,1470250.0,205447.513
159632.SZ,20231228,1.399,1.399,1.399,1.39,1.392,-0.007,-0.5004,886630.0,123665.047
159632.SZ,20231229,1.392,1.389,1.39,1.383,1.388,-0.004,-0.2874,863799.0,119745.822
159632.SZ,20240102,1.388,1.382,1.386,1.382,1.384,-0.004,-0.2882,457957.98,63408.911
159632.SZ,20240103,1.384,1.362,1.365,1.362,1.363,-0.021,-1.5173,1267184.31,172763.211
159632.SZ,20240104,1.363,1.352,1.356,1.352,1.356,-0.007,-0.5136,852634.84,115381.604
159632.SZ,20240105,1.356,1.349,1.351,1.345,1.345,-0.011,-0.8112,948902.0,127945.531
159632.SZ,20240108,1.345,1.349,1.35,1.346,1.346,0.001,0.0743,621905.0,83845.651
159632.SZ,20240109,1.346,1.375,1.381,1.375,1.38,0.034,2.526,2233959.53,307794.191
159632.SZ,20240110,1.38,1.384,1.385,1.382,1.382,0.002,0.1449,803401.0,111171.8
159632.SZ,20240111,1.382,1.395,1.398,1.394,1.396,0.014,1.013,1822581.82,254489.296
159632.SZ,20240112,1.396,1.391,1.394,1.388,1.392,-0.004,-0.2865,1495172.0,207987.601
159632.SZ,20240115,1.392,1.395,1.403,1.394,1.401,0.009,0.6466,1303417.0,182260.74
159632.SZ,20240116,1.401,1.393,1.394,1.385,1.388,-0.013,-0.9279,1996649.0,277415.791
159632.SZ,20240117,1.388,1.398,1.398,1.386,1.388,0.0,0.0,1123929.0,156602.272
159632.SZ,20240118,1.388,1.389,1.393,1.387,1.392,0.004,0.2882,992928.16,138069.52
159632.SZ,20240119,1.392,1.415,1.419,1.414,1.419,0.027,1.9397,2193333.0,310873.83
159632.SZ,20240122,1.419,1.451,1.455,1.448,1.449,0.03,2.1142,4893490.36,709763.674
159632.SZ,20240123,1.449,1.442,1.442,1.435,1.436,-0.013,-0.8972,2700815.36,388513.75
159632.SZ,20240124,1.436,1.445,1.485,1.445,1.454,0.018,1.2535,4209890.0,612366.149
159632.SZ,20240125,1.454,1.454,1.454,1.447,1.448,-0.006,-0.4127,1961012.15,284303.144
159632.SZ,20240126,1.448,1.44,1.442,1.431,1.439,-0.009,-0.6215,3125921.0,449535.124
159632.SZ,20240129,1.439,1.438,1.449,1.438,1.446,0.007,0.4864,2249492.0,324671.878
159632.SZ,20240130,1.446,1.465,1.465,1.459,1.461,0.015,1.0373,2246798.0,328400.972
159632.SZ,20240131,1.461,1.436,1.441,1.435,1.437,-0.024,-1.6427,1196919.0,172203.616
159632.SZ,20240201,1.437,1.424,1.43,1.422,1.424,-0.013,-0.9047,1772933.3,252830.12
159632.SZ,20240202,1.424,1.453,1.457,1.452,1.456,0.032,2.2472,1378162.0,200498.961
159632.SZ,20240205,1.456,1.465,1.466,1.459,1.464,0.008,0.5495,2377225.0,347373.99
159632.SZ,20240206,1.464,1.464,1.465,1.461,1.463,-0.001,-0.0683,996492.0,145791.165
159632.SZ,20240207,1.463,1.458,1.461,1.455,1.456,-0.007,-0.4785,673323.0,98120.861
159632.SZ,20240208,1.456,1.472,1.484,1.472,1.483,0.027,1.8544,1939986.0,286954.029
159632.SZ,20240219,1.483,1.471,1.478,1.469,1.478,-0.005,-0.3372,1184156.0,174420.077
159632.SZ,20240220,1.478,1.475,1.475,1.466,1.471,-0.007,-0.4736,1330758.0,195594.441
159632.SZ,20240221,1.471,1.453,1.455,1.448,1.454,-0.017,-1.1557,2095635.0,303976.863
159632.SZ,20240222,1.454,1.473,1.479,1.469,1.477,0.023,1.5818,1451064.0,213780.019
159632.SZ,20240223,1.477,1.493,1.499,1.492,1.492,0.015,1.0156,1447413.91,216332.822
159632.SZ,20240226,1.492,1.482,1.487,1.481,1.485,-0.007,-0.4692,1265029.65,187758.385
159632.SZ,20240227,1.485,1.486,1.488,1.485,1.488,0.003,0.202,668700.0,99390.966
159632.SZ,20240228,1.488,1.491,1.492,1.489,1.491,0.003,0.2016,860113.44,128182.75
159632.SZ,20240229,1.491,1.484,1.484,1.48,1.483,-0.008,-0.5366,727410.0,107801.296
159632.SZ,20240301,1.483,1.497,1.505,1.496,1.503,0.02,1.3486,789616.03,118478.413
159632.SZ,20240304,1.503,1.521,1.527,1.52,1.525,0.022,1.4637,1657817.93,252640.442
159632.SZ,20240305,1.525,1.513,1.513,1.51,1.511,-0.014,-0.918,697888.0,105449.282
159632.SZ,20240306,1.511,1.491,1.504,1.49,1.504,-0.007,-0.4633,1062847.03,159138.984
159632.SZ,20240307,1.504,1.502,1.503,1.494,1.495,-0.009,-0.5984,1178051.1,176410.174
159632.SZ,20240308,1.495,1.52,1.525,1.518,1.524,0.029,1.9398,945589.33,143930.84
159632.SZ,20240311,1.524,1.5,1.501,1.496,1.501,-0.023,-1.5092,907127.0,135973.72
159632.SZ,20240312,1.501,1.501,1.505,1.5,1.505,0.004,0.2665,1451522.0,218154.48
159632.SZ,20240313,1.505,1.517,1.52,1.513,1.514,0.009,0.598,1290520.0,195553.961
159632.SZ,20240314,1.514,1.504,1.51,1.504,1.509,-0.005,-0.3303,541446.42,81589.57
159632.SZ,20240315,1.509,1.499,1.502,1.495,1.497,-0.012,-0.7952,765151.23,114618.398
159632.SZ,20240318,1.497,1.488,1.492,1.484,1.491,-0.006,-0.4008,1355650.52,201650.555
159632.SZ,20240319,1.491,1.489,1.491,1.486,1.489,-0.002,-0.1341,1028128.84,153071.138
159632.SZ,20240320,1.489,1.494,1.496,1.494,1.495,0.006,0.403,720478.01,107705.409
159632.SZ,20240321,1.495,1.518,1.527,1.516,1.527,0.032,2.1405,1456004.0,221390.317
159632.SZ,20240322,1.527,1.525,1.529,1.522,1.528,0.001,0.0655,903973.0,137853.959
159632.SZ,20240325,1.528,1.529,1.53,1.52,1.521,-0.007,-0.4581,731665.7,111509.423
159632.SZ,20240326,1.521,1.522,1.526,1.52,1.524,0.003,0.1972,1025039.0,156071.751
159632.SZ,20240327,1.524,1.518,1.525,1.518,1.524,0.0,0.0,828592.0,126126.709
159632.SZ,20240328,1.524,1.525,1.526,1.521,1.523,-0.001,-0.0656,766880.0,116788.219
159632.SZ,20240329,1.523,1.52,1.521,1.518,1.518,-0.005,-0.3283,609182.0,92527.012
159632.SZ,20240401,1.518,1.528,1.532,1.525,1.531,0.013,0.8564,1233797.0,188452.543
159632.SZ,20240402,1.531,1.522,1.527,1.522,1.525,-0.006,-0.3919,847048.0,129163.144
159632.SZ,20240403,1.525,1.51,1.513,1.509,1.511,-0.014,-0.918,906699.0,137000.619
159632.SZ,20240408,1.511,1.51,1.514,1.51,1.512,0.001,0.0662,921066.0,139215.171
159632.SZ,20240409,1.512,1.512,1.513,1.51,1.512,0.0,0.0,479574.0,72499.776
159632.SZ,20240410,1.512,1.516,1.517,1.514,1.516,0.004,0.2646,483127.0,73233.485
159632.SZ,20240411,1.516,1.503,1.504,1.501,1.502,-0.014,-0.9235,544777.0,81842.614
159632.SZ,20240412,1.502,1.526,1.528,1.523,1.526,0.024,1.5979,1712015.39,261128.578
159632.SZ,20240415,1.526,1.506,1.51,1.505,1.51,-0.016,-1.0485,940599.0,141786.446
159632.SZ,20240416,1.51,1.48,1.481,1.469,1.474,-0.036,-2.3841,1673056.78,246596.28
159632.SZ,20240417,1.474,1.478,1.481,1.469,1.472,-0.002,-0.1357,1091892.34,161140.113
159632.SZ,20240418,1.472,1.459,1.469,1.458,1.468,-0.004,-0.2717,893903.0,130714.533
159632.SZ,20240419,1.468,1.437,1.44,1.42,1.439,-0.029,-1.9755,1868651.56,267132.319
159632.SZ,20240422,1.439,1.422,1.43,1.421,1.43,-0.009,-0.6254,1395685.0,198954.029
159632.SZ,20240423,1.43,1.434,1.436,1.431,1.434,0.004,0.2797,998290.0,142992.407
159632.SZ,20240424,1.434,1.465,1.471,1.465,1.47,0.036,2.5105,851642.0,125062.374
159632.SZ,20240425,1.47,1.449,1.451,1.44,1.445,-0.025,-1.7007,763661.0,110400.98
159632.SZ,20240426,1.445,1.467,1.472,1.466,1.469,0.024,1.6609,1365726.0,200700.762
159632.SZ,20240429,1.469,1.481,1.483,1.479,1.48,0.011,0.7488,462999.0,68584.491
159632.SZ,20240430,1.48,1.48,1.483,1.479,1.483,0.003,0.2027,683667.3,101275.265
159632.SZ,20240506,1.483,1.484,1.486,1.482,1.485,0.002,0.1349,599011.0,88889.388
159632.SZ,20240507,1.485,1.499,1.503,1.497,1.501,0.016,1.0774,982835.0,147442.452
159632.SZ,20240508,1.501,1.503,1.505,1.501,1.502,0.001,0.0666,342552.0,51471.865
159632.SZ,20240509,1.502,1.5,1.502,1.498,1.5,-0.002,-0.1332,320342.0,48059.301
159632.SZ,20240510,1.5,1.505,1.508,1.504,1.506,0.006,0.4,508213.0,76536.046
159632.SZ,20240513,1.506,1.509,1.516,1.508,1.515,0.009,0.5976,271810.0,41097.966
159632.SZ,20240514,1.515,1.513,1.515,1.512,1.513,-0.002,-0.132,300732.0,45513.847
159632.SZ,20240515,1.513,1.524,1.526,1.521,1.522,0.009,0.5948,428919.0,65365.669
159632.SZ,20240516,1.522,1.546,1.548,1.545,1.547,0.025,1.6426,726773.0,112395.917
159632.SZ,20240517,1.547,1.544,1.545,1.542,1.544,-0.003,-0.1939,319782.0,49348.858
159632.SZ,20240520,1.544,1.547,1.548,1.544,1.548,0.004,0.2591,815452.0,126069.509
159632.SZ,20240521,1.548,1.557,1.557,1.553,1.554,0.006,0.3876,482811.0,75060.298
159632.SZ,20240522,1.554,1.56,1.561,1.559,1.561,0.007,0.4505,382514.0,59682.979
159632.SZ,20240523,1.561,1.568,1.578,1.567,1.574,0.013,0.8328,874152.0,137518.479
159632.SZ,20240524,1.574,1.556,1.557,1.548,1.551,-0.023,-1.4612,1200713.0,186345.133
159632.SZ,20240527,1.551,1.565,1.569,1.563,1.569,0.018,1.1605,531733.0,83292.371
159632.SZ,20240528,1.569,1.572,1.576,1.571,1.575,0.006,0.3824,330293.0,51966.632
159632.SZ,20240529,1.575,1.574,1.574,1.567,1.57,-0.005,-0.3175,659829.5,103586.632
159632.SZ,20240530,1.57,1.555,1.558,1.549,1.551,-0.019,-1.2102,1435823.0,222898.302
159632.SZ,20240531,1.551,1.536,1.544,1.536,1.544,-0.007,-0.4513,554660.0,85462.3
159632.SZ,20240603,1.544,1.551,1.554,1.549,1.553,0.009,0.5829,405331.0,62885.213
159632.SZ,20240604,1.553,1.553,1.553,1.548,1.548,-0.005,-0.322,364509.0,56543.755
159632.SZ,20240605,1.548,1.557,1.562,1.555,1.559,0.011,0.7106,444265.0,69278.842
159632.SZ,20240606,1.559,1.59,1.592,1.588,1.589,0.03,1.9243,811662.0,129022.815
159632.SZ,20240607,1.589,1.589,1.592,1.588,1.59,0.001,0.0629,562290.0,89418.245
159632.SZ,20240611,1.59,1.592,1.594,1.591,1.591,0.001,0.0629,337968.0,53827.71
159632.SZ,20240612,1.591,1.605,1.609,1.605,1.606,0.015,0.9428,524924.0,84357.957
159632.SZ,20240613,1.606,1.638,1.64,1.634,1.64,0.034,2.1171,656194.0,107375.177
159632.SZ,20240614,1.64,1.637,1.642,1.636,1.64,0.0,0.0,770902.0,126319.155
159632.SZ,20240617,1.64,1.643,1.647,1.643,1.646,0.006,0.3659,592249.0,97441.559
159632.SZ,20240618,1.646,1.662,1.668,1.661,1.667,0.021,1.2758,1026435.0,170829.063
159632.SZ,20240619,1.667,1.668,1.67,1.666,1.668,0.001,0.06,820735.0,136895.103
159632.SZ,20240620,1.668,1.671,1.683,1.671,1.683,0.015,0.8993,794584.0,133348.329
159632.SZ,20240621,1.683,1.658,1.66,1.654,1.659,-0.024,-1.426,1112964.0,184497.91
159632.SZ,20240624,1.659,1.648,1.656,1.646,1.654,-0.005,-0.3014,934256.0,154265.113
159632.SZ,20240625,1.654,1.631,1.636,1.63,1.636,-0.018,-1.0883,774172.0,126485.648
159632.SZ,20240626,1.636,1.656,1.664,1.656,1.663,0.027,1.6504,936141.8,155327.601
159632.SZ,20240627,1.663,1.658,1.661,1.656,1.659,-0.004,-0.2405,1052116.0,174564.25
159632.SZ,20240628,1.659,1.672,1.68,1.672,1.679,0.02,1.2055,1236384.0,207293.139
159632.SZ,20240701,1.679,1.673,1.676,1.667,1.673,-0.006,-0.3574,990968.0,165702.497
159632.SZ,20240702,1.673,1.679,1.684,1.675,1.68,0.007,0.4184,898749.0,151011.731
159632.SZ,20240703,1.68,1.703,1.719,1.696,1.718,0.038,2.2619,1182454.92,201965.694
159632.SZ,20240704,1.718,1.75,1.768,1.699,1.718,0.0,0.0,2516985.98,438129.858
159632.SZ,20240705,1.718,1.725,1.742,1.717,1.734,0.016,0.9313,1392385.0,240722.476
159632.SZ,20240708,1.734,1.757,1.757,1.74,1.748,0.014,0.8074,1857333.0,324317.818
159632.SZ,20240709,1.748,1.752,1.758,1.748,1.752,0.004,0.2288,2468148.02,432749.875
159632.SZ,20240710,1.752,1.753,1.754,1.74,1.741,-0.011,-0.6279,1136631.04,198263.927
159632.SZ,20240711,1.741,1.758,1.766,1.751,1.764,0.023,1.3211,1566798.08,275368.178
159632.SZ,20240712,1.764,1.706,1.708,1.695,1.697,-0.067,-3.7982,1921204.08,326712.765
159632.SZ,20240715,1.697,1.712,1.744,1.712,1.743,0.046,2.7107,1735093.0,300004.498
159632.SZ,20240716,1.743,1.744,1.761,1.741,1.744,0.001,0.0574,1234145.0,215968.345
159632.SZ,20240717,1.744,1.74,1.74,1.722,1.725,-0.019,-1.0894,1076869.03,186558.486
159632.SZ,20240718,1.725,1.67,1.698,1.665,1.697,-0.028,-1.6232,2186093.0,366887.862
159632.SZ,20240719,1.697,1.674,1.682,1.667,1.668,-0.029,-1.7089,1450030.68,242735.342
159632.SZ,20240722,1.668,1.656,1.657,1.643,1.653,-0.015,-0.8993,2128341.71,350985.792
159632.SZ,20240723,1.653,1.679,1.679,1.659,1.661,0.008,0.484,2069018.02,344984.982
159632.SZ,20240724,1.661,1.648,1.652,1.636,1.641,-0.02,-1.2041,1346157.16,221548.135
159632.SZ,20240725,1.641,1.598,1.6,1.585,1.596,-0.045,-2.7422,1799232.4,287004.278
159632.SZ,20240726,1.596,1.584,1.592,1.579,1.591,-0.005,-0.3133,3219279.0,510292.774
159632.SZ,20240729,1.591,1.609,1.617,1.606,1.617,0.026,1.6342,1433192.0,230896.952
159632.SZ,20240730,1.617,1.598,1.604,1.589,1.599,-0.018,-1.1132,1325643.0,211490.553
159632.SZ,20240731,1.599,1.587,1.602,1.586,1.6,0.001,0.0625,2222078.0,354459.24
159632.SZ,20240801,1.6,1.642,1.648,1.632,1.646,0.046,2.875,2013494.0,330488.444
159632.SZ,20240802,1.646,1.585,1.595,1.554,1.557,-0.089,-5.407,3354725.76,527845.602
159632.SZ,20240805,1.557,1.49,1.492,1.421,1.446,-0.111,-7.1291,4608321.01,671833.207
159632.SZ,20240806,1.446,1.499,1.508,1.49,1.491,0.045,3.112,4526625.0,678981.413
159632.SZ,20240807,1.491,1.489,1.515,1.489,1.499,0.008,0.5366,2798428.0,420593.167
159632.SZ,20240808,1.499,1.471,1.482,1.467,1.48,-0.019,-1.2675,1737141.0,256226.293
159632.SZ,20240809,1.48,1.524,1.528,1.513,1.521,0.041,2.7703,1607266.0,244485.545
159632.SZ,20240812,1.521,1.525,1.536,1.525,1.533,0.012,0.789,1650596.0,252902.937
159632.SZ,20240813,1.533,1.537,1.543,1.535,1.542,0.009,0.5871,1165852.0,179378.415
159632.SZ,20240814,1.542,1.571,1.576,1.568,1.57,0.028,1.8158,1823083.0,286614.03
159632.SZ,20240815,1.57,1.575,1.579,1.572,1.577,0.007,0.4459,1010640.0,159318.729
159632.SZ,20240816,1.577,1.619,1.638,1.615,1.637,0.06,3.8047,2650453.0,430490.87
159632.SZ,20240819,1.637,1.634,1.635,1.608,1.61,-0.027,-1.6494,1836788.0,297584.634
159632.SZ,20240820,1.61,1.641,1.65,1.636,1.645,0.035,2.1739,1391992.0,228630.522
159632.SZ,20240821,1.645,1.635,1.639,1.631,1.639,-0.006,-0.3647,887480.0,145155.622
159632.SZ,20240822,1.639,1.651,1.652,1.638,1.648,0.009,0.5491,1431709.05,235532.073
159632.SZ,20240823,1.648,1.619,1.631,1.619,1.629,-0.019,-1.1529,1284228.0,208888.061
159632.SZ,20240826,1.629,1.643,1.643,1.629,1.63,0.001,0.0614,980761.0,160317.163
159632.SZ,20240827,1.63,1.613,1.615,1.608,1.613,-0.017,-1.0429,934600.0,150579.358
159632.SZ,20240828,1.613,1.613,1.617,1.611,1.616,0.003,0.186,903440.0,145792.7
159632.SZ,20240829,1.616,1.58,1.583,1.578,1.58,-0.036,-2.2277,1304097.0,206100.58
159632.SZ,20240830,1.58,1.585,1.592,1.584,1.592,0.012,0.7595,810440.0,128660.378
159632.SZ,20240902,1.592,1.606,1.606,1.601,1.601,0.009,0.5653,869189.0,139346.044
159632.SZ,20240903,1.601,1.605,1.607,1.601,1.602,0.001,0.0625,516859.0,82896.809
159632.SZ,20240904,1.602,1.537,1.546,1.529,1.531,-0.071,-4.432,4118447.04,632573.926
159632.SZ,20240905,1.531,1.542,1.545,1.535,1.535,0.004,0.2613,860215.08,132455.444
159632.SZ,20240906,1.535,1.529,1.548,1.528,1.539,0.004,0.2606,2641163.0,406850.058
159632.SZ,20240909,1.539,1.514,1.522,1.51,1.52,-0.019,-1.2346,1451246.0,220140.388
159632.SZ,20240910,1.52,1.532,1.533,1.523,1.529,0.009,0.5921,1224656.35,187135.453
159632.SZ,20240911,1.529,1.543,1.543,1.531,1.54,0.011,0.7194,1094263.0,168382.449
159632.SZ,20240912,1.54,1.58,1.593,1.58,1.592,0.052,3.3766,1428668.0,226614.768
159632.SZ,20240913,1.592,1.602,1.611,1.596,1.609,0.017,1.0678,1358794.0,218286.843
159632.SZ,20240918,1.609,1.608,1.608,1.595,1.597,-0.012,-0.7458,1195933.0,191268.167
159632.SZ,20240919,1.597,1.601,1.615,1.599,1.614,0.017,1.0645,1324196.0,212714.221
159632.SZ,20240920,1.614,1.632,1.633,1.616,1.617,0.003,0.1859,993345.0,161589.792
159632.SZ,20240923,1.617,1.624,1.629,1.621,1.622,0.005,0.3092,857736.0,139352.775
159632.SZ,20240924,1.622,1.623,1.623,1.608,1.614,-0.008,-0.4932,1092200.0,176178.989
159632.SZ,20240925,1.614,1.607,1.609,1.604,1.604,-0.01,-0.6196,1123841.0,180468.45
159632.SZ,20240926,1.604,1.619,1.63,1.618,1.63,0.026,1.6209,1092536.01,177384.459
159632.SZ,20240927,1.63,1.615,1.618,1.603,1.603,-0.027,-1.6564,2505544.32,403897.645
159632.SZ,20240930,1.603,1.589,1.607,1.588,1.607,0.004,0.2495,2413304.32,386641.518
159632.SZ,20241008,1.607,1.566,1.604,1.566,1.596,-0.011,-0.6845,2014561.29,320245.745
159632.SZ,20241009,1.596,1.62,1.634,1.612,1.628,0.032,2.005,1975275.01,320468.594
159632.SZ,20241010,1.628,1.637,1.649,1.634,1.639,0.011,0.6757,1709521.48,280635.948
159632.SZ,20241011,1.639,1.642,1.646,1.641,1.644,0.005,0.3051,783404.0,128763.008
159632.SZ,20241014,1.644,1.643,1.645,1.64,1.644,0.0,0.0,881606.0,144698.526
159632.SZ,20241015,1.644,1.659,1.671,1.659,1.671,0.027,1.6423,1412466.0,235401.29
159632.SZ,20241016,1.671,1.65,1.652,1.644,1.651,-0.02,-1.1969,897271.0,147874.826
159632.SZ,20241017,1.651,1.648,1.661,1.643,1.657,0.006,0.3634,1093692.0,180291.33
159632.SZ,20241018,1.657,1.649,1.656,1.647,1.65,-0.007,-0.4225,1163488.0,192034.798
159632.SZ,20241021,1.65,1.656,1.658,1.653,1.654,0.004,0.2424,708441.0,117229.338
159632.SZ,20241022,1.654,1.656,1.658,1.654,1.654,0.0,0.0,523546.0,86718.682
159632.SZ,20241023,1.654,1.661,1.664,1.661,1.664,0.01,0.6046,483730.06,80422.541
159632.SZ,20241024,1.664,1.646,1.648,1.643,1.645,-0.019,-1.1418,835498.1,137487.317
159632.SZ,20241025,1.645,1.654,1.656,1.649,1.652,0.007,0.4255,828919.0,136956.807
159632.SZ,20241028,1.652,1.673,1.676,1.672,1.673,0.021,1.2712,745509.0,124759.711
159632.SZ,20241029,1.673,1.666,1.672,1.663,1.671,-0.002,-0.1195,505765.0,84258.087
159632.SZ,20241030,1.671,1.685,1.69,1.681,1.683,0.012,0.7181,1750527.0,294736.51
159632.SZ,20241031,1.683,1.66,1.661,1.653,1.654,-0.029,-1.7231,1368322.0,226842.807
159632.SZ,20241101,1.654,1.625,1.637,1.625,1.632,-0.022,-1.3301,1031473.1,168280.875
159632.SZ,20241104,1.632,1.633,1.642,1.632,1.637,0.005,0.3064,708960.0,115978.926
159632.SZ,20241105,1.637,1.627,1.631,1.624,1.631,-0.006,-0.3665,737362.9,120030.78
159632.SZ,20241106,1.631,1.657,1.691,1.654,1.69,0.059,3.6174,1983942.18,332240.436
159632.SZ,20241107,1.69,1.72,1.72,1.711,1.714,0.024,1.4201,2103401.03,360778.697
159632.SZ,20241108,1.714,1.727,1.732,1.727,1.731,0.017,0.9918,1043110.06,180411.406
159632.SZ,20241111,1.731,1.736,1.745,1.736,1.744,0.013,0.751,651093.0,113381.132
159632.SZ,20241112,1.744,1.746,1.749,1.744,1.748,0.004,0.2294,824176.12,143891.526
159632.SZ,20241113,1.748,1.742,1.742,1.735,1.737,-0.011,-0.6293,445299.0,77370.703
159632.SZ,20241114,1.737,1.738,1.744,1.738,1.742,0.005,0.2879,427504.0,74430.125
159632.SZ,20241115,1.742,1.726,1.726,1.716,1.717,-0.025,-1.4351,627319.0,107944.549
159632.SZ,20241118,1.717,1.696,1.707,1.696,1.706,-0.011,-0.6407,582615.0,99100.33
159632.SZ,20241119,1.706,1.703,1.708,1.699,1.707,0.001,0.0586,985348.0,167968.155
159632.SZ,20241120,1.707,1.719,1.722,1.716,1.722,0.015,0.8787,1465241.0,251838.781
159632.SZ,20241121,1.722,1.709,1.711,1.705,1.708,-0.014,-0.813,898212.0,153379.845
159632.SZ,20241122,1.708,1.722,1.722,1.717,1.722,0.014,0.8197,915091.0,157407.399
159632.SZ,20241125,1.722,1.731,1.736,1.731,1.735,0.013,0.7549,1087782.0,188662.795
159632.SZ,20241126,1.735,1.726,1.735,1.723,1.734,-0.001,-0.0576,755289.0,130535.927
159632.SZ,20241127,1.734,1.74,1.745,1.739,1.739,0.005,0.2884,2261262.0,393826.627
159632.SZ,20241128,1.739,1.725,1.729,1.725,1.728,-0.011,-0.6325,743587.0,128439.807
159632.SZ,20241129,1.728,1.724,1.729,1.723,1.727,-0.001,-0.0579,1573483.0,271668.577
159632.SZ,20241202,1.727,1.737,1.741,1.735,1.738,0.011,0.6369,1282330.07,222935.929
159632.SZ,20241203,1.738,1.761,1.767,1.761,1.767,0.029,1.6686,1291456.0,227970.746
159632.SZ,20241204,1.767,1.775,1.776,1.772,1.773,0.006,0.3396,826691.0,146641.976
159632.SZ,20241205,1.773,1.791,1.791,1.786,1.788,0.015,0.846,1345983.0,240699.034
159632.SZ,20241206,1.788,1.781,1.782,1.778,1.78,-0.008,-0.4474,854396.0,152086.453
159632.SZ,20241209,1.78,1.797,1.804,1.796,1.803,0.023,1.2921,1334882.0,240351.351
159632.SZ,20241210,1.803,1.78,1.783,1.777,1.78,-0.023,-1.2757,1892558.04,336845.549
159632.SZ,20241211,1.78,1.779,1.78,1.776,1.78,0.0,0.0,1086681.0,193187.455
159632.SZ,20241212,1.78,1.809,1.812,1.807,1.812,0.032,1.7978,1494407.0,270349.706
159632.SZ,20241213,1.812,1.809,1.821,1.808,1.82,0.008,0.4415,1395586.0,253016.772
159632.SZ,20241216,1.82,1.823,1.842,1.822,1.837,0.017,0.9341,1609706.0,294785.99
159632.SZ,20241217,1.837,1.867,1.885,1.865,1.876,0.039,2.123,2250149.0,421714.306
159632.SZ,20241218,1.876,1.865,1.889,1.864,1.889,0.013,0.693,1975043.0,370513.17
159632.SZ,20241219,1.889,1.817,1.86,1.817,1.842,-0.047,-2.4881,3321719.8,608965.659
159632.SZ,20241220,1.842,1.83,1.842,1.792,1.806,-0.036,-1.9544,2955313.8,535735.648
159632.SZ,20241223,1.806,1.831,1.882,1.831,1.878,0.072,3.9867,2957089.66,548509.122
159632.SZ,20241224,1.878,1.915,1.917,1.863,1.88,0.002,0.1065,4155481.74,787979.833
159632.SZ,20241225,1.88,1.906,1.917,1.894,1.916,0.036,1.9149,2355756.78,449253.208
159632.SZ,20241226,1.916,1.928,1.951,1.904,1.944,0.028,1.4614,2610806.99,504405.86
159632.SZ,20241227,1.944,1.93,1.935,1.918,1.927,-0.017,-0.8745,2277840.56,438691.497
159632.SZ,20241230,1.927,1.89,1.912,1.888,1.906,-0.021,-1.0898,1524819.04,290276.039
159632.SZ,20241231,1.906,1.89,1.932,1.884,1.913,0.007,0.3673,3115051.27,592999.852
159632.SZ,20250102,1.913,1.907,1.922,1.892,1.895,-0.018,-0.9409,2770517.0,527440.134
159632.SZ,20250103,1.895,1.891,1.895,1.867,1.869,-0.026,-1.372,1813544.0,340714.087
159632.SZ,20250106,1.869,1.902,1.928,1.892,1.922,0.053,2.8357,2672873.0,509890.708
159632.SZ,20250107,1.922,1.944,2.1,1.872,1.912,-0.01,-0.5203,8931558.0,1739427.781
159632.SZ,20250108,1.912,1.876,1.922,1.876,1.897,-0.015,-0.7845,4114813.0,781683.877
159632.SZ,20250109,1.897,1.904,1.913,1.892,1.897,0.0,0.0,1375319.0,261019.469
159632.SZ,20250110,1.897,1.891,1.913,1.881,1.889,-0.008,-0.4217,2520194.0,477819.931
159632.SZ,20250113,1.889,1.86,1.871,1.82,1.824,-0.065,-3.441,1987633.0,366176.058
159632.SZ,20250114,1.824,1.847,1.85,1.821,1.847,0.023,1.261,2194963.0,402902.347
159632.SZ,20250115,1.847,1.835,1.839,1.829,1.833,-0.014,-0.758,809969.0,148450.962
159632.SZ,20250116,1.833,1.883,1.883,1.863,1.873,0.04,2.1822,1636791.0,306319.691
159632.SZ,20250117,1.873,1.851,1.875,1.851,1.868,-0.005,-0.267,1453207.0,270022.779
159632.SZ,20250120,1.868,1.885,1.897,1.878,1.897,0.029,1.5525,1486001.38,280446.577
159632.SZ,20250121,1.897,1.897,1.91,1.879,1.903,0.006,0.3163,1716851.35,326475.408
159632.SZ,20250122,1.903,1.912,1.915,1.903,1.904,0.001,0.0525,1357258.42,259113.556
159632.SZ,20250123,1.904,1.91,1.913,1.881,1.884,-0.02,-1.0504,1707168.0,324570.406
159632.SZ,20250124,1.884,1.892,1.898,1.88,1.883,-0.001,-0.0531,1336840.0,252460.726
159632.SZ,20250127,1.883,1.848,1.859,1.837,1.846,-0.037,-1.9649,1315504.0,242843.052
159632.SZ,20250205,1.846,1.844,1.852,1.843,1.844,-0.002,-0.1083,989134.0,182757.206
159632.SZ,20250206,1.844,1.857,1.859,1.85,1.859,0.015,0.8134,1018410.0,188851.982
159632.SZ,20250207,1.859,1.861,1.862,1.847,1.851,-0.008,-0.4303,1027068.0,190373.227
159632.SZ,20250210,1.851,1.839,1.839,1.825,1.827,-0.024,-1.2966,1797779.0,328546.706
159632.SZ,20250211,1.827,1.835,1.835,1.828,1.829,0.002,0.1095,925681.0,169474.816
159632.SZ,20250212,1.829,1.831,1.831,1.825,1.828,-0.001,-0.0547,1033746.0,188915.159
159632.SZ,20250213,1.828,1.833,1.835,1.829,1.835,0.007,0.3829,786450.0,144051.427
159632.SZ,20250214,1.835,1.845,1.851,1.843,1.847,0.012,0.654,1068753.0,197438.988
159632.SZ,20250217,1.847,1.847,1.857,1.842,1.853,0.006,0.3249,1085007.0,200507.331
159632.SZ,20250218,1.853,1.853,1.866,1.853,1.866,0.013,0.7016,1007682.0,187263.834
159632.SZ,20250219,1.866,1.86,1.862,1.855,1.857,-0.009,-0.4823,1103790.07,205120.673
159632.SZ,20250220,1.857,1.851,1.851,1.841,1.843,-0.014,-0.7539,1082844.0,199751.664
159632.SZ,20250221,1.843,1.837,1.837,1.828,1.833,-0.01,-0.5426,1144391.0,209646.604
159632.SZ,20250224,1.833,1.8,1.812,1.797,1.806,-0.027,-1.473,886820.0,159883.856
159632.SZ,20250225,1.806,1.782,1.783,1.774,1.777,-0.029,-1.6058,1105132.79,196375.355
159632.SZ,20250226,1.777,1.76,1.771,1.757,1.771,-0.006,-0.3376,852972.0,150473.075
159632.SZ,20250227,1.771,1.762,1.772,1.76,1.772,0.001,0.0565,1304465.0,230451.056
159632.SZ,20250228,1.772,1.726,1.726,1.709,1.713,-0.059,-3.3296,4038801.0,693023.542
159632.SZ,20250303,1.713,1.735,1.753,1.734,1.752,0.039,2.2767,1558023.06,271502.632
159632.SZ,20250304,1.752,1.707,1.716,1.703,1.715,-0.037,-2.1119,2750402.0,469797.786
159632.SZ,20250305,1.715,1.711,1.74,1.701,1.732,0.017,0.9913,3953270.0,680754.086
159632.SZ,20250306,1.732,1.732,1.739,1.731,1.733,0.001,0.0577,1391803.0,241248.038
159632.SZ,20250307,1.733,1.703,1.703,1.69,1.693,-0.04,-2.3081,1431157.85,242691.395
159632.SZ,20250310,1.693,1.69,1.696,1.686,1.686,-0.007,-0.4135,910313.8,153859.361
159632.SZ,20250311,1.686,1.609,1.621,1.587,1.62,-0.066,-3.9146,6670940.0,1069038.185
159632.SZ,20250312,1.62,1.619,1.619,1.611,1.613,-0.007,-0.4321,4780195.73,771423.623
159632.SZ,20250313,1.613,1.629,1.63,1.61,1.615,0.002,0.124,3551432.0,575833.785
159632.SZ,20250314,1.615,1.609,1.629,1.605,1.621,0.006,0.3715,3497042.0,564915.965
159632.SZ,20250317,1.621,1.632,1.635,1.627,1.627,0.006,0.3701,1138510.0,185621.186
159632.SZ,20250318,1.627,1.637,1.648,1.635,1.646,0.019,1.1678,1144662.0,187791.82
159632.SZ,20250319,1.646,1.63,1.634,1.625,1.63,-0.016,-0.9721,1014188.0,165310.839
159632.SZ,20250320,1.63,1.649,1.669,1.648,1.662,0.032,1.9632,2698672.0,448212.354
159632.SZ,20250321,1.662,1.656,1.661,1.643,1.648,-0.014,-0.8424,1327518.0,219157.907
159632.SZ,20250324,1.648,1.665,1.709,1.665,1.695,0.047,2.8519,5658478.75,957422.959
159632.SZ,20250325,1.695,1.732,1.738,1.709,1.718,0.023,1.3569,2570077.0,442252.455
159632.SZ,20250326,1.718,1.728,1.728,1.714,1.716,-0.002,-0.1164,1126792.0,193578.715
159632.SZ,20250327,1.716,1.68,1.691,1.676,1.687,-0.029,-1.69,1017254.0,171496.626
159632.SZ,20250328,1.687,1.676,1.681,1.675,1.678,-0.009,-0.5335,638743.0,107180.933
159632.SZ,20250331,1.678,1.617,1.619,1.594,1.6,-0.078,-4.6484,3255465.0,522283.037
159632.SZ,20250401,1.6,1.609,1.625,1.608,1.625,0.025,1.5625,1397453.49,225900.375
159632.SZ,20250402,1.625,1.635,1.644,1.627,1.627,0.002,0.1231,1173102.0,191845.243
159632.SZ,20250403,1.627,1.594,1.608,1.582,1.595,-0.032,-1.9668,1600335.0,255574.221
159632.SZ,20250407,1.595,1.436,1.436,1.436,1.436,-0.159,-9.9687,446958.0,64183.169
159632.SZ,20250408,1.436,1.48,1.495,1.469,1.481,0.045,3.1337,3844362.53,569170.212
159632.SZ,20250409,1.481,1.418,1.45,1.406,1.449,-0.032,-2.1607,6017548.0,858065.35
159632.SZ,20250410,1.449,1.594,1.594,1.58,1.594,0.145,10.0069,4129481.0,657628.82
159632.SZ,20250411,1.594,1.53,1.579,1.52,1.569,-0.025,-1.5684,6574318.75,1018252.871
159632.SZ,20250414,1.569,1.592,1.599,1.586,1.592,0.023,1.4659,2191386.0,348913.426
159632.SZ,20250415,1.592,1.586,1.587,1.571,1.573,-0.019,-1.1935,1338975.0,211026.728
159632.SZ,20250416,1.573,1.556,1.562,1.535,1.541,-0.032,-2.0343,2785225.0,431322.425
159632.SZ,20250417,1.541,1.53,1.549,1.529,1.547,0.006,0.3894,2154223.0,331542.676
159632.SZ,20250418,1.547,1.535,1.544,1.527,1.537,-0.01,-0.6464,1793337.0,275248.955
159632.SZ,20250421,1.537,1.526,1.53,1.514,1.515,-0.022,-1.4314,1768020.0,268705.742
159632.SZ,20250422,1.515,1.504,1.515,1.497,1.514,-0.001,-0.066,2480919.0,373168.865
159632.SZ,20250423,1.514,1.55,1.574,1.548,1.568,0.054,3.5667,3312884.2,516557.159
159632.SZ,20250424,1.568,1.575,1.576,1.556,1.556,-0.012,-0.7653,1975465.0,308874.492
159632.SZ,20250425,1.556,1.61,1.619,1.605,1.615,0.059,3.7918,2057230.0,331891.569
159632.SZ,20250428,1.615,1.61,1.621,1.61,1.62,0.005,0.3096,1421526.0,229641.804
159632.SZ,20250429,1.62,1.622,1.638,1.619,1.62,0.0,0.0,1615813.0,262993.165
159632.SZ,20250430,1.62,1.622,1.626,1.616,1.618,-0.002,-0.1235,1397890.0,226467.453
159632.SZ,20250506,1.618,1.648,1.649,1.636,1.638,0.02,1.2361,1635638.0,268170.58
159632.SZ,20250507,1.638,1.645,1.649,1.642,1.644,0.006,0.3663,1048581.01,172490.485
159632.SZ,20250508,1.644,1.657,1.667,1.652,1.666,0.022,1.3382,1340204.0,222402.08
159632.SZ,20250509,1.666,1.668,1.675,1.663,1.666,0.0,0.0,1556599.0,259635.389
159632.SZ,20250512,1.666,1.692,1.703,1.691,1.701,0.035,2.1008,1605066.2,272202.326
159632.SZ,20250513,1.701,1.726,1.729,1.711,1.711,0.01,0.5879,1779080.0,305726.531
159632.SZ,20250514,1.711,1.744,1.758,1.74,1.758,0.047,2.7469,1741194.0,304980.615
159632.SZ,20250515,1.758,1.759,1.76,1.744,1.747,-0.011,-0.6257,1822166.0,319653.009
159632.SZ,20250516,1.747,1.749,1.755,1.748,1.748,0.001,0.0572,882776.0,154645.087
159632.SZ,20250519,1.748,1.74,1.745,1.736,1.737,-0.011,-0.6293,1380799.0,240333.974
159632.SZ,20250520,1.737,1.757,1.762,1.754,1.757,0.02,1.1514,1076421.98,189314.802
159632.SZ,20250521,1.757,1.757,1.757,1.741,1.742,-0.015,-0.8537,999874.0,174709.632
159632.SZ,20250522,1.742,1.729,1.737,1.726,1.735,-0.007,-0.4018,1507023.0,260999.476
159632.SZ,20250523,1.735,1.734,1.735,1.725,1.729,-0.006,-0.3458,860995.0,148999.641
159632.SZ,20250526,1.729,1.733,1.733,1.728,1.732,0.003,0.1735,660355.0,114251.875
159632.SZ,20250527,1.732,1.731,1.741,1.727,1.741,0.009,0.5196,871729.0,151116.634
159632.SZ,20250528,1.741,1.759,1.765,1.754,1.755,0.014,0.8041,1061148.0,186682.817
159632.SZ,20250529,1.755,1.782,1.786,1.78,1.782,0.027,1.5385,1229816.0,219225.395
159632.SZ,20250530,1.782,1.744,1.752,1.741,1.745,-0.037,-2.0763,1087257.0,189837.986
159632.SZ,20250603,1.745,1.759,1.76,1.752,1.753,0.008,0.4585,738957.0,129715.509
159632.SZ,20250604,1.753,1.77,1.773,1.766,1.771,0.018,1.0268,787015.0,139230.298
159632.SZ,20250605,1.771,1.77,1.773,1.768,1.77,-0.001,-0.0565,571835.0,101271.99
159632.SZ,20250606,1.77,1.759,1.769,1.756,1.767,-0.003,-0.1695,522508.0,92108.914
159632.SZ,20250609,1.767,1.772,1.774,1.77,1.772,0.005,0.283,1580354.0,279997.474
159632.SZ,20250610,1.772,1.782,1.789,1.773,1.776,0.004,0.2257,1579226.41,281535.626
159632.SZ,20250611,1.776,1.786,1.786,1.783,1.784,0.008,0.4505,835878.0,149149.943
159632.SZ,20250612,1.784,1.778,1.779,1.774,1.779,-0.005,-0.2803,802891.0,142646.065
159632.SZ,20250613,1.779,1.756,1.762,1.75,1.758,-0.021,-1.1804,1706998.0,299775.399
159632.SZ,20250616,1.758,1.765,1.773,1.764,1.773,0.015,0.8532,788670.0,139469.321
159632.SZ,20250617,1.773,1.782,1.785,1.776,1.782,0.009,0.5076,848589.0,151141.307
159632.SZ,20250618,1.782,1.776,1.779,1.773,1.776,-0.006,-0.3367,774413.0,137488.65
159632.SZ,20250619,1.776,1.766,1.769,1.762,1.764,-0.012,-0.6757,645051.31,113902.744
159632.SZ,20250620,1.764,1.765,1.771,1.762,1.767,0.003,0.1701,409817.23,72381.062
159632.SZ,20250623,1.767,1.756,1.763,1.754,1.762,-0.005,-0.283,392082.0,68943.962
159632.SZ,20250624,1.762,1.791,1.806,1.791,1.805,0.043,2.4404,1252417.0,225091.93
159632.SZ,20250625,1.805,1.81,1.81,1.805,1.809,0.004,0.2216,680030.0,122932.28
159632.SZ,20250626,1.809,1.81,1.818,1.809,1.818,0.009,0.4975,761338.0,138006.032
159632.SZ,20250627,1.818,1.83,1.837,1.828,1.833,0.015,0.8251,1004568.0,184088.147
159632.SZ,20250630,1.833,1.842,1.845,1.838,1.843,0.01,0.5456,1835009.0,337922.895
159632.SZ,20250701,1.843,1.844,1.845,1.838,1.839,-0.004,-0.217,1092212.0,201140.613
159632.SZ,20250702,1.839,1.831,1.837,1.829,1.836,-0.003,-0.1631,794592.0,145647.965
159632.SZ,20250703,1.836,1.843,1.845,1.84,1.843,0.007,0.3813,621849.0,114599.198
159632.SZ,20250704,1.843,1.858,1.86,1.852,1.852,0.009,0.4883,664658.0,123418.111
159632.SZ,20250707,1.852,1.849,1.854,1.848,1.851,-0.001,-0.054,771055.0,142731.779
159632.SZ,20250708,1.851,1.849,1.854,1.847,1.854,0.003,0.1621,498846.0,92312.507
159632.SZ,20250709,1.854,1.851,1.851,1.844,1.847,-0.007,-0.3776,729284.0,134709.503
159632.SZ,20250710,1.847,1.856,1.859,1.855,1.857,0.01,0.5414,620523.0,115256.331
159632.SZ,20250711,1.857,1.853,1.854,1.85,1.852,-0.005,-0.2693,586666.0,108665.811
159632.SZ,20250714,1.852,1.846,1.847,1.842,1.843,-0.009,-0.486,497693.0,91816.039
159632.SZ,20250715,1.843,1.854,1.871,1.854,1.869,0.026,1.4107,944127.0,176053.314
159632.SZ,20250716,1.869,1.861,1.862,1.857,1.859,-0.01,-0.535,396766.0,73798.236
159632.SZ,20250717,1.859,1.866,1.873,1.862,1.873,0.014,0.7531,526874.0,98339.274
159632.SZ,20250718,1.873,1.882,1.887,1.881,1.883,0.01,0.5339,590398.0,111222.563
159632.SZ,20250721,1.883,1.884,1.885,1.881,1.884,0.001,0.0531,417403.0,78586.006
159632.SZ,20250722,1.884,1.887,1.889,1.882,1.884,0.0,0.0,468534.0,88352.057
159632.SZ,20250723,1.884,1.877,1.881,1.876,1.881,-0.003,-0.1592,411006.0,77209.589
159632.SZ,20250724,1.881,1.889,1.889,1.883,1.883,0.002,0.1063,426921.0,80538.38
159632.SZ,20250725,1.883,1.888,1.893,1.888,1.889,0.006,0.3186,461276.0,87210.687
159632.SZ,20250728,1.889,1.901,1.908,1.901,1.907,0.018,0.9529,473674.0,90215.512
159632.SZ,20250729,1.907,1.906,1.908,1.904,1.907,0.0,0.0,294711.5,56172.7
159632.SZ,20250730,1.907,1.9,1.904,1.899,1.903,-0.004,-0.2098,454261.0,86399.166
159632.SZ,20250731,1.903,1.926,1.933,1.926,1.932,0.029,1.5239,811985.0,156691.196
159632.SZ,20250801,1.932,1.898,1.901,1.893,1.895,-0.037,-1.9151,1080220.0,204989.186
159632.SZ,20250804,1.895,1.862,1.867,1.862,1.867,-0.028,-1.4776,806306.0,150291.838
159632.SZ,20250805,1.867,1.894,1.899,1.892,1.899,0.032,1.714,707687.28,134079.037
159632.SZ,20250806,1.899,1.874,1.888,1.874,1.886,-0.013,-0.6846,539467.0,101516.571
159632.SZ,20250807,1.886,1.906,1.91,1.902,1.904,0.018,0.9544,626276.0,119387.348
159632.SZ,20250808,1.904,1.911,1.914,1.907,1.91,0.006,0.3151,481630.0,92057.676
159632.SZ,20250811,1.91,1.929,1.931,1.927,1.929,0.019,0.9948,590974.52,114005.827
159632.SZ,20250812,1.929,1.923,1.926,1.919,1.923,-0.006,-0.311,808369.0,155433.269
159632.SZ,20250813,1.923,1.944,1.945,1.942,1.944,0.021,1.092,664941.0,129238.457
159632.SZ,20250814,1.944,1.942,1.942,1.934,1.94,-0.004,-0.2058,1348363.21,261320.208
159632.SZ,20250815,1.94,1.939,1.947,1.939,1.947,0.007,0.3608,732475.0,142274.194
159632.SZ,20250818,1.947,1.939,1.941,1.93,1.932,-0.015,-0.7704,1203151.75,233046.615
159632.SZ,20250819,1.932,1.931,1.932,1.925,1.928,-0.004,-0.207,541781.0,104466.422
159632.SZ,20250820,1.928,1.899,1.902,1.895,1.902,-0.026,-1.3485,1024575.0,194528.162
159632.SZ,20250821,1.902,1.893,1.902,1.891,1.902,0.0,0.0,1301998.0,246897.748
159632.SZ,20250822,1.902,1.891,1.893,1.88,1.886,-0.016,-0.8412,1526439.01,288284.611
159632.SZ,20250825,1.886,1.911,1.915,1.91,1.911,0.025,1.3256,1219148.0,233176.594
159632.SZ,20250826,1.911,1.904,1.905,1.901,1.903,-0.008,-0.4186,632408.0,120305.397
159632.SZ,20250827,1.903,1.912,1.919,1.911,1.919,0.016,0.8408,859379.0,164524.016
159632.SZ,20250828,1.919,1.91,1.911,1.906,1.909,-0.01,-0.5211,856186.0,163417.163
159632.SZ,20250829,1.909,1.915,1.917,1.913,1.913,0.004,0.2095,985455.8,188620.464
159632.SZ,20250901,1.913,1.899,1.899,1.886,1.893,-0.02,-1.0455,1251001.15,236959.627
159632.SZ,20250902,1.893,1.896,1.897,1.892,1.894,0.001,0.0528,517777.0,98073.336
159632.SZ,20250903,1.894,1.885,1.892,1.883,1.89,-0.004,-0.2112,633641.0,119571.785
159632.SZ,20250904,1.89,1.903,1.903,1.897,1.897,0.007,0.3704,963934.0,183124.367
159632.SZ,20250905,1.897,1.918,1.922,1.916,1.921,0.024,1.2652,822134.0,157746.129
159632.SZ,20250908,1.921,1.919,1.92,1.916,1.919,-0.002,-0.1041,677771.0,129986.909
159632.SZ,20250909,1.919,1.921,1.926,1.919,1.926,0.007,0.3648,424635.0,81632.044
159632.SZ,20250910,1.926,1.931,1.934,1.929,1.933,0.007,0.3634,699313.0,135066.612
159632.SZ,20250911,1.933,1.932,1.932,1.926,1.931,-0.002,-0.1035,398464.0,76878.113
159632.SZ,20250912,1.931,1.938,1.941,1.936,1.939,0.008,0.4143,564400.0,109433.835
159632.SZ,20250915,1.939,1.946,1.951,1.945,1.95,0.011,0.5673,473374.0,92178.073
159632.SZ,20250916,1.95,1.962,1.965,1.961,1.964,0.014,0.7179,468697.0,92007.596
159632.SZ,20250917,1.964,1.959,1.96,1.954,1.958,-0.006,-0.3055,496975.99,97230.84
159632.SZ,20250918,1.958,1.961,1.969,1.961,1.966,0.008,0.4086,756313.46,148610.359
159632.SZ,20250919,1.966,1.974,1.979,1.973,1.974,0.008,0.4069,782911.0,154732.544
159632.SZ,20250922,1.974,1.986,1.994,1.986,1.993,0.019,0.9625,893834.32,177928.25
159632.SZ,20250923,1.993,2.006,2.01,2.001,2.009,0.016,0.8028,1361749.32,273323.726
159632.SZ,20250924,2.009,1.991,2.001,1.99,2.001,-0.008,-0.3982,979081.32,195287.901
159632.SZ,20250925,2.001,1.995,1.996,1.988,1.988,-0.013,-0.6497,994797.0,198094.308
159632.SZ,20250926,1.988,1.98,1.986,1.978,1.985,-0.003,-0.1509,862258.49,170829.326
159632.SZ,20250929,1.985,1.995,2.003,1.994,2.003,0.018,0.9068,849062.0,169660.274
159632.SZ,20250930,2.003,2.002,2.009,2.001,2.007,0.004,0.1997,988374.0,198158.753
159632.SZ,20251009,2.007,2.042,2.048,2.038,2.045,0.038,1.8934,1248736.0,255016.432
159632.SZ,20251010,2.045,2.046,2.052,2.039,2.05,0.005,0.2445,1484689.0,303715.141
159632.SZ,20251013,2.05,2.0,2.023,1.998,2.013,-0.037,-1.8049,2188640.0,439559.756
159632.SZ,20251014,2.013,2.032,2.034,1.99,1.99,-0.023,-1.1426,2425894.0,487734.135
159632.SZ,20251015,1.99,2.0,2.014,1.996,2.013,0.023,1.1558,1506499.0,302101.424
159632.SZ,20251016,2.013,2.014,2.028,2.01,2.028,0.015,0.7452,833264.0,168040.685
159632.SZ,20251017,2.028,2.015,2.015,1.991,1.991,-0.037,-1.8245,1085589.0,217483.53
159632.SZ,20251020,1.991,2.027,2.042,2.022,2.041,0.05,2.5113,1185077.0,240680.028
159632.SZ,20251021,2.041,2.066,2.068,2.05,2.057,0.016,0.7839,1288526.0,265330.798
159632.SZ,20251022,2.057,2.055,2.09,2.049,2.083,0.026,1.264,1282466.0,265524.017
159632.SZ,20251023,2.083,2.067,2.08,2.057,2.078,-0.005,-0.24,1566150.0,324043.713
159632.SZ,20251024,2.078,2.097,2.122,2.091,2.114,0.036,1.7324,1435058.0,302180.861
159632.SZ,20251027,2.114,2.15,2.178,2.145,2.178,0.064,3.0274,1406404.0,304553.85
159632.SZ,20251028,2.178,2.2,2.219,2.153,2.182,0.004,0.1837,2309078.0,504506.404
159632.SZ,20251029,2.182,2.21,2.224,2.194,2.224,0.042,1.9248,1481737.0,327046.763
159632.SZ,20251030,2.224,2.219,2.235,2.191,2.197,-0.027,-1.214,1815358.0,401816.343
159632.SZ,20251031,2.197,2.196,2.21,2.187,2.194,-0.003,-0.1365,1197324.0,262671.789
159632.SZ,20251103,2.194,2.207,2.207,2.188,2.192,-0.002,-0.0912,798284.34,175403.696
159632.SZ,20251104,2.192,2.19,2.194,2.139,2.159,-0.033,-1.5055,1308574.0,283095.201
159632.SZ,20251105,2.159,2.1,2.143,2.095,2.133,-0.026,-1.2043,1734346.0,367079.789
159632.SZ,20251106,2.133,2.146,2.175,2.141,2.173,0.04,1.8753,866000.0,187223.279
159632.SZ,20251107,2.173,2.132,2.154,2.128,2.146,-0.027,-1.2425,1049112.0,224786.771
159632.SZ,20251110,2.146,2.167,2.185,2.164,2.184,0.038,1.7707,1012983.0,220062.51
159632.SZ,20251111,2.184,2.21,2.215,2.188,2.2,0.016,0.7326,1129651.0,248805.415
159632.SZ,20251112,2.2,2.205,2.213,2.205,2.213,0.013,0.5909,534735.38,118180.641
159632.SZ,20251113,2.213,2.204,2.214,2.199,2.211,-0.002,-0.0904,745942.0,164564.864
159632.SZ,20251114,2.211,2.17,2.173,2.154,2.157,-0.054,-2.4423,1223637.24,265047.506
159632.SZ,20251117,2.157,2.178,2.178,2.14,2.149,-0.008,-0.3709,926503.0,200503.82
159632.SZ,20251118,2.149,2.121,2.129,2.072,2.075,-0.074,-3.4435,1217308.0,255579.549
159632.SZ,20251119,2.075,2.067,2.087,2.055,2.075,0.0,0.0,896480.0,185874.002
159632.SZ,20251120,2.075,2.124,2.148,2.12,2.148,0.073,3.5181,1047571.0,223420.822
159632.SZ,20251121,2.148,2.053,2.1,2.053,2.079,-0.069,-3.2123,919273.0,190988.601
159632.SZ,20251124,2.079,2.104,2.111,2.083,2.093,0.014,0.6734,695216.0,145594.762
159632.SZ,20251125,2.093,2.141,2.146,2.136,2.138,0.045,2.15,621001.0,132974.537
159632.SZ,20251126,2.138,2.155,2.167,2.152,2.162,0.024,1.1225,818086.0,176882.028
159632.SZ,20251127,2.162,2.176,2.179,2.156,2.156,-0.006,-0.2775,808727.0,175136.631
159632.SZ,20251128,2.156,2.166,2.178,2.16,2.177,0.021,0.974,485142.22,105170.252
159632.SZ,20251201,2.177,2.168,2.182,2.156,2.162,-0.015,-0.689,957113.0,207249.655
159632.SZ,20251202,2.162,2.174,2.174,2.158,2.162,0.0,0.0,510894.0,110517.875
159632.SZ,20251203,2.162,2.175,2.194,2.174,2.194,0.032,1.4801,847380.0,185142.562
159632.SZ,20251204,2.194,2.194,2.194,2.179,2.186,-0.008,-0.3646,860529.0,188084.083
159632.SZ,20251205,2.186,2.19,2.19,2.179,2.183,-0.003,-0.1372,940157.01,205278.145
159632.SZ,20251208,2.183,2.183,2.188,2.174,2.176,-0.007,-0.3207,655880.01,142929.058
159632.SZ,20251209,2.176,2.165,2.167,2.145,2.149,-0.027,-1.2408,696361.0,149751.327
159632.SZ,20251210,2.149,2.147,2.168,2.145,2.157,0.008,0.3723,553204.02,119374.798
159632.SZ,20251211,2.157,2.156,2.165,2.135,2.14,-0.017,-0.7881,679629.0,145964.824
159632.SZ,20251212,2.14,2.152,2.153,2.142,2.144,0.004,0.1869,498000.0,106917.906
159632.SZ,20251215,2.144,2.11,2.128,2.106,2.125,-0.019,-0.8862,516916.0,109585.224
159632.SZ,20251216,2.125,2.11,2.114,2.086,2.091,-0.034,-1.6,679135.0,142425.756
159632.SZ,20251217,2.091,2.098,2.124,2.098,2.117,0.026,1.2434,631515.0,133440.59
159632.SZ,20251218,2.117,2.086,2.095,2.082,2.094,-0.023,-1.0864,546991.96,114304.096
159632.SZ,20251219,2.094,2.115,2.122,2.111,2.119,0.025,1.1939,549048.0,116198.636
159632.SZ,20251222,2.119,2.151,2.162,2.148,2.162,0.043,2.0293,538298.0,116075.39
159632.SZ,20251223,2.162,2.162,2.168,2.147,2.15,-0.012,-0.555,420980.0,90625.494
159632.SZ,20251224,2.15,2.16,2.16,2.144,2.146,-0.004,-0.186,357224.0,76801.572
159632.SZ,20251225,2.146,2.144,2.148,2.134,2.135,-0.011,-0.5126,299895.0,64127.825
159632.SZ,20251226,2.135,2.143,2.146,2.128,2.129,-0.006,-0.281,488764.0,104296.967
159632.SZ,20251229,2.129,2.127,2.128,2.106,2.112,-0.017,-0.7985,507595.0,107205.335
159632.SZ,20251230,2.112,2.106,2.117,2.095,2.112,0.0,0.0,620462.0,130397.517
159632.SZ,20251231,2.112,2.096,2.105,2.094,2.098,-0.014,-0.6629,704514.76,147868.087
159632.SZ,20260105,2.098,2.108,2.15,2.104,2.128,0.03,1.4299,1114685.0,236777.85
159632.SZ,20260106,2.128,2.129,2.133,2.115,2.133,0.005,0.235,589386.0,125354.578
159632.SZ,20260107,2.133,2.14,2.141,2.125,2.126,-0.007,-0.3282,408061.0,87031.872
159632.SZ,20260108,2.126,2.125,2.125,2.114,2.116,-0.01,-0.4704,405210.0,85883.581
159632.SZ,20260109,2.116,2.112,2.118,2.103,2.115,-0.001,-0.0473,515342.0,108746.682
159632.SZ,20260112,2.115,2.116,2.117,2.107,2.109,-0.006,-0.2837,591218.78,124802.775
159632.SZ,20260113,2.109,2.113,2.133,2.106,2.131,0.022,1.0431,835074.29,176663.248
159632.SZ,20260114,2.131,2.126,2.126,2.113,2.116,-0.015,-0.7039,750854.0,158829.47
159632.SZ,20260115,2.116,2.099,2.126,2.098,2.126,0.01,0.4726,1047366.03,221130.136
159632.SZ,20260116,2.126,2.125,2.131,2.113,2.12,-0.006,-0.2822,502183.0,106450.614
159632.SZ,20260119,2.12,2.096,2.108,2.093,2.095,-0.025,-1.1792,520353.0,109183.689
159632.SZ,20260120,2.095,2.095,2.098,2.072,2.078,-0.017,-0.8115,597181.0,124428.378
159632.SZ,20260121,2.078,2.065,2.075,2.054,2.068,-0.01,-0.4812,1138320.0,235202.801
159632.SZ,20260122,2.068,2.093,2.109,2.088,2.104,0.036,1.7408,972828.05,204328.433
159632.SZ,20260123,2.104,2.108,2.109,2.087,2.096,-0.008,-0.3802,880247.0,184770.596
159632.SZ,20260126,2.096,2.09,2.09,2.076,2.077,-0.019,-0.9065,742149.0,154394.371
159632.SZ,20260127,2.077,2.092,2.117,2.088,2.109,0.032,1.5407,1386609.34,291788.399
159632.SZ,20260128,2.109,2.125,2.134,2.121,2.128,0.019,0.9009,756314.0,160829.132
159632.SZ,20260129,2.128,2.117,2.12,2.107,2.112,-0.016,-0.7519,667967.0,141241.085
159632.SZ,20260130,2.112,2.095,2.107,2.084,2.099,-0.013,-0.6155,1042227.0,218519.599
159632.SZ,20260202,2.099,2.085,2.089,2.039,2.048,-0.051,-2.4297,948101.0,195571.044
159632.SZ,20260203,2.048,2.085,2.094,2.076,2.09,0.042,2.0508,1084605.34,226346.267
159632.SZ,20260204,2.09,2.06,2.072,2.047,2.072,-0.018,-0.8612,1037292.05,213342.585
159632.SZ,20260205,2.072,2.05,2.055,2.038,2.051,-0.021,-1.0135,1096935.0,224441.828
159632.SZ,20260206,2.051,2.006,2.022,2.005,2.011,-0.04,-1.9503,1824332.17,367419.362
159632.SZ,20260209,2.011,2.049,2.054,2.046,2.046,0.035,1.7404,1796221.24,368024.172
159632.SZ,20260210,2.046,2.053,2.054,2.047,2.047,0.001,0.0489,794167.92,162971.077
159632.SZ,20260211,2.047,2.046,2.053,2.043,2.049,0.002,0.0977,794720.04,162749.463
159632.SZ,20260212,2.049,2.05,2.06,2.041,2.042,-0.007,-0.3416,1139536.0,233300.534
159632.SZ,20260213,2.042,2.01,2.035,2.007,2.035,-0.007,-0.3428,1464671.19,295856.146
159632.SZ,20260224,2.035,2.028,2.028,2.008,2.021,-0.014,-0.688,1191656.29,240197.213
159632.SZ,20260225,2.021,2.037,2.037,2.02,2.02,-0.001,-0.0495,1309961.05,265328.334
159632.SZ,20260226,2.02,2.032,2.042,2.032,2.035,0.015,0.7426,1151551.88,234482.066
159632.SZ,20260227,2.035,2.02,2.023,2.012,2.021,-0.014,-0.688,786774.0,158756.856
159632.SZ,20260302,2.021,2.008,2.016,1.995,1.997,-0.024,-1.1875,1198430.36,240058.237
159632.SZ,20260303,1.997,2.009,2.009,1.982,1.984,-0.013,-0.651,1028627.0,205200.157
159632.SZ,20260304,1.984,1.972,1.988,1.958,1.96,-0.024,-1.2097,1743722.05,343833.774
159632.SZ,20260305,1.96,1.997,2.013,1.99,2.011,0.051,2.602,1772283.4,355273.353
159632.SZ,20260306,2.011,2.007,2.012,1.997,2.009,-0.002,-0.0995,1397889.0,280269.226
159632.SZ,20260309,2.009,1.95,1.965,1.945,1.962,-0.047,-2.3395,1731825.0,338646.053
159632.SZ,20260310,1.962,1.997,2.018,1.993,2.0,0.038,1.9368,1592535.0,319052.259
159632.SZ,20260311,2.0,2.007,2.012,2.001,2.002,0.002,0.1,850091.0,170482.541
159632.SZ,20260312,2.002,1.992,1.997,1.988,1.993,-0.009,-0.4496,652468.0,129976.662
159632.SZ,20260313,1.993,1.976,1.981,1.971,1.973,-0.02,-1.0035,728932.0,143984.757
159632.SZ,20260316,1.973,1.97,1.98,1.964,1.98,0.007,0.3548,966548.0,190524.518
159632.SZ,20260317,1.98,1.984,1.987,1.969,1.969,-0.011,-0.5556,968165.3,191825.282
159632.SZ,20260318,1.969,1.987,2.004,1.985,1.996,0.027,1.3713,1264120.0,252148.974
159632.SZ,20260319,1.996,1.968,1.974,1.95,1.956,-0.04,-2.004,1501965.0,294648.772
159632.SZ,20260320,1.956,1.962,1.965,1.942,1.942,-0.014,-0.7157,1066987.0,208458.899
159632.SZ,20260323,1.942,1.903,1.91,1.867,1.874,-0.068,-3.5015,2347685.0,442747.632
159632.SZ,20260324,1.874,1.9,1.925,1.89,1.918,0.044,2.3479,1504676.3,285802.047
159632.SZ,20260325,1.918,1.926,1.941,1.926,1.934,0.016,0.8342,1179479.0,227948.529
159632.SZ,20260326,1.934,1.93,1.938,1.915,1.919,-0.015,-0.7756,1049559.0,202060.366
159632.SZ,20260327,1.919,1.884,1.912,1.884,1.907,-0.012,-0.6253,994126.0,188891.918
159632.SZ,20260330,1.907,1.868,1.88,1.858,1.879,-0.028,-1.4683,1566838.0,292586.702
159632.SZ,20260331,1.879,1.874,1.882,1.86,1.865,-0.014,-0.7451,1274374.0,238164.457
159632.SZ,20260401,1.865,1.918,1.949,1.912,1.947,0.082,4.3968,1823530.0,351194.981
159632.SZ,20260402,1.947,1.931,1.932,1.908,1.916,-0.031,-1.5922,1691263.0,324091.933
159632.SZ,20260403,1.916,1.934,1.936,1.92,1.921,0.005,0.261,806019.0,155216.079
159632.SZ,20260407,1.921,1.925,1.931,1.923,1.925,0.004,0.2082,788860.0,151983.239
159632.SZ,20260408,1.925,1.989,2.019,1.982,2.016,0.091,4.7273,1609571.54,322680.204
159632.SZ,20260409,2.016,1.997,2.008,1.984,1.999,-0.017,-0.8433,1081480.0,216131.543
159632.SZ,20260410,1.999,2.015,2.026,2.008,2.01,0.011,0.5503,887205.0,179127.533
159632.SZ,20260413,2.01,1.999,2.008,1.997,2.005,-0.005,-0.2488,1028037.0,205767.588
159632.SZ,20260414,2.005,2.045,2.045,2.034,2.038,0.033,1.6459,696306.0,141880.433
159632.SZ,20260415,2.038,2.077,2.085,2.067,2.074,0.036,1.7664,952580.5,197643.865
159632.SZ,20260416,2.074,2.105,2.12,2.105,2.119,0.045,2.1697,1220995.35,257931.24
159632.SZ,20260417,2.119,2.114,2.117,2.1,2.104,-0.015,-0.7079,623281.0,131284.721
159632.SZ,20260420,2.104,2.114,2.117,2.102,2.104,0.0,0.0,996653.42,210141.719
159632.SZ,20260421,2.104,2.114,2.114,2.095,2.107,0.003,0.1426,947681.66,199307.218
159632.SZ,20260422,2.107,2.106,2.115,2.099,2.113,0.006,0.2848,1126156.0,237160.3
159632.SZ,20260423,2.113,2.128,2.132,2.114,2.124,0.011,0.5206,1271064.0,269853.811
159632.SZ,20260424,2.124,2.125,2.131,2.122,2.13,0.006,0.2825,1026532.0,218326.428
159632.SZ,20260427,2.13,2.159,2.177,2.153,2.172,0.042,1.9718,1771285.5,383811.083
159632.SZ,20260428,2.172,2.17,2.182,2.168,2.172,0.0,0.0,1061939.0,230984.756
159632.SZ,20260429,2.172,2.161,2.168,2.145,2.161,-0.011,-0.5064,1096255.0,237157.216
159632.SZ,20260430,2.161,2.178,2.186,2.14,2.167,0.006,0.2776,1517203.0,329619.583
159632.SZ,20260506,2.167,2.23,2.25,2.228,2.245,0.078,3.5994,1317609.0,294726.089
159632.SZ,20260507,2.245,2.279,2.288,2.271,2.288,0.043,1.9154,1503817.0,343054.161
159632.SZ,20260508,2.288,2.281,2.295,2.274,2.29,0.002,0.0874,1661360.0,379131.3
159632.SZ,20260511,2.29,2.329,2.355,2.328,2.349,0.059,2.5764,1620626.0,379829.71
159632.SZ,20260512,2.349,2.344,2.344,2.318,2.319,-0.03,-1.2771,1161806.0,270748.908
159632.SZ,20260513,2.319,2.31,2.341,2.308,2.335,0.016,0.69,1227061.0,285033.326
159632.SZ,20260514,2.335,2.365,2.365,2.336,2.345,0.01,0.4283,1606470.0,377113.619
159632.SZ,20260515,2.345,2.346,2.353,2.313,2.326,-0.019,-0.8102,2457437.29,573736.537
159632.SZ,20260518,2.326,2.289,2.308,2.28,2.283,-0.043,-1.8487,2017665.58,462464.716
159632.SZ,20260519,2.283,2.281,2.286,2.262,2.276,-0.007,-0.3066,1534368.0,348669.281
159632.SZ,20260520,2.276,2.266,2.291,2.256,2.29,0.014,0.6151,1541234.03,349768.702
159632.SZ,20260521,2.29,2.319,2.341,2.312,2.321,0.031,1.3537,2110029.0,490724.078
159632.SZ,20260522,2.321,2.342,2.353,2.335,2.352,0.031,1.3356,1450857.0,340432.508
159632.SZ,20260525,2.352,2.409,2.449,2.397,2.445,0.093,3.9541,2964609.88,716676.235
159632.SZ,20260526,2.445,2.435,2.446,2.405,2.411,-0.034,-1.3906,1377430.48,333854.491
159632.SZ,20260527,2.411,2.442,2.465,2.442,2.462,0.051,2.1153,1512221.85,371484.593
159632.SZ,20260528,2.462,2.461,2.461,2.405,2.439,-0.023,-0.93,1617402.0,394322.2665
159632.SZ,20260529,2.439,2.467,2.51,2.464,2.508,0.069,2.83,1550696.0,385929.8613
159632.SZ,20260601,2.508,2.529,2.611,2.528,2.605,0.097,3.87,2730279.48,702773.4096
159632.SZ,20260602,2.605,2.58,2.588,2.526,2.571,-0.034,-1.31,2627600.66,674840.7394
159632.SZ,20260603,2.571,2.595,2.599,2.502,2.532,-0.039,-1.52,3328143.84,848587.5501
159632.SZ,20260604,2.532,2.49,2.504,2.459,2.472,-0.06,-2.37,2482974.48,614973.7556
159632.SZ,20260605,2.472,2.431,2.473,2.422,2.439,-0.033,-1.34,1864955.0,456879.0722
159632.SZ,20260608,2.439,2.329,2.373,2.329,2.341,-0.098,-4.02,3228953.9,758428.7755
159632.SZ,20260609,2.341,2.376,2.435,2.373,2.427,0.086,3.67,2742850.0,658421.5892
159632.SZ,20260610,2.427,2.384,2.384,2.349,2.36,-0.067,-2.76,2631252.76,621962.3209
159632.SZ,20260611,2.36,2.337,2.348,2.302,2.337,-0.023,-0.98,3568795.16,827867.7352
159632.SZ,20260612,2.337,2.419,2.422,2.373,2.376,0.039,1.67,2742060.74,659012.6038
159632.SZ,20260615,2.376,2.45,2.482,2.442,2.478,0.102,4.29,2622529.44,645942.0365
159632.SZ,20260616,2.478,2.502,2.528,2.496,2.514,0.036,1.45,2780269.54,699136.7094
159632.SZ,20260617,2.514,2.479,2.518,2.476,2.515,0.001,0.04,2760668.98,689219.2122
159632.SZ,20260618,2.515,2.507,2.512,2.473,2.501,-0.014,-0.56,2682451.16,668983.3982
159632.SZ,20260622,2.501,2.52,2.533,2.483,2.507,0.006,0.24,2429417.0,609356.3329
159632.SZ,20260623,2.507,2.476,2.498,2.421,2.428,-0.079,-3.15,2177788.71,534298.3256
159632.SZ,20260624,2.428,2.406,2.451,2.403,2.444,0.016,0.66,1896503.06,460816.5062
159632.SZ,20260625,2.444,2.462,2.478,2.444,2.477,0.033,1.35,1469649.0,362186.9401
159632.SZ,20260626,2.477,2.433,2.434,2.385,2.41,-0.067,-2.71,2321484.92,559343.7502
159632.SZ,20260629,2.41,2.412,2.427,2.403,2.419,0.009,0.37,1317577.18,318048.6155
159632.SZ,20260630,2.419,2.452,2.468,2.449,2.461,0.042,1.74,1410190.05,346470.2983
159632.SZ,20260701,2.461,2.489,2.495,2.46,2.47,0.009,0.37,1774130.7,438566.7595
159632.SZ,20260702,2.47,2.45,2.464,2.402,2.407,-0.063,-2.55,1372119.94,334207.2198
159632.SZ,20260703,2.407,2.397,2.428,2.39,2.418,0.011,0.46,1487700.0,358967.2236
159632.SZ,20260706,2.418,2.418,2.427,2.392,2.422,0.004,0.17,973818.0,234548.2238
159632.SZ,20260707,2.422,2.416,2.423,2.397,2.413,-0.009,-0.37,1862919.0,448677.2887
159632.SZ,20260708,2.413,2.404,2.404,2.373,2.376,-0.037,-1.53,1524786.0,364204.8107
159632.SZ,20260709,2.376,2.393,2.414,2.379,2.412,0.036,1.52,1395556.62,334171.0576
159632.SZ,20260710,2.412,2.426,2.432,2.412,2.414,0.002,0.08,1878924.99,455345.7941
159632.SZ,20260713,2.414,2.399,2.417,2.396,2.396,-0.018,-0.75,840604.0,202136.9636
159632.SZ,20260714,2.396,2.382,2.405,2.363,2.402,0.006,0.25,1347103.0,321160.8145
159632.SZ,20260715,2.402,2.422,2.44,2.412,2.44,0.038,1.58,1177083.74,285477.1213
159632.SZ,20260716,2.44,2.41,2.419,2.402,2.407,-0.033,-1.35,1422028.0,342814.7974
159632.SZ,20260717,2.407,2.363,2.365,2.322,2.326,-0.081,-3.37,2180357.87,510158.4078
159632.SZ,20260720,2.326,2.33,2.346,2.325,2.327,0.001,0.04,1122667.0,261868.4779
159632.SZ,20260721,2.327,2.337,2.37,2.334,2.369,0.042,1.81,1141711.0,268746.6897
159632.SZ,20260722,2.369,2.373,2.385,2.361,2.363,-0.006,-0.25,1204015.0,286073.1965
159632.SZ,20260723,2.363,2.375,2.378,2.357,2.363,0.0,0.0,723183.61,171132.6911
159632.SZ,20260724,2.363,2.327,2.336,2.323,2.33,-0.033,-1.4,1043783.42,243158.9478
159632.SZ,20260727,2.33,2.332,2.351,2.326,2.348,0.018,0.77,1203290.0,281540.4363
159632.SZ,20260728,2.348,2.295,2.301,2.278,2.283,-0.065,-2.77,1606905.0,367735.7761
159632.SZ,20260729,2.283,2.287,2.292,2.271,2.29,0.007,0.31,1334768.38,304340.6032
159632.SZ,20260730,2.29,2.269,2.27,2.245,2.256,-0.034,-1.49,1196912.0,270080.2745
