ts_code,trade_date,fd_share,fund_type,market
511010.SH,20130305,542362.8798,CEF,SH
511010.SH,20130306,5423.6287,CEF,SH
511010.SH,20130322,5423.6287,CEF,SH
511010.SH,20130325,5116.63,CEF,SH
511010.SH,20130326,4100.0,CEF,SH
511010.SH,20130327,4200.0,CEF,SH
511010.SH,20130328,3700.0,CEF,SH
511010.SH,20130329,3400.0,CEF,SH
511010.SH,20130401,3300.0,CEF,SH
511010.SH,20130402,3000.0,CEF,SH
511010.SH,20130408,2800.0,CEF,SH
511010.SH,20130409,2700.0,CEF,SH
511010.SH,20130410,2400.0,CEF,SH
511010.SH,20130411,2300.0,CEF,SH
511010.SH,20130412,2200.0,CEF,SH
511010.SH,20130415,2300.0,CEF,SH
511010.SH,20130416,2200.0,CEF,SH
511010.SH,20130417,2100.0,CEF,SH
511010.SH,20130419,2200.0,CEF,SH
511010.SH,20130422,2500.0,CEF,SH
511010.SH,20130503,2400.0,CEF,SH
511010.SH,20130506,2500.0,CEF,SH
511010.SH,20130508,2400.0,CEF,SH
511010.SH,20130509,2300.0,CEF,SH
511010.SH,20130510,2400.0,CEF,SH
511010.SH,20130513,2600.0,CEF,SH
511010.SH,20130514,2500.0,CEF,SH
511010.SH,20130520,2400.0,CEF,SH
511010.SH,20130521,2500.0,CEF,SH
511010.SH,20130527,2400.0,CEF,SH
511010.SH,20130528,2500.0,CEF,SH
511010.SH,20130529,2400.0,CEF,SH
511010.SH,20130530,2300.0,CEF,SH
511010.SH,20130531,2400.0,CEF,SH
511010.SH,20130603,2300.0,CEF,SH
511010.SH,20130606,2200.0,CEF,SH
511010.SH,20130607,2300.0,CEF,SH
511010.SH,20130614,2100.0,CEF,SH
511010.SH,20130617,1800.0,CEF,SH
511010.SH,20130618,1600.0,CEF,SH
511010.SH,20130619,1500.0,CEF,SH
511010.SH,20130620,1400.0,CEF,SH
511010.SH,20130621,1300.0,CEF,SH
511010.SH,20130624,1200.0,CEF,SH
511010.SH,20130625,1300.0,CEF,SH
511010.SH,20130626,1200.0,CEF,SH
511010.SH,20130627,1300.0,CEF,SH
511010.SH,20130630,1334.6287,CEF,SH
511010.SH,20130701,1300.0,CEF,SH
511010.SH,20130702,1400.0,CEF,SH
511010.SH,20130703,1300.0,CEF,SH
511010.SH,20130704,1400.0,CEF,SH
511010.SH,20130705,1300.0,CEF,SH
511010.SH,20130708,1400.0,CEF,SH
511010.SH,20130709,1300.0,CEF,SH
511010.SH,20130711,1400.0,CEF,SH
511010.SH,20130712,1300.0,CEF,SH
511010.SH,20130715,1400.0,CEF,SH
511010.SH,20130716,1300.0,CEF,SH
511010.SH,20130723,1200.0,CEF,SH
511010.SH,20130724,1300.0,CEF,SH
511010.SH,20130729,1200.0,CEF,SH
511010.SH,20130730,1300.0,CEF,SH
511010.SH,20130801,1200.0,CEF,SH
511010.SH,20130802,1300.0,CEF,SH
511010.SH,20130807,1400.0,CEF,SH
511010.SH,20130808,1300.0,CEF,SH
511010.SH,20130823,1400.0,CEF,SH
511010.SH,20130827,1300.0,CEF,SH
511010.SH,20130828,1400.0,CEF,SH
511010.SH,20130906,1300.0,CEF,SH
511010.SH,20130909,1400.0,CEF,SH
511010.SH,20130924,1300.0,CEF,SH
511010.SH,20130927,1400.0,CEF,SH
511010.SH,20130930,1380.6287,CEF,SH
511010.SH,20131008,1400.0,CEF,SH
511010.SH,20131009,1300.0,CEF,SH
511010.SH,20131010,1600.0,CEF,SH
511010.SH,20131015,1500.0,CEF,SH
511010.SH,20131022,1400.0,CEF,SH
511010.SH,20131031,1300.0,CEF,SH
511010.SH,20131101,1400.0,CEF,SH
511010.SH,20131105,1300.0,CEF,SH
511010.SH,20131107,1200.0,CEF,SH
511010.SH,20131111,1100.0,CEF,SH
511010.SH,20131118,1000.0,CEF,SH
511010.SH,20131125,1100.0,CEF,SH
511010.SH,20131202,1000.0,CEF,SH
511010.SH,20131203,1100.0,CEF,SH
511010.SH,20131226,1000.0,CEF,SH
511010.SH,20131231,925.6287,CEF,SH
511010.SH,20140102,900.0,CEF,SH
511010.SH,20140210,800.0,CEF,SH
511010.SH,20140331,800.6287,CEF,SH
511010.SH,20140402,700.0,CEF,SH
511010.SH,20140507,600.0,CEF,SH
511010.SH,20140526,700.0,CEF,SH
511010.SH,20140627,600.0,CEF,SH
511010.SH,20140630,587.6287,CEF,SH
511010.SH,20140701,600.0,CEF,SH
511010.SH,20140709,500.0,CEF,SH
511010.SH,20140718,400.0,CEF,SH
511010.SH,20140930,362.6287,CEF,SH
511010.SH,20141008,400.0,CEF,SH
511010.SH,20141231,362.6287,CEF,SH
511010.SH,20150105,400.0,CEF,SH
511010.SH,20150109,300.0,CEF,SH
511010.SH,20150330,400.0,CEF,SH
511010.SH,20150331,354.6287,CEF,SH
511010.SH,20150401,400.0,CEF,SH
511010.SH,20150630,363.6287,CEF,SH
511010.SH,20150701,400.0,CEF,SH
511010.SH,20150702,400.0,CEF,SH
511010.SH,20150703,400.0,CEF,SH
511010.SH,20150706,400.0,CEF,SH
511010.SH,20150707,400.0,CEF,SH
511010.SH,20150708,400.0,CEF,SH
511010.SH,20150709,400.0,CEF,SH
511010.SH,20150710,400.0,CEF,SH
511010.SH,20150713,400.0,CEF,SH
511010.SH,20150714,400.0,CEF,SH
511010.SH,20150715,400.0,CEF,SH
511010.SH,20150716,400.0,CEF,SH
511010.SH,20150717,400.0,CEF,SH
511010.SH,20150720,400.0,CEF,SH
511010.SH,20150721,400.0,CEF,SH
511010.SH,20150722,400.0,CEF,SH
511010.SH,20150723,400.0,CEF,SH
511010.SH,20150724,400.0,CEF,SH
511010.SH,20150727,400.0,CEF,SH
511010.SH,20150728,400.0,CEF,SH
511010.SH,20150729,400.0,CEF,SH
511010.SH,20150730,400.0,CEF,SH
511010.SH,20150731,400.0,CEF,SH
511010.SH,20150803,400.0,CEF,SH
511010.SH,20150804,400.0,CEF,SH
511010.SH,20150805,400.0,CEF,SH
511010.SH,20150806,400.0,CEF,SH
511010.SH,20150807,400.0,CEF,SH
511010.SH,20150810,400.0,CEF,SH
511010.SH,20150811,500.0,CEF,SH
511010.SH,20150812,500.0,CEF,SH
511010.SH,20150813,500.0,CEF,SH
511010.SH,20150814,500.0,CEF,SH
511010.SH,20150817,500.0,CEF,SH
511010.SH,20150818,500.0,CEF,SH
511010.SH,20150819,500.0,CEF,SH
511010.SH,20150820,500.0,CEF,SH
511010.SH,20150821,500.0,CEF,SH
511010.SH,20150824,500.0,CEF,SH
511010.SH,20150825,500.0,CEF,SH
511010.SH,20150826,500.0,CEF,SH
511010.SH,20150827,500.0,CEF,SH
511010.SH,20150828,500.0,CEF,SH
511010.SH,20150831,500.0,CEF,SH
511010.SH,20150901,500.0,CEF,SH
511010.SH,20150902,500.0,CEF,SH
511010.SH,20150907,500.0,CEF,SH
511010.SH,20150908,600.0,CEF,SH
511010.SH,20150909,600.0,CEF,SH
511010.SH,20150910,600.0,CEF,SH
511010.SH,20150911,600.0,CEF,SH
511010.SH,20150914,600.0,CEF,SH
511010.SH,20150915,600.0,CEF,SH
511010.SH,20150916,600.0,CEF,SH
511010.SH,20150917,600.0,CEF,SH
511010.SH,20150918,600.0,CEF,SH
511010.SH,20150921,700.0,CEF,SH
511010.SH,20150922,700.0,CEF,SH
511010.SH,20150923,700.0,CEF,SH
511010.SH,20150924,800.0,CEF,SH
511010.SH,20150925,800.0,CEF,SH
511010.SH,20150928,800.0,CEF,SH
511010.SH,20150929,800.0,CEF,SH
511010.SH,20150930,770.6287,CEF,SH
511010.SH,20151008,800.0,CEF,SH
511010.SH,20151009,800.0,CEF,SH
511010.SH,20151012,800.0,CEF,SH
511010.SH,20151013,800.0,CEF,SH
511010.SH,20151014,800.0,CEF,SH
511010.SH,20151015,800.0,CEF,SH
511010.SH,20151016,800.0,CEF,SH
511010.SH,20151019,800.0,CEF,SH
511010.SH,20151020,800.0,CEF,SH
511010.SH,20151021,800.0,CEF,SH
511010.SH,20151022,800.0,CEF,SH
511010.SH,20151023,800.0,CEF,SH
511010.SH,20151026,800.0,CEF,SH
511010.SH,20151027,800.0,CEF,SH
511010.SH,20151028,800.0,CEF,SH
511010.SH,20151029,800.0,CEF,SH
511010.SH,20151030,800.0,CEF,SH
511010.SH,20151102,800.0,CEF,SH
511010.SH,20151103,800.0,CEF,SH
511010.SH,20151104,800.0,CEF,SH
511010.SH,20151105,800.0,CEF,SH
511010.SH,20151106,800.0,CEF,SH
511010.SH,20151109,700.0,CEF,SH
511010.SH,20151110,700.0,CEF,SH
511010.SH,20151111,700.0,CEF,SH
511010.SH,20151112,700.0,CEF,SH
511010.SH,20151113,700.0,CEF,SH
511010.SH,20151116,700.0,CEF,SH
511010.SH,20151117,700.0,CEF,SH
511010.SH,20151118,700.0,CEF,SH
511010.SH,20151119,700.0,CEF,SH
511010.SH,20151120,700.0,CEF,SH
511010.SH,20151123,700.0,CEF,SH
511010.SH,20151124,700.0,CEF,SH
511010.SH,20151125,700.0,CEF,SH
511010.SH,20151126,700.0,CEF,SH
511010.SH,20151127,700.0,CEF,SH
511010.SH,20151130,700.0,CEF,SH
511010.SH,20151201,700.0,CEF,SH
511010.SH,20151202,700.0,CEF,SH
511010.SH,20151203,700.0,CEF,SH
511010.SH,20151204,700.0,CEF,SH
511010.SH,20151207,700.0,CEF,SH
511010.SH,20151208,700.0,CEF,SH
511010.SH,20151209,700.0,CEF,SH
511010.SH,20151210,700.0,CEF,SH
511010.SH,20151211,700.0,CEF,SH
511010.SH,20151214,700.0,CEF,SH
511010.SH,20151215,700.0,CEF,SH
511010.SH,20151216,700.0,CEF,SH
511010.SH,20151217,600.0,CEF,SH
511010.SH,20151218,600.0,CEF,SH
511010.SH,20151221,600.0,CEF,SH
511010.SH,20151222,800.0,CEF,SH
511010.SH,20151223,900.0,CEF,SH
511010.SH,20151224,900.0,CEF,SH
511010.SH,20151225,1000.0,CEF,SH
511010.SH,20151228,1000.0,CEF,SH
511010.SH,20151229,1000.0,CEF,SH
511010.SH,20151230,1000.0,CEF,SH
511010.SH,20151231,1010.6287,CEF,SH
511010.SH,20160104,1000.0,CEF,SH
511010.SH,20160105,1000.0,CEF,SH
511010.SH,20160106,1100.0,CEF,SH
511010.SH,20160107,1100.0,CEF,SH
511010.SH,20160108,1300.0,CEF,SH
511010.SH,20160111,1300.0,CEF,SH
511010.SH,20160112,1300.0,CEF,SH
511010.SH,20160113,1300.0,CEF,SH
511010.SH,20160114,1300.0,CEF,SH
511010.SH,20160115,1300.0,CEF,SH
511010.SH,20160118,1200.0,CEF,SH
511010.SH,20160119,900.0,CEF,SH
511010.SH,20160120,700.0,CEF,SH
511010.SH,20160121,700.0,CEF,SH
511010.SH,20160122,700.0,CEF,SH
511010.SH,20160125,700.0,CEF,SH
511010.SH,20160126,700.0,CEF,SH
511010.SH,20160127,700.0,CEF,SH
511010.SH,20160128,700.0,CEF,SH
511010.SH,20160129,700.0,CEF,SH
511010.SH,20160201,700.0,CEF,SH
511010.SH,20160202,700.0,CEF,SH
511010.SH,20160203,700.0,CEF,SH
511010.SH,20160204,600.0,CEF,SH
511010.SH,20160205,600.0,CEF,SH
511010.SH,20160215,600.0,CEF,SH
511010.SH,20160216,600.0,CEF,SH
511010.SH,20160217,600.0,CEF,SH
511010.SH,20160218,600.0,CEF,SH
511010.SH,20160219,600.0,CEF,SH
511010.SH,20160222,500.0,CEF,SH
511010.SH,20160223,500.0,CEF,SH
511010.SH,20160224,500.0,CEF,SH
511010.SH,20160225,500.0,CEF,SH
511010.SH,20160226,500.0,CEF,SH
511010.SH,20160229,500.0,CEF,SH
511010.SH,20160301,500.0,CEF,SH
511010.SH,20160302,500.0,CEF,SH
511010.SH,20160303,500.0,CEF,SH
511010.SH,20160304,500.0,CEF,SH
511010.SH,20160307,500.0,CEF,SH
511010.SH,20160308,500.0,CEF,SH
511010.SH,20160309,500.0,CEF,SH
511010.SH,20160310,500.0,CEF,SH
511010.SH,20160311,500.0,CEF,SH
511010.SH,20160314,500.0,CEF,SH
511010.SH,20160315,500.0,CEF,SH
511010.SH,20160316,500.0,CEF,SH
511010.SH,20160317,500.0,CEF,SH
511010.SH,20160318,500.0,CEF,SH
511010.SH,20160321,400.0,CEF,SH
511010.SH,20160322,400.0,CEF,SH
511010.SH,20160323,400.0,CEF,SH
511010.SH,20160324,400.0,CEF,SH
511010.SH,20160325,400.0,CEF,SH
511010.SH,20160328,400.0,CEF,SH
511010.SH,20160329,400.0,CEF,SH
511010.SH,20160330,400.0,CEF,SH
511010.SH,20160331,429.6287,CEF,SH
511010.SH,20160401,400.0,CEF,SH
511010.SH,20160405,400.0,CEF,SH
511010.SH,20160406,400.0,CEF,SH
511010.SH,20160407,400.0,CEF,SH
511010.SH,20160408,500.0,CEF,SH
511010.SH,20160411,500.0,CEF,SH
511010.SH,20160412,500.0,CEF,SH
511010.SH,20160413,500.0,CEF,SH
511010.SH,20160414,500.0,CEF,SH
511010.SH,20160415,500.0,CEF,SH
511010.SH,20160418,500.0,CEF,SH
511010.SH,20160419,500.0,CEF,SH
511010.SH,20160420,500.0,CEF,SH
511010.SH,20160421,500.0,CEF,SH
511010.SH,20160422,500.0,CEF,SH
511010.SH,20160425,500.0,CEF,SH
511010.SH,20160426,500.0,CEF,SH
511010.SH,20160427,500.0,CEF,SH
511010.SH,20160428,500.0,CEF,SH
511010.SH,20160429,500.0,CEF,SH
511010.SH,20160503,500.0,CEF,SH
511010.SH,20160504,500.0,CEF,SH
511010.SH,20160505,500.0,CEF,SH
511010.SH,20160506,500.0,CEF,SH
511010.SH,20160509,500.0,CEF,SH
511010.SH,20160510,500.0,CEF,SH
511010.SH,20160511,500.0,CEF,SH
511010.SH,20160512,500.0,CEF,SH
511010.SH,20160513,500.0,CEF,SH
511010.SH,20160516,500.0,CEF,SH
511010.SH,20160517,500.0,CEF,SH
511010.SH,20160518,500.0,CEF,SH
511010.SH,20160519,500.0,CEF,SH
511010.SH,20160520,600.0,CEF,SH
511010.SH,20160523,600.0,CEF,SH
511010.SH,20160524,600.0,CEF,SH
511010.SH,20160525,600.0,CEF,SH
511010.SH,20160526,600.0,CEF,SH
511010.SH,20160527,600.0,CEF,SH
511010.SH,20160530,600.0,CEF,SH
511010.SH,20160531,600.0,CEF,SH
511010.SH,20160601,600.0,CEF,SH
511010.SH,20160602,600.0,CEF,SH
511010.SH,20160603,600.0,CEF,SH
511010.SH,20160606,600.0,CEF,SH
511010.SH,20160607,600.0,CEF,SH
511010.SH,20160608,600.0,CEF,SH
511010.SH,20160613,600.0,CEF,SH
511010.SH,20160614,600.0,CEF,SH
511010.SH,20160615,600.0,CEF,SH
511010.SH,20160616,600.0,CEF,SH
511010.SH,20160617,600.0,CEF,SH
511010.SH,20160620,600.0,CEF,SH
511010.SH,20160621,600.0,CEF,SH
511010.SH,20160622,600.0,CEF,SH
511010.SH,20160623,600.0,CEF,SH
511010.SH,20160624,600.0,CEF,SH
511010.SH,20160627,600.0,CEF,SH
511010.SH,20160628,600.0,CEF,SH
511010.SH,20160629,600.0,CEF,SH
511010.SH,20160630,570.6287,CEF,SH
511010.SH,20160701,600.0,CEF,SH
511010.SH,20160704,600.0,CEF,SH
511010.SH,20160705,600.0,CEF,SH
511010.SH,20160706,600.0,CEF,SH
511010.SH,20160707,600.0,CEF,SH
511010.SH,20160708,600.0,CEF,SH
511010.SH,20160711,600.0,CEF,SH
511010.SH,20160712,600.0,CEF,SH
511010.SH,20160713,600.0,CEF,SH
511010.SH,20160714,600.0,CEF,SH
511010.SH,20160715,600.0,CEF,SH
511010.SH,20160718,600.0,CEF,SH
511010.SH,20160719,600.0,CEF,SH
511010.SH,20160720,600.0,CEF,SH
511010.SH,20160721,600.0,CEF,SH
511010.SH,20160722,600.0,CEF,SH
511010.SH,20160725,600.0,CEF,SH
511010.SH,20160726,600.0,CEF,SH
511010.SH,20160727,600.0,CEF,SH
511010.SH,20160728,600.0,CEF,SH
511010.SH,20160729,600.0,CEF,SH
511010.SH,20160801,600.0,CEF,SH
511010.SH,20160802,600.0,CEF,SH
511010.SH,20160803,700.0,CEF,SH
511010.SH,20160804,700.0,CEF,SH
511010.SH,20160805,700.0,CEF,SH
511010.SH,20160808,700.0,CEF,SH
511010.SH,20160809,700.0,CEF,SH
511010.SH,20160810,700.0,CEF,SH
511010.SH,20160811,700.0,CEF,SH
511010.SH,20160812,700.0,CEF,SH
511010.SH,20160815,700.0,CEF,SH
511010.SH,20160816,700.0,CEF,SH
511010.SH,20160817,700.0,CEF,SH
511010.SH,20160818,700.0,CEF,SH
511010.SH,20160819,700.0,CEF,SH
511010.SH,20160822,700.0,CEF,SH
511010.SH,20160823,700.0,CEF,SH
511010.SH,20160824,700.0,CEF,SH
511010.SH,20160825,600.0,CEF,SH
511010.SH,20160826,600.0,CEF,SH
511010.SH,20160829,600.0,CEF,SH
511010.SH,20160830,600.0,CEF,SH
511010.SH,20160831,700.0,CEF,SH
511010.SH,20160901,700.0,CEF,SH
511010.SH,20160902,700.0,CEF,SH
511010.SH,20160905,700.0,CEF,SH
511010.SH,20160906,700.0,CEF,SH
511010.SH,20160907,700.0,CEF,SH
511010.SH,20160908,700.0,CEF,SH
511010.SH,20160909,700.0,CEF,SH
511010.SH,20160912,700.0,CEF,SH
511010.SH,20160913,700.0,CEF,SH
511010.SH,20160914,700.0,CEF,SH
511010.SH,20160919,700.0,CEF,SH
511010.SH,20160920,700.0,CEF,SH
511010.SH,20160921,700.0,CEF,SH
511010.SH,20160922,700.0,CEF,SH
511010.SH,20160923,700.0,CEF,SH
511010.SH,20160926,700.0,CEF,SH
511010.SH,20160927,700.0,CEF,SH
511010.SH,20160928,700.0,CEF,SH
511010.SH,20160929,700.0,CEF,SH
511010.SH,20160930,675.6287,CEF,SH
511010.SH,20161010,700.0,CEF,SH
511010.SH,20161011,700.0,CEF,SH
511010.SH,20161012,700.0,CEF,SH
511010.SH,20161013,700.0,CEF,SH
511010.SH,20161014,700.0,CEF,SH
511010.SH,20161017,700.0,CEF,SH
511010.SH,20161018,700.0,CEF,SH
511010.SH,20161019,700.0,CEF,SH
511010.SH,20161020,700.0,CEF,SH
511010.SH,20161021,700.0,CEF,SH
511010.SH,20161024,700.0,CEF,SH
511010.SH,20161025,700.0,CEF,SH
511010.SH,20161026,700.0,CEF,SH
511010.SH,20161027,700.0,CEF,SH
511010.SH,20161028,700.0,CEF,SH
511010.SH,20161031,700.0,CEF,SH
511010.SH,20161101,700.0,CEF,SH
511010.SH,20161102,700.0,CEF,SH
511010.SH,20161103,700.0,CEF,SH
511010.SH,20161104,700.0,CEF,SH
511010.SH,20161107,700.0,CEF,SH
511010.SH,20161108,700.0,CEF,SH
511010.SH,20161109,700.0,CEF,SH
511010.SH,20161110,700.0,CEF,SH
511010.SH,20161111,700.0,CEF,SH
511010.SH,20161114,700.0,CEF,SH
511010.SH,20161115,700.0,CEF,SH
511010.SH,20161116,700.0,CEF,SH
511010.SH,20161117,700.0,CEF,SH
511010.SH,20161118,700.0,CEF,SH
511010.SH,20161121,700.0,CEF,SH
511010.SH,20161122,700.0,CEF,SH
511010.SH,20161123,700.0,CEF,SH
511010.SH,20161124,700.0,CEF,SH
511010.SH,20161125,700.0,CEF,SH
511010.SH,20161128,700.0,CEF,SH
511010.SH,20161129,700.0,CEF,SH
511010.SH,20161130,600.0,CEF,SH
511010.SH,20161201,600.0,CEF,SH
511010.SH,20161202,600.0,CEF,SH
511010.SH,20161205,600.0,CEF,SH
511010.SH,20161206,600.0,CEF,SH
511010.SH,20161207,600.0,CEF,SH
511010.SH,20161208,600.0,CEF,SH
511010.SH,20161209,600.0,CEF,SH
511010.SH,20161212,600.0,CEF,SH
511010.SH,20161213,600.0,CEF,SH
511010.SH,20161214,600.0,CEF,SH
511010.SH,20161215,600.0,CEF,SH
511010.SH,20161216,600.0,CEF,SH
511010.SH,20161219,600.0,CEF,SH
511010.SH,20161220,600.0,CEF,SH
511010.SH,20161221,600.0,CEF,SH
511010.SH,20161222,600.0,CEF,SH
511010.SH,20161223,600.0,CEF,SH
511010.SH,20161226,600.0,CEF,SH
511010.SH,20161227,600.0,CEF,SH
511010.SH,20161228,600.0,CEF,SH
511010.SH,20161229,500.0,CEF,SH
511010.SH,20161230,500.0,CEF,SH
511010.SH,20161231,535.6287,CEF,SH
511010.SH,20170103,500.0,CEF,SH
511010.SH,20170104,500.0,CEF,SH
511010.SH,20170105,500.0,CEF,SH
511010.SH,20170106,500.0,CEF,SH
511010.SH,20170109,500.0,CEF,SH
511010.SH,20170110,500.0,CEF,SH
511010.SH,20170111,500.0,CEF,SH
511010.SH,20170112,500.0,CEF,SH
511010.SH,20170113,500.0,CEF,SH
511010.SH,20170116,500.0,CEF,SH
511010.SH,20170117,500.0,CEF,SH
511010.SH,20170118,500.0,CEF,SH
511010.SH,20170119,500.0,CEF,SH
511010.SH,20170120,500.0,CEF,SH
511010.SH,20170123,500.0,CEF,SH
511010.SH,20170124,500.0,CEF,SH
511010.SH,20170125,500.0,CEF,SH
511010.SH,20170126,400.0,CEF,SH
511010.SH,20170203,400.0,CEF,SH
511010.SH,20170206,400.0,CEF,SH
511010.SH,20170207,400.0,CEF,SH
511010.SH,20170208,400.0,CEF,SH
511010.SH,20170209,400.0,CEF,SH
511010.SH,20170210,400.0,CEF,SH
511010.SH,20170213,400.0,CEF,SH
511010.SH,20170214,400.0,CEF,SH
511010.SH,20170215,400.0,CEF,SH
511010.SH,20170216,400.0,CEF,SH
511010.SH,20170217,400.0,CEF,SH
511010.SH,20170220,400.0,CEF,SH
511010.SH,20170221,400.0,CEF,SH
511010.SH,20170222,400.0,CEF,SH
511010.SH,20170223,400.0,CEF,SH
511010.SH,20170224,400.0,CEF,SH
511010.SH,20170227,400.0,CEF,SH
511010.SH,20170228,400.0,CEF,SH
511010.SH,20170301,400.0,CEF,SH
511010.SH,20170302,400.0,CEF,SH
511010.SH,20170303,400.0,CEF,SH
511010.SH,20170306,400.0,CEF,SH
511010.SH,20170307,400.0,CEF,SH
511010.SH,20170308,400.0,CEF,SH
511010.SH,20170309,400.0,CEF,SH
511010.SH,20170310,400.0,CEF,SH
511010.SH,20170313,400.0,CEF,SH
511010.SH,20170314,400.0,CEF,SH
511010.SH,20170315,400.0,CEF,SH
511010.SH,20170316,400.0,CEF,SH
511010.SH,20170317,400.0,CEF,SH
511010.SH,20170320,400.0,CEF,SH
511010.SH,20170321,400.0,CEF,SH
511010.SH,20170322,400.0,CEF,SH
511010.SH,20170323,400.0,CEF,SH
511010.SH,20170324,400.0,CEF,SH
511010.SH,20170327,400.0,CEF,SH
511010.SH,20170328,400.0,CEF,SH
511010.SH,20170329,400.0,CEF,SH
511010.SH,20170330,400.0,CEF,SH
511010.SH,20170331,382.6287,CEF,SH
511010.SH,20170405,400.0,CEF,SH
511010.SH,20170406,400.0,CEF,SH
511010.SH,20170407,400.0,CEF,SH
511010.SH,20170410,400.0,CEF,SH
511010.SH,20170411,400.0,CEF,SH
511010.SH,20170412,400.0,CEF,SH
511010.SH,20170413,400.0,CEF,SH
511010.SH,20170414,400.0,CEF,SH
511010.SH,20170417,400.0,CEF,SH
511010.SH,20170418,400.0,CEF,SH
511010.SH,20170419,400.0,CEF,SH
511010.SH,20170420,400.0,CEF,SH
511010.SH,20170421,400.0,CEF,SH
511010.SH,20170424,400.0,CEF,SH
511010.SH,20170425,400.0,CEF,SH
511010.SH,20170426,400.0,CEF,SH
511010.SH,20170427,300.0,CEF,SH
511010.SH,20170428,300.0,CEF,SH
511010.SH,20170502,300.0,CEF,SH
511010.SH,20170503,300.0,CEF,SH
511010.SH,20170504,300.0,CEF,SH
511010.SH,20170505,300.0,CEF,SH
511010.SH,20170508,300.0,CEF,SH
511010.SH,20170509,300.0,CEF,SH
511010.SH,20170510,300.0,CEF,SH
511010.SH,20170511,300.0,CEF,SH
511010.SH,20170512,300.0,CEF,SH
511010.SH,20170515,300.0,CEF,SH
511010.SH,20170516,300.0,CEF,SH
511010.SH,20170517,300.0,CEF,SH
511010.SH,20170518,300.0,CEF,SH
511010.SH,20170519,300.0,CEF,SH
511010.SH,20170522,300.0,CEF,SH
511010.SH,20170523,300.0,CEF,SH
511010.SH,20170524,300.0,CEF,SH
511010.SH,20170525,300.0,CEF,SH
511010.SH,20170526,300.0,CEF,SH
511010.SH,20170531,300.0,CEF,SH
511010.SH,20170601,300.0,CEF,SH
511010.SH,20170602,300.0,CEF,SH
511010.SH,20170605,300.0,CEF,SH
511010.SH,20170606,300.0,CEF,SH
511010.SH,20170607,300.0,CEF,SH
511010.SH,20170608,300.0,CEF,SH
511010.SH,20170609,300.0,CEF,SH
511010.SH,20170612,300.0,CEF,SH
511010.SH,20170613,300.0,CEF,SH
511010.SH,20170614,300.0,CEF,SH
511010.SH,20170615,300.0,CEF,SH
511010.SH,20170616,300.0,CEF,SH
511010.SH,20170619,400.0,CEF,SH
511010.SH,20170620,400.0,CEF,SH
511010.SH,20170621,400.0,CEF,SH
511010.SH,20170622,400.0,CEF,SH
511010.SH,20170623,400.0,CEF,SH
511010.SH,20170626,400.0,CEF,SH
511010.SH,20170627,400.0,CEF,SH
511010.SH,20170628,400.0,CEF,SH
511010.SH,20170629,400.0,CEF,SH
511010.SH,20170630,386.6287,CEF,SH
511010.SH,20170703,400.0,CEF,SH
511010.SH,20170704,400.0,CEF,SH
511010.SH,20170705,400.0,CEF,SH
511010.SH,20170706,400.0,CEF,SH
511010.SH,20170707,400.0,CEF,SH
511010.SH,20170710,400.0,CEF,SH
511010.SH,20170711,400.0,CEF,SH
511010.SH,20170712,400.0,CEF,SH
511010.SH,20170713,400.0,CEF,SH
511010.SH,20170714,400.0,CEF,SH
511010.SH,20170717,400.0,CEF,SH
511010.SH,20170718,400.0,CEF,SH
511010.SH,20170719,400.0,CEF,SH
511010.SH,20170720,400.0,CEF,SH
511010.SH,20170721,400.0,CEF,SH
511010.SH,20170724,400.0,CEF,SH
511010.SH,20170725,400.0,CEF,SH
511010.SH,20170726,400.0,CEF,SH
511010.SH,20170727,300.0,CEF,SH
511010.SH,20170728,300.0,CEF,SH
511010.SH,20170731,300.0,CEF,SH
511010.SH,20170801,300.0,CEF,SH
511010.SH,20170802,300.0,CEF,SH
511010.SH,20170803,300.0,CEF,SH
511010.SH,20170804,300.0,CEF,SH
511010.SH,20170807,300.0,CEF,SH
511010.SH,20170808,300.0,CEF,SH
511010.SH,20170809,300.0,CEF,SH
511010.SH,20170810,300.0,CEF,SH
511010.SH,20170811,300.0,CEF,SH
511010.SH,20170814,300.0,CEF,SH
511010.SH,20170815,300.0,CEF,SH
511010.SH,20170816,300.0,CEF,SH
511010.SH,20170817,300.0,CEF,SH
511010.SH,20170818,300.0,CEF,SH
511010.SH,20170821,300.0,CEF,SH
511010.SH,20170822,300.0,CEF,SH
511010.SH,20170823,300.0,CEF,SH
511010.SH,20170824,300.0,CEF,SH
511010.SH,20170825,300.0,CEF,SH
511010.SH,20170828,300.0,CEF,SH
511010.SH,20170829,300.0,CEF,SH
511010.SH,20170830,300.0,CEF,SH
511010.SH,20170831,300.0,CEF,SH
511010.SH,20170901,300.0,CEF,SH
511010.SH,20170904,300.0,CEF,SH
511010.SH,20170905,300.0,CEF,SH
511010.SH,20170906,300.0,CEF,SH
511010.SH,20170907,300.0,CEF,SH
511010.SH,20170908,300.0,CEF,SH
511010.SH,20170911,300.0,CEF,SH
511010.SH,20170912,300.0,CEF,SH
511010.SH,20170913,300.0,CEF,SH
511010.SH,20170914,300.0,CEF,SH
511010.SH,20170915,300.0,CEF,SH
511010.SH,20170918,300.0,CEF,SH
511010.SH,20170919,300.0,CEF,SH
511010.SH,20170920,300.0,CEF,SH
511010.SH,20170921,300.0,CEF,SH
511010.SH,20170922,300.0,CEF,SH
511010.SH,20170925,300.0,CEF,SH
511010.SH,20170926,300.0,CEF,SH
511010.SH,20170927,300.0,CEF,SH
511010.SH,20170928,300.0,CEF,SH
511010.SH,20170929,300.0,CEF,SH
511010.SH,20170930,310.6287,CEF,SH
511010.SH,20171009,300.0,CEF,SH
511010.SH,20171010,300.0,CEF,SH
511010.SH,20171011,300.0,CEF,SH
511010.SH,20171012,300.0,CEF,SH
511010.SH,20171013,300.0,CEF,SH
511010.SH,20171016,300.0,CEF,SH
511010.SH,20171017,300.0,CEF,SH
511010.SH,20171018,300.0,CEF,SH
511010.SH,20171019,300.0,CEF,SH
511010.SH,20171020,300.0,CEF,SH
511010.SH,20171023,300.0,CEF,SH
511010.SH,20171024,300.0,CEF,SH
511010.SH,20171025,300.0,CEF,SH
511010.SH,20171026,300.0,CEF,SH
511010.SH,20171027,300.0,CEF,SH
511010.SH,20171030,300.0,CEF,SH
511010.SH,20171031,300.0,CEF,SH
511010.SH,20171101,300.0,CEF,SH
511010.SH,20171102,300.0,CEF,SH
511010.SH,20171103,300.0,CEF,SH
511010.SH,20171106,300.0,CEF,SH
511010.SH,20171107,300.0,CEF,SH
511010.SH,20171108,300.0,CEF,SH
511010.SH,20171109,300.0,CEF,SH
511010.SH,20171110,300.0,CEF,SH
511010.SH,20171113,300.0,CEF,SH
511010.SH,20171114,300.0,CEF,SH
511010.SH,20171115,300.0,CEF,SH
511010.SH,20171116,300.0,CEF,SH
511010.SH,20171117,300.0,CEF,SH
511010.SH,20171120,300.0,CEF,SH
511010.SH,20171121,300.0,CEF,SH
511010.SH,20171122,300.0,CEF,SH
511010.SH,20171123,300.0,CEF,SH
511010.SH,20171124,300.0,CEF,SH
511010.SH,20171127,300.0,CEF,SH
511010.SH,20171128,300.0,CEF,SH
511010.SH,20171129,300.0,CEF,SH
511010.SH,20171130,300.0,CEF,SH
511010.SH,20171201,300.0,CEF,SH
511010.SH,20171204,300.0,CEF,SH
511010.SH,20171205,300.0,CEF,SH
511010.SH,20171206,300.0,CEF,SH
511010.SH,20171207,300.0,CEF,SH
511010.SH,20171208,300.0,CEF,SH
511010.SH,20171211,300.0,CEF,SH
511010.SH,20171212,300.0,CEF,SH
511010.SH,20171213,300.0,CEF,SH
511010.SH,20171214,300.0,CEF,SH
511010.SH,20171215,300.0,CEF,SH
511010.SH,20171218,200.0,CEF,SH
511010.SH,20171219,200.0,CEF,SH
511010.SH,20171220,200.0,CEF,SH
511010.SH,20171221,200.0,CEF,SH
511010.SH,20171222,200.0,CEF,SH
511010.SH,20171225,200.0,CEF,SH
511010.SH,20171226,200.0,CEF,SH
511010.SH,20171227,200.0,CEF,SH
511010.SH,20171228,200.0,CEF,SH
511010.SH,20171229,200.0,CEF,SH
511010.SH,20171231,226.6287,CEF,SH
511010.SH,20180102,200.0,CEF,SH
511010.SH,20180103,200.0,CEF,SH
511010.SH,20180104,200.0,CEF,SH
511010.SH,20180105,200.0,CEF,SH
511010.SH,20180108,200.0,CEF,SH
511010.SH,20180109,200.0,CEF,SH
511010.SH,20180110,200.0,CEF,SH
511010.SH,20180111,200.0,CEF,SH
511010.SH,20180112,200.0,CEF,SH
511010.SH,20180115,200.0,CEF,SH
511010.SH,20180116,200.0,CEF,SH
511010.SH,20180117,200.0,CEF,SH
511010.SH,20180118,200.0,CEF,SH
511010.SH,20180119,200.0,CEF,SH
511010.SH,20180122,200.0,CEF,SH
511010.SH,20180123,200.0,CEF,SH
511010.SH,20180124,200.0,CEF,SH
511010.SH,20180125,200.0,CEF,SH
511010.SH,20180126,200.0,CEF,SH
511010.SH,20180129,200.0,CEF,SH
511010.SH,20180130,200.0,CEF,SH
511010.SH,20180131,200.0,CEF,SH
511010.SH,20180201,200.0,CEF,SH
511010.SH,20180202,200.0,CEF,SH
511010.SH,20180205,200.0,CEF,SH
511010.SH,20180206,200.0,CEF,SH
511010.SH,20180207,200.0,CEF,SH
511010.SH,20180208,200.0,CEF,SH
511010.SH,20180209,200.0,CEF,SH
511010.SH,20180212,200.0,CEF,SH
511010.SH,20180213,200.0,CEF,SH
511010.SH,20180214,200.0,CEF,SH
511010.SH,20180222,200.0,CEF,SH
511010.SH,20180223,200.0,CEF,SH
511010.SH,20180226,200.0,CEF,SH
511010.SH,20180227,200.0,CEF,SH
511010.SH,20180228,200.0,CEF,SH
511010.SH,20180301,200.0,CEF,SH
511010.SH,20180302,200.0,CEF,SH
511010.SH,20180305,200.0,CEF,SH
511010.SH,20180306,200.0,CEF,SH
511010.SH,20180307,200.0,CEF,SH
511010.SH,20180308,200.0,CEF,SH
511010.SH,20180309,200.0,CEF,SH
511010.SH,20180312,200.0,CEF,SH
511010.SH,20180313,200.0,CEF,SH
511010.SH,20180314,200.0,CEF,SH
511010.SH,20180315,200.0,CEF,SH
511010.SH,20180316,200.0,CEF,SH
511010.SH,20180319,200.0,CEF,SH
511010.SH,20180320,200.0,CEF,SH
511010.SH,20180321,200.0,CEF,SH
511010.SH,20180322,200.0,CEF,SH
511010.SH,20180323,200.0,CEF,SH
511010.SH,20180326,200.0,CEF,SH
511010.SH,20180327,200.0,CEF,SH
511010.SH,20180328,200.0,CEF,SH
511010.SH,20180329,200.0,CEF,SH
511010.SH,20180330,200.0,CEF,SH
511010.SH,20180331,183.6287,CEF,SH
511010.SH,20180402,200.0,CEF,SH
511010.SH,20180403,200.0,CEF,SH
511010.SH,20180404,200.0,CEF,SH
511010.SH,20180409,200.0,CEF,SH
511010.SH,20180410,200.0,CEF,SH
511010.SH,20180411,200.0,CEF,SH
511010.SH,20180412,200.0,CEF,SH
511010.SH,20180413,200.0,CEF,SH
511010.SH,20180416,200.0,CEF,SH
511010.SH,20180417,200.0,CEF,SH
511010.SH,20180418,200.0,CEF,SH
511010.SH,20180419,200.0,CEF,SH
511010.SH,20180420,200.0,CEF,SH
511010.SH,20180423,200.0,CEF,SH
511010.SH,20180424,200.0,CEF,SH
511010.SH,20180425,200.0,CEF,SH
511010.SH,20180426,200.0,CEF,SH
511010.SH,20180427,200.0,CEF,SH
511010.SH,20180502,200.0,CEF,SH
511010.SH,20180503,200.0,CEF,SH
511010.SH,20180504,200.0,CEF,SH
511010.SH,20180507,200.0,CEF,SH
511010.SH,20180508,200.0,CEF,SH
511010.SH,20180509,200.0,CEF,SH
511010.SH,20180510,200.0,CEF,SH
511010.SH,20180511,200.0,CEF,SH
511010.SH,20180514,200.0,CEF,SH
511010.SH,20180515,200.0,CEF,SH
511010.SH,20180516,200.0,CEF,SH
511010.SH,20180517,200.0,CEF,SH
511010.SH,20180518,200.0,CEF,SH
511010.SH,20180521,200.0,CEF,SH
511010.SH,20180522,200.0,CEF,SH
511010.SH,20180523,200.0,CEF,SH
511010.SH,20180524,200.0,CEF,SH
511010.SH,20180525,200.0,CEF,SH
511010.SH,20180528,200.0,CEF,SH
511010.SH,20180529,200.0,CEF,SH
511010.SH,20180530,200.0,CEF,SH
511010.SH,20180531,200.0,CEF,SH
511010.SH,20180601,200.0,CEF,SH
511010.SH,20180604,200.0,CEF,SH
511010.SH,20180605,200.0,CEF,SH
511010.SH,20180606,200.0,CEF,SH
511010.SH,20180607,200.0,CEF,SH
511010.SH,20180608,200.0,CEF,SH
511010.SH,20180611,200.0,CEF,SH
511010.SH,20180612,200.0,CEF,SH
511010.SH,20180613,200.0,CEF,SH
511010.SH,20180614,200.0,CEF,SH
511010.SH,20180615,200.0,CEF,SH
511010.SH,20180619,200.0,CEF,SH
511010.SH,20180620,200.0,CEF,SH
511010.SH,20180621,200.0,CEF,SH
511010.SH,20180622,200.0,CEF,SH
511010.SH,20180625,200.0,CEF,SH
511010.SH,20180626,200.0,CEF,SH
511010.SH,20180627,200.0,CEF,SH
511010.SH,20180628,200.0,CEF,SH
511010.SH,20180629,200.0,CEF,SH
511010.SH,20180630,160.6287,CEF,SH
511010.SH,20180702,200.0,CEF,SH
511010.SH,20180703,200.0,CEF,SH
511010.SH,20180704,200.0,CEF,SH
511010.SH,20180705,200.0,CEF,SH
511010.SH,20180706,200.0,CEF,SH
511010.SH,20180709,200.0,CEF,SH
511010.SH,20180710,200.0,CEF,SH
511010.SH,20180711,200.0,CEF,SH
511010.SH,20180712,200.0,CEF,SH
511010.SH,20180713,200.0,CEF,SH
511010.SH,20180716,200.0,CEF,SH
511010.SH,20180717,200.0,CEF,SH
511010.SH,20180718,200.0,CEF,SH
511010.SH,20180719,200.0,CEF,SH
511010.SH,20180720,200.0,CEF,SH
511010.SH,20180723,200.0,CEF,SH
511010.SH,20180724,200.0,CEF,SH
511010.SH,20180725,200.0,CEF,SH
511010.SH,20180726,166.63,CEF,SH
511010.SH,20180727,167.63,CEF,SH
511010.SH,20180730,164.63,CEF,SH
511010.SH,20180731,164.63,CEF,SH
511010.SH,20180801,163.63,CEF,SH
511010.SH,20180802,163.63,CEF,SH
511010.SH,20180803,163.63,CEF,SH
511010.SH,20180806,163.63,CEF,SH
511010.SH,20180807,163.63,CEF,SH
511010.SH,20180808,167.63,CEF,SH
511010.SH,20180809,167.63,CEF,SH
511010.SH,20180810,168.63,CEF,SH
511010.SH,20180813,170.63,CEF,SH
511010.SH,20180814,170.63,CEF,SH
511010.SH,20180815,181.63,CEF,SH
511010.SH,20180816,181.63,CEF,SH
511010.SH,20180817,181.63,CEF,SH
511010.SH,20180820,178.63,CEF,SH
511010.SH,20180821,175.63,CEF,SH
511010.SH,20180822,172.63,CEF,SH
511010.SH,20180823,169.63,CEF,SH
511010.SH,20180824,166.63,CEF,SH
511010.SH,20180827,163.63,CEF,SH
511010.SH,20180828,161.63,CEF,SH
511010.SH,20180829,160.63,CEF,SH
511010.SH,20180830,157.63,CEF,SH
511010.SH,20180831,157.63,CEF,SH
511010.SH,20180903,157.63,CEF,SH
511010.SH,20180904,157.63,CEF,SH
511010.SH,20180905,156.63,CEF,SH
511010.SH,20180906,155.63,CEF,SH
511010.SH,20180907,154.63,CEF,SH
511010.SH,20180910,154.63,CEF,SH
511010.SH,20180911,154.63,CEF,SH
511010.SH,20180912,153.63,CEF,SH
511010.SH,20180913,152.63,CEF,SH
511010.SH,20180914,151.63,CEF,SH
511010.SH,20180917,150.63,CEF,SH
511010.SH,20180918,150.63,CEF,SH
511010.SH,20180919,148.63,CEF,SH
511010.SH,20180920,148.63,CEF,SH
511010.SH,20180921,147.63,CEF,SH
511010.SH,20180925,147.63,CEF,SH
511010.SH,20180926,146.63,CEF,SH
511010.SH,20180927,146.63,CEF,SH
511010.SH,20180928,146.63,CEF,SH
511010.SH,20180930,146.6287,CEF,SH
511010.SH,20181008,148.63,CEF,SH
511010.SH,20181009,155.63,CEF,SH
511010.SH,20181010,156.63,CEF,SH
511010.SH,20181011,155.63,CEF,SH
511010.SH,20181012,163.63,CEF,SH
511010.SH,20181015,166.63,CEF,SH
511010.SH,20181016,168.63,CEF,SH
511010.SH,20181017,168.63,CEF,SH
511010.SH,20181018,168.63,CEF,SH
511010.SH,20181019,172.63,CEF,SH
511010.SH,20181022,185.63,CEF,SH
511010.SH,20181023,190.63,CEF,SH
511010.SH,20181024,190.63,CEF,SH
511010.SH,20181025,195.63,CEF,SH
511010.SH,20181026,198.63,CEF,SH
511010.SH,20181029,202.63,CEF,SH
511010.SH,20181030,202.63,CEF,SH
511010.SH,20181031,202.63,CEF,SH
511010.SH,20181101,202.63,CEF,SH
511010.SH,20181102,206.63,CEF,SH
511010.SH,20181105,206.63,CEF,SH
511010.SH,20181106,206.63,CEF,SH
511010.SH,20181107,206.63,CEF,SH
511010.SH,20181108,207.63,CEF,SH
511010.SH,20181109,216.63,CEF,SH
511010.SH,20181112,220.63,CEF,SH
511010.SH,20181113,225.63,CEF,SH
511010.SH,20181114,228.63,CEF,SH
511010.SH,20181115,232.63,CEF,SH
511010.SH,20181116,240.63,CEF,SH
511010.SH,20181119,251.63,CEF,SH
511010.SH,20181120,253.63,CEF,SH
511010.SH,20181121,262.63,CEF,SH
511010.SH,20181122,300.63,CEF,SH
511010.SH,20181123,294.63,CEF,SH
511010.SH,20181126,289.63,CEF,SH
511010.SH,20181127,284.63,CEF,SH
511010.SH,20181128,279.63,CEF,SH
511010.SH,20181129,274.63,CEF,SH
511010.SH,20181130,269.63,CEF,SH
511010.SH,20181203,265.63,CEF,SH
511010.SH,20181204,260.63,CEF,SH
511010.SH,20181205,255.63,CEF,SH
511010.SH,20181206,250.63,CEF,SH
511010.SH,20181207,253.63,CEF,SH
511010.SH,20181210,248.63,CEF,SH
511010.SH,20181211,244.63,CEF,SH
511010.SH,20181212,244.63,CEF,SH
511010.SH,20181213,248.63,CEF,SH
511010.SH,20181214,244.63,CEF,SH
511010.SH,20181217,241.63,CEF,SH
511010.SH,20181218,239.63,CEF,SH
511010.SH,20181219,241.63,CEF,SH
511010.SH,20181220,247.63,CEF,SH
511010.SH,20181221,306.63,CEF,SH
511010.SH,20181224,311.63,CEF,SH
511010.SH,20181225,287.63,CEF,SH
511010.SH,20181226,350.63,CEF,SH
511010.SH,20181227,467.63,CEF,SH
511010.SH,20181228,488.63,CEF,SH
511010.SH,20181231,488.6287,CEF,SH
511010.SH,20190102,398.63,CEF,SH
511010.SH,20190103,370.63,CEF,SH
511010.SH,20190104,345.63,CEF,SH
511010.SH,20190107,322.63,CEF,SH
511010.SH,20190108,326.63,CEF,SH
511010.SH,20190109,333.63,CEF,SH
511010.SH,20190110,342.63,CEF,SH
511010.SH,20190111,348.63,CEF,SH
511010.SH,20190114,349.63,CEF,SH
511010.SH,20190115,348.63,CEF,SH
511010.SH,20190116,344.63,CEF,SH
511010.SH,20190117,344.63,CEF,SH
511010.SH,20190118,344.63,CEF,SH
511010.SH,20190121,346.63,CEF,SH
511010.SH,20190122,343.63,CEF,SH
511010.SH,20190123,341.63,CEF,SH
511010.SH,20190124,337.63,CEF,SH
511010.SH,20190125,330.63,CEF,SH
511010.SH,20190128,326.63,CEF,SH
511010.SH,20190129,326.63,CEF,SH
511010.SH,20190130,321.63,CEF,SH
511010.SH,20190131,320.63,CEF,SH
511010.SH,20190201,320.63,CEF,SH
511010.SH,20190211,322.63,CEF,SH
511010.SH,20190212,311.63,CEF,SH
511010.SH,20190213,311.63,CEF,SH
511010.SH,20190214,310.63,CEF,SH
511010.SH,20190215,309.63,CEF,SH
511010.SH,20190218,315.63,CEF,SH
511010.SH,20190219,356.63,CEF,SH
511010.SH,20190220,356.63,CEF,SH
511010.SH,20190221,341.63,CEF,SH
511010.SH,20190222,343.63,CEF,SH
511010.SH,20190225,319.63,CEF,SH
511010.SH,20190226,318.63,CEF,SH
511010.SH,20190227,305.63,CEF,SH
511010.SH,20190228,305.63,CEF,SH
511010.SH,20190301,321.63,CEF,SH
511010.SH,20190304,324.63,CEF,SH
511010.SH,20190305,327.63,CEF,SH
511010.SH,20190306,332.63,CEF,SH
511010.SH,20190307,340.63,CEF,SH
511010.SH,20190308,340.63,CEF,SH
511010.SH,20190311,338.63,CEF,SH
511010.SH,20190312,334.63,CEF,SH
511010.SH,20190313,334.63,CEF,SH
511010.SH,20190314,335.63,CEF,SH
511010.SH,20190315,354.63,CEF,SH
511010.SH,20190318,350.63,CEF,SH
511010.SH,20190319,340.63,CEF,SH
511010.SH,20190320,338.63,CEF,SH
511010.SH,20190321,328.63,CEF,SH
511010.SH,20190322,319.63,CEF,SH
511010.SH,20190325,318.63,CEF,SH
511010.SH,20190326,330.63,CEF,SH
511010.SH,20190327,324.63,CEF,SH
511010.SH,20190328,371.63,CEF,SH
511010.SH,20190329,454.63,CEF,SH
511010.SH,20190331,454.6287,CEF,SH
511010.SH,20190401,394.63,CEF,SH
511010.SH,20190402,360.63,CEF,SH
511010.SH,20190403,356.63,CEF,SH
511010.SH,20190404,351.63,CEF,SH
511010.SH,20190408,350.63,CEF,SH
511010.SH,20190409,350.63,CEF,SH
511010.SH,20190410,343.63,CEF,SH
511010.SH,20190411,357.63,CEF,SH
511010.SH,20190412,351.63,CEF,SH
511010.SH,20190415,347.63,CEF,SH
511010.SH,20190416,347.63,CEF,SH
511010.SH,20190417,338.63,CEF,SH
511010.SH,20190418,338.63,CEF,SH
511010.SH,20190419,335.63,CEF,SH
511010.SH,20190422,332.63,CEF,SH
511010.SH,20190423,327.63,CEF,SH
511010.SH,20190424,325.63,CEF,SH
511010.SH,20190425,324.63,CEF,SH
511010.SH,20190426,327.63,CEF,SH
511010.SH,20190429,324.63,CEF,SH
511010.SH,20190430,320.63,CEF,SH
511010.SH,20190506,318.63,CEF,SH
511010.SH,20190507,318.63,CEF,SH
511010.SH,20190508,326.63,CEF,SH
511010.SH,20190509,345.63,CEF,SH
511010.SH,20190510,343.63,CEF,SH
511010.SH,20190513,344.63,CEF,SH
511010.SH,20190514,350.63,CEF,SH
511010.SH,20190515,346.63,CEF,SH
511010.SH,20190516,351.63,CEF,SH
511010.SH,20190517,358.63,CEF,SH
511010.SH,20190520,365.63,CEF,SH
511010.SH,20190521,363.63,CEF,SH
511010.SH,20190522,357.63,CEF,SH
511010.SH,20190523,352.63,CEF,SH
511010.SH,20190524,364.63,CEF,SH
511010.SH,20190527,363.63,CEF,SH
511010.SH,20190528,366.63,CEF,SH
511010.SH,20190529,362.63,CEF,SH
511010.SH,20190530,363.63,CEF,SH
511010.SH,20190531,393.63,CEF,SH
511010.SH,20190603,407.63,CEF,SH
511010.SH,20190604,410.63,CEF,SH
511010.SH,20190605,421.63,CEF,SH
511010.SH,20190606,427.63,CEF,SH
511010.SH,20190610,417.63,CEF,SH
511010.SH,20190611,413.63,CEF,SH
511010.SH,20190612,408.63,CEF,SH
511010.SH,20190613,403.63,CEF,SH
511010.SH,20190614,397.63,CEF,SH
511010.SH,20190617,391.63,CEF,SH
511010.SH,20190618,391.63,CEF,SH
511010.SH,20190619,389.63,CEF,SH
511010.SH,20190620,388.63,CEF,SH
511010.SH,20190621,377.63,CEF,SH
511010.SH,20190624,374.63,CEF,SH
511010.SH,20190625,375.63,CEF,SH
511010.SH,20190626,378.63,CEF,SH
511010.SH,20190627,372.63,CEF,SH
511010.SH,20190628,373.63,CEF,SH
511010.SH,20190630,373.6287,CEF,SH
511010.SH,20190701,367.63,CEF,SH
511010.SH,20190702,361.63,CEF,SH
511010.SH,20190703,374.63,CEF,SH
511010.SH,20190704,385.63,CEF,SH
511010.SH,20190705,385.63,CEF,SH
511010.SH,20190708,397.63,CEF,SH
511010.SH,20190709,397.63,CEF,SH
511010.SH,20190710,399.63,CEF,SH
511010.SH,20190711,399.63,CEF,SH
511010.SH,20190712,399.63,CEF,SH
511010.SH,20190715,400.63,CEF,SH
511010.SH,20190716,404.63,CEF,SH
511010.SH,20190717,407.63,CEF,SH
511010.SH,20190718,411.63,CEF,SH
511010.SH,20190719,411.63,CEF,SH
511010.SH,20190722,411.63,CEF,SH
511010.SH,20190723,411.63,CEF,SH
511010.SH,20190724,411.63,CEF,SH
511010.SH,20190725,411.63,CEF,SH
511010.SH,20190726,411.63,CEF,SH
511010.SH,20190729,411.63,CEF,SH
511010.SH,20190730,411.63,CEF,SH
511010.SH,20190731,411.63,CEF,SH
511010.SH,20190801,411.63,CEF,SH
511010.SH,20190802,411.63,CEF,SH
511010.SH,20190805,413.63,CEF,SH
511010.SH,20190806,428.63,CEF,SH
511010.SH,20190807,429.63,CEF,SH
511010.SH,20190808,429.63,CEF,SH
511010.SH,20190809,429.63,CEF,SH
511010.SH,20190812,436.63,CEF,SH
511010.SH,20190813,452.63,CEF,SH
511010.SH,20190814,458.63,CEF,SH
511010.SH,20190815,464.63,CEF,SH
511010.SH,20190816,464.63,CEF,SH
511010.SH,20190819,469.63,CEF,SH
511010.SH,20190820,469.63,CEF,SH
511010.SH,20190821,470.63,CEF,SH
511010.SH,20190822,470.63,CEF,SH
511010.SH,20190823,470.63,CEF,SH
511010.SH,20190826,470.63,CEF,SH
511010.SH,20190827,470.63,CEF,SH
511010.SH,20190828,470.63,CEF,SH
511010.SH,20190829,470.63,CEF,SH
511010.SH,20190830,467.63,CEF,SH
511010.SH,20190902,467.63,CEF,SH
511010.SH,20190903,465.63,CEF,SH
511010.SH,20190904,463.63,CEF,SH
511010.SH,20190905,435.63,CEF,SH
511010.SH,20190906,434.63,CEF,SH
511010.SH,20190909,434.63,CEF,SH
511010.SH,20190910,434.63,CEF,SH
511010.SH,20190911,434.63,CEF,SH
511010.SH,20190912,434.63,CEF,SH
511010.SH,20190916,432.63,CEF,SH
511010.SH,20190917,432.63,CEF,SH
511010.SH,20190918,432.63,CEF,SH
511010.SH,20190919,428.63,CEF,SH
511010.SH,20190920,424.63,CEF,SH
511010.SH,20190923,424.63,CEF,SH
511010.SH,20190924,424.63,CEF,SH
511010.SH,20190925,422.63,CEF,SH
511010.SH,20190926,417.63,CEF,SH
511010.SH,20190927,415.63,CEF,SH
511010.SH,20190930,415.6287,CEF,SH
511010.SH,20191008,415.63,CEF,SH
511010.SH,20191009,415.63,CEF,SH
511010.SH,20191010,415.63,CEF,SH
511010.SH,20191011,415.63,CEF,SH
511010.SH,20191014,415.63,CEF,SH
511010.SH,20191015,415.63,CEF,SH
511010.SH,20191016,415.63,CEF,SH
511010.SH,20191017,415.63,CEF,SH
511010.SH,20191018,414.63,CEF,SH
511010.SH,20191021,410.63,CEF,SH
511010.SH,20191022,410.63,CEF,SH
511010.SH,20191023,401.63,CEF,SH
511010.SH,20191024,392.63,CEF,SH
511010.SH,20191025,391.63,CEF,SH
511010.SH,20191028,374.63,CEF,SH
511010.SH,20191029,368.63,CEF,SH
511010.SH,20191030,368.63,CEF,SH
511010.SH,20191031,368.63,CEF,SH
511010.SH,20191101,362.63,CEF,SH
511010.SH,20191104,361.63,CEF,SH
511010.SH,20191105,358.63,CEF,SH
511010.SH,20191106,352.63,CEF,SH
511010.SH,20191107,351.63,CEF,SH
511010.SH,20191108,348.63,CEF,SH
511010.SH,20191111,348.63,CEF,SH
511010.SH,20191112,343.63,CEF,SH
511010.SH,20191113,338.63,CEF,SH
511010.SH,20191114,337.63,CEF,SH
511010.SH,20191115,337.63,CEF,SH
511010.SH,20191118,335.63,CEF,SH
511010.SH,20191119,335.63,CEF,SH
511010.SH,20191120,335.63,CEF,SH
511010.SH,20191121,335.63,CEF,SH
511010.SH,20191122,335.63,CEF,SH
511010.SH,20191125,335.63,CEF,SH
511010.SH,20191126,332.63,CEF,SH
511010.SH,20191127,331.63,CEF,SH
511010.SH,20191128,327.63,CEF,SH
511010.SH,20191129,326.63,CEF,SH
511010.SH,20191202,326.63,CEF,SH
511010.SH,20191203,328.63,CEF,SH
511010.SH,20191204,330.63,CEF,SH
511010.SH,20191205,330.63,CEF,SH
511010.SH,20191206,332.63,CEF,SH
511010.SH,20191209,332.63,CEF,SH
511010.SH,20191210,332.63,CEF,SH
511010.SH,20191211,326.63,CEF,SH
511010.SH,20191212,325.63,CEF,SH
511010.SH,20191213,325.63,CEF,SH
511010.SH,20191216,324.63,CEF,SH
511010.SH,20191217,324.63,CEF,SH
511010.SH,20191218,301.63,CEF,SH
511010.SH,20191219,364.63,CEF,SH
511010.SH,20191220,359.63,CEF,SH
511010.SH,20191223,357.63,CEF,SH
511010.SH,20191224,355.63,CEF,SH
511010.SH,20191225,355.63,CEF,SH
511010.SH,20191226,355.63,CEF,SH
511010.SH,20191227,355.63,CEF,SH
511010.SH,20191230,396.63,CEF,SH
511010.SH,20191231,397.6287,CEF,SH
511010.SH,20200102,393.63,CEF,SH
511010.SH,20200103,379.63,CEF,SH
511010.SH,20200106,343.63,CEF,SH
511010.SH,20200107,330.63,CEF,SH
511010.SH,20200108,327.63,CEF,SH
511010.SH,20200109,288.63,CEF,SH
511010.SH,20200110,274.63,CEF,SH
511010.SH,20200113,274.63,CEF,SH
511010.SH,20200114,274.63,CEF,SH
511010.SH,20200115,274.63,CEF,SH
511010.SH,20200116,274.63,CEF,SH
511010.SH,20200117,274.63,CEF,SH
511010.SH,20200120,274.63,CEF,SH
511010.SH,20200121,274.63,CEF,SH
511010.SH,20200122,277.63,CEF,SH
511010.SH,20200123,281.63,CEF,SH
511010.SH,20200203,326.63,CEF,SH
511010.SH,20200204,351.63,CEF,SH
511010.SH,20200205,365.63,CEF,SH
511010.SH,20200206,366.63,CEF,SH
511010.SH,20200207,367.63,CEF,SH
511010.SH,20200210,368.63,CEF,SH
511010.SH,20200211,373.63,CEF,SH
511010.SH,20200212,376.63,CEF,SH
511010.SH,20200213,377.63,CEF,SH
511010.SH,20200214,377.63,CEF,SH
511010.SH,20200217,377.63,CEF,SH
511010.SH,20200218,377.63,CEF,SH
511010.SH,20200219,377.63,CEF,SH
511010.SH,20200220,377.63,CEF,SH
511010.SH,20200221,377.63,CEF,SH
511010.SH,20200224,377.63,CEF,SH
511010.SH,20200225,377.63,CEF,SH
511010.SH,20200226,378.63,CEF,SH
511010.SH,20200227,377.63,CEF,SH
511010.SH,20200228,384.63,CEF,SH
511010.SH,20200302,384.63,CEF,SH
511010.SH,20200303,384.63,CEF,SH
511010.SH,20200304,384.63,CEF,SH
511010.SH,20200305,384.63,CEF,SH
511010.SH,20200306,384.63,CEF,SH
511010.SH,20200309,415.63,CEF,SH
511010.SH,20200310,422.63,CEF,SH
511010.SH,20200311,432.63,CEF,SH
511010.SH,20200312,447.63,CEF,SH
511010.SH,20200313,459.63,CEF,SH
511010.SH,20200316,460.63,CEF,SH
511010.SH,20200317,459.63,CEF,SH
511010.SH,20200318,451.63,CEF,SH
511010.SH,20200319,445.63,CEF,SH
511010.SH,20200320,435.63,CEF,SH
511010.SH,20200323,436.63,CEF,SH
511010.SH,20200324,436.63,CEF,SH
511010.SH,20200325,436.63,CEF,SH
511010.SH,20200326,436.63,CEF,SH
511010.SH,20200327,436.63,CEF,SH
511010.SH,20200330,436.63,CEF,SH
511010.SH,20200331,451.6287,CEF,SH
511010.SH,20200401,470.63,CEF,SH
511010.SH,20200402,483.63,CEF,SH
511010.SH,20200403,484.63,CEF,SH
511010.SH,20200407,481.63,CEF,SH
511010.SH,20200408,484.63,CEF,SH
511010.SH,20200409,485.63,CEF,SH
511010.SH,20200410,498.63,CEF,SH
511010.SH,20200413,504.63,CEF,SH
511010.SH,20200414,504.63,CEF,SH
511010.SH,20200415,504.63,CEF,SH
511010.SH,20200416,522.63,CEF,SH
511010.SH,20200417,527.63,CEF,SH
511010.SH,20200420,527.63,CEF,SH
511010.SH,20200421,529.63,CEF,SH
511010.SH,20200422,529.63,CEF,SH
511010.SH,20200423,529.63,CEF,SH
511010.SH,20200424,563.63,CEF,SH
511010.SH,20200427,590.63,CEF,SH
511010.SH,20200428,592.63,CEF,SH
511010.SH,20200429,601.63,CEF,SH
511010.SH,20200430,617.63,CEF,SH
511010.SH,20200506,630.63,CEF,SH
511010.SH,20200507,630.63,CEF,SH
511010.SH,20200508,631.63,CEF,SH
511010.SH,20200511,631.63,CEF,SH
511010.SH,20200512,635.63,CEF,SH
511010.SH,20200513,648.63,CEF,SH
511010.SH,20200514,657.63,CEF,SH
511010.SH,20200515,694.63,CEF,SH
511010.SH,20200518,717.63,CEF,SH
511010.SH,20200519,725.63,CEF,SH
511010.SH,20200520,737.63,CEF,SH
511010.SH,20200521,741.63,CEF,SH
511010.SH,20200522,746.63,CEF,SH
511010.SH,20200525,751.63,CEF,SH
511010.SH,20200526,753.63,CEF,SH
511010.SH,20200527,753.63,CEF,SH
511010.SH,20200528,753.63,CEF,SH
511010.SH,20200529,753.63,CEF,SH
511010.SH,20200601,754.63,CEF,SH
511010.SH,20200602,754.63,CEF,SH
511010.SH,20200603,756.63,CEF,SH
511010.SH,20200604,757.63,CEF,SH
511010.SH,20200605,763.63,CEF,SH
511010.SH,20200608,766.63,CEF,SH
511010.SH,20200609,789.63,CEF,SH
511010.SH,20200610,803.63,CEF,SH
511010.SH,20200611,818.63,CEF,SH
511010.SH,20200612,841.63,CEF,SH
511010.SH,20200615,860.63,CEF,SH
511010.SH,20200616,893.63,CEF,SH
511010.SH,20200617,902.63,CEF,SH
511010.SH,20200618,905.63,CEF,SH
511010.SH,20200619,905.63,CEF,SH
511010.SH,20200622,899.63,CEF,SH
511010.SH,20200623,904.63,CEF,SH
511010.SH,20200624,898.63,CEF,SH
511010.SH,20200629,898.63,CEF,SH
511010.SH,20200630,892.6287,CEF,SH
511010.SH,20200701,881.63,CEF,SH
511010.SH,20200702,872.63,CEF,SH
511010.SH,20200703,870.63,CEF,SH
511010.SH,20200706,859.63,CEF,SH
511010.SH,20200707,846.63,CEF,SH
511010.SH,20200708,846.63,CEF,SH
511010.SH,20200709,846.63,CEF,SH
511010.SH,20200710,847.63,CEF,SH
511010.SH,20200713,847.63,CEF,SH
511010.SH,20200714,854.63,CEF,SH
511010.SH,20200715,854.63,CEF,SH
511010.SH,20200716,880.63,CEF,SH
511010.SH,20200717,892.63,CEF,SH
511010.SH,20200720,882.63,CEF,SH
511010.SH,20200721,873.63,CEF,SH
511010.SH,20200722,873.63,CEF,SH
511010.SH,20200723,882.63,CEF,SH
511010.SH,20200724,897.63,CEF,SH
511010.SH,20200727,908.63,CEF,SH
511010.SH,20200728,943.63,CEF,SH
511010.SH,20200729,948.63,CEF,SH
511010.SH,20200730,949.63,CEF,SH
511010.SH,20200731,949.63,CEF,SH
511010.SH,20200803,949.63,CEF,SH
511010.SH,20200804,949.63,CEF,SH
511010.SH,20200805,953.63,CEF,SH
511010.SH,20200806,960.63,CEF,SH
511010.SH,20200807,967.63,CEF,SH
511010.SH,20200810,972.63,CEF,SH
511010.SH,20200811,982.63,CEF,SH
511010.SH,20200812,982.63,CEF,SH
511010.SH,20200813,982.63,CEF,SH
511010.SH,20200814,982.63,CEF,SH
511010.SH,20200817,982.63,CEF,SH
511010.SH,20200818,983.63,CEF,SH
511010.SH,20200819,989.63,CEF,SH
511010.SH,20200820,992.63,CEF,SH
511010.SH,20200821,992.63,CEF,SH
511010.SH,20200824,992.63,CEF,SH
511010.SH,20200825,992.63,CEF,SH
511010.SH,20200826,992.63,CEF,SH
511010.SH,20200827,992.63,CEF,SH
511010.SH,20200828,977.63,CEF,SH
511010.SH,20200831,977.63,CEF,SH
511010.SH,20200901,977.63,CEF,SH
511010.SH,20200902,981.63,CEF,SH
511010.SH,20200903,983.63,CEF,SH
511010.SH,20200904,986.63,CEF,SH
511010.SH,20200907,987.63,CEF,SH
511010.SH,20200908,986.63,CEF,SH
511010.SH,20200909,986.63,CEF,SH
511010.SH,20200910,986.63,CEF,SH
511010.SH,20200911,986.63,CEF,SH
511010.SH,20200914,981.63,CEF,SH
511010.SH,20200915,976.63,CEF,SH
511010.SH,20200916,975.63,CEF,SH
511010.SH,20200917,970.63,CEF,SH
511010.SH,20200918,963.63,CEF,SH
511010.SH,20200921,956.63,CEF,SH
511010.SH,20200922,956.63,CEF,SH
511010.SH,20200923,956.63,CEF,SH
511010.SH,20200924,954.63,CEF,SH
511010.SH,20200925,951.63,CEF,SH
511010.SH,20200928,943.63,CEF,SH
511010.SH,20200929,939.63,CEF,SH
511010.SH,20200930,943.6287,CEF,SH
511010.SH,20201009,938.63,CEF,SH
511010.SH,20201012,937.63,CEF,SH
511010.SH,20201013,933.63,CEF,SH
511010.SH,20201014,930.63,CEF,SH
511010.SH,20201015,928.63,CEF,SH
511010.SH,20201016,929.63,CEF,SH
511010.SH,20201019,930.63,CEF,SH
511010.SH,20201020,930.63,CEF,SH
511010.SH,20201021,930.63,CEF,SH
511010.SH,20201022,930.63,CEF,SH
511010.SH,20201023,929.63,CEF,SH
511010.SH,20201026,925.63,CEF,SH
511010.SH,20201027,924.63,CEF,SH
511010.SH,20201028,923.63,CEF,SH
511010.SH,20201029,916.63,CEF,SH
511010.SH,20201030,916.63,CEF,SH
511010.SH,20201102,916.63,CEF,SH
511010.SH,20201103,916.63,CEF,SH
511010.SH,20201104,916.63,CEF,SH
511010.SH,20201105,916.63,CEF,SH
511010.SH,20201106,914.63,CEF,SH
511010.SH,20201109,914.63,CEF,SH
511010.SH,20201110,903.63,CEF,SH
511010.SH,20201111,903.63,CEF,SH
511010.SH,20201112,887.63,CEF,SH
511010.SH,20201113,884.63,CEF,SH
511010.SH,20201116,881.63,CEF,SH
511010.SH,20201117,883.63,CEF,SH
511010.SH,20201118,880.63,CEF,SH
511010.SH,20201119,877.63,CEF,SH
511010.SH,20201120,879.63,CEF,SH
511010.SH,20201123,879.63,CEF,SH
511010.SH,20201124,879.63,CEF,SH
511010.SH,20201125,879.63,CEF,SH
511010.SH,20201126,879.63,CEF,SH
511010.SH,20201127,879.63,CEF,SH
511010.SH,20201130,879.63,CEF,SH
511010.SH,20201201,878.63,CEF,SH
511010.SH,20201202,878.63,CEF,SH
511010.SH,20201203,878.63,CEF,SH
511010.SH,20201204,879.63,CEF,SH
511010.SH,20201207,884.63,CEF,SH
511010.SH,20201208,884.63,CEF,SH
511010.SH,20201209,884.63,CEF,SH
511010.SH,20201210,884.63,CEF,SH
511010.SH,20201211,884.63,CEF,SH
511010.SH,20201214,884.63,CEF,SH
511010.SH,20201215,879.63,CEF,SH
511010.SH,20201216,879.63,CEF,SH
511010.SH,20201217,872.63,CEF,SH
511010.SH,20201218,872.63,CEF,SH
511010.SH,20201221,864.63,CEF,SH
511010.SH,20201222,864.63,CEF,SH
511010.SH,20201223,864.63,CEF,SH
511010.SH,20201224,864.63,CEF,SH
511010.SH,20201225,864.63,CEF,SH
511010.SH,20201228,864.63,CEF,SH
511010.SH,20201229,860.63,CEF,SH
511010.SH,20201230,860.63,CEF,SH
511010.SH,20201231,853.6287,CEF,SH
511010.SH,20210104,842.63,CEF,SH
511010.SH,20210105,841.63,CEF,SH
511010.SH,20210106,837.63,CEF,SH
511010.SH,20210107,837.63,CEF,SH
511010.SH,20210108,834.63,CEF,SH
511010.SH,20210111,822.63,CEF,SH
511010.SH,20210112,819.63,CEF,SH
511010.SH,20210113,818.63,CEF,SH
511010.SH,20210114,817.63,CEF,SH
511010.SH,20210115,817.63,CEF,SH
511010.SH,20210118,817.63,CEF,SH
511010.SH,20210119,815.63,CEF,SH
511010.SH,20210120,815.63,CEF,SH
511010.SH,20210121,813.63,CEF,SH
511010.SH,20210122,813.63,CEF,SH
511010.SH,20210125,813.63,CEF,SH
511010.SH,20210126,813.63,CEF,SH
511010.SH,20210127,811.63,CEF,SH
511010.SH,20210128,811.63,CEF,SH
511010.SH,20210129,811.63,CEF,SH
511010.SH,20210201,806.63,CEF,SH
511010.SH,20210202,805.63,CEF,SH
511010.SH,20210203,805.63,CEF,SH
511010.SH,20210204,814.63,CEF,SH
511010.SH,20210205,814.63,CEF,SH
511010.SH,20210208,814.63,CEF,SH
511010.SH,20210209,810.63,CEF,SH
511010.SH,20210210,810.63,CEF,SH
511010.SH,20210218,810.63,CEF,SH
511010.SH,20210219,808.63,CEF,SH
511010.SH,20210222,807.63,CEF,SH
511010.SH,20210223,807.63,CEF,SH
511010.SH,20210224,807.63,CEF,SH
511010.SH,20210225,807.63,CEF,SH
511010.SH,20210226,807.63,CEF,SH
511010.SH,20210301,804.63,CEF,SH
511010.SH,20210302,802.63,CEF,SH
511010.SH,20210303,810.63,CEF,SH
511010.SH,20210304,810.63,CEF,SH
511010.SH,20210305,810.63,CEF,SH
511010.SH,20210308,820.63,CEF,SH
511010.SH,20210309,822.63,CEF,SH
511010.SH,20210310,822.63,CEF,SH
511010.SH,20210311,822.63,CEF,SH
511010.SH,20210312,822.63,CEF,SH
511010.SH,20210315,828.63,CEF,SH
511010.SH,20210316,828.63,CEF,SH
511010.SH,20210317,828.63,CEF,SH
511010.SH,20210318,828.63,CEF,SH
511010.SH,20210319,828.63,CEF,SH
511010.SH,20210322,828.63,CEF,SH
511010.SH,20210323,823.63,CEF,SH
511010.SH,20210324,823.63,CEF,SH
511010.SH,20210325,823.63,CEF,SH
511010.SH,20210326,821.63,CEF,SH
511010.SH,20210329,816.63,CEF,SH
511010.SH,20210330,816.63,CEF,SH
511010.SH,20210331,816.6287,CEF,SH
511010.SH,20210401,811.63,CEF,SH
511010.SH,20210402,811.63,CEF,SH
511010.SH,20210406,811.63,CEF,SH
511010.SH,20210407,811.63,CEF,SH
511010.SH,20210408,809.63,CEF,SH
511010.SH,20210409,807.63,CEF,SH
511010.SH,20210412,805.63,CEF,SH
511010.SH,20210413,805.63,CEF,SH
511010.SH,20210414,805.63,CEF,SH
511010.SH,20210415,805.63,CEF,SH
511010.SH,20210416,805.63,CEF,SH
511010.SH,20210419,805.63,CEF,SH
511010.SH,20210420,805.63,CEF,SH
511010.SH,20210421,803.63,CEF,SH
511010.SH,20210422,803.63,CEF,SH
511010.SH,20210423,803.63,CEF,SH
511010.SH,20210426,804.63,CEF,SH
511010.SH,20210427,804.63,CEF,SH
511010.SH,20210428,798.63,CEF,SH
511010.SH,20210429,796.63,CEF,SH
511010.SH,20210430,796.63,CEF,SH
511010.SH,20210506,796.63,CEF,SH
511010.SH,20210507,791.63,CEF,SH
511010.SH,20210510,778.63,CEF,SH
511010.SH,20210511,772.63,CEF,SH
511010.SH,20210512,772.63,CEF,SH
511010.SH,20210513,767.63,CEF,SH
511010.SH,20210514,767.63,CEF,SH
511010.SH,20210517,767.63,CEF,SH
511010.SH,20210518,767.63,CEF,SH
511010.SH,20210519,767.63,CEF,SH
511010.SH,20210520,767.63,CEF,SH
511010.SH,20210521,767.63,CEF,SH
511010.SH,20210524,779.63,CEF,SH
511010.SH,20210525,779.63,CEF,SH
511010.SH,20210526,779.63,CEF,SH
511010.SH,20210527,779.63,CEF,SH
511010.SH,20210528,779.63,CEF,SH
511010.SH,20210531,779.63,CEF,SH
511010.SH,20210601,776.63,CEF,SH
511010.SH,20210602,776.63,CEF,SH
511010.SH,20210603,774.63,CEF,SH
511010.SH,20210604,776.63,CEF,SH
511010.SH,20210607,776.63,CEF,SH
511010.SH,20210608,776.63,CEF,SH
511010.SH,20210609,776.63,CEF,SH
511010.SH,20210610,776.63,CEF,SH
511010.SH,20210611,772.63,CEF,SH
511010.SH,20210615,761.63,CEF,SH
511010.SH,20210616,749.63,CEF,SH
511010.SH,20210617,749.63,CEF,SH
511010.SH,20210618,749.63,CEF,SH
511010.SH,20210621,749.63,CEF,SH
511010.SH,20210622,749.63,CEF,SH
511010.SH,20210623,749.63,CEF,SH
511010.SH,20210624,745.63,CEF,SH
511010.SH,20210625,741.63,CEF,SH
511010.SH,20210628,738.63,CEF,SH
511010.SH,20210629,738.63,CEF,SH
511010.SH,20210630,738.6287,CEF,SH
511010.SH,20210701,754.63,CEF,SH
511010.SH,20210702,754.63,CEF,SH
511010.SH,20210705,754.63,CEF,SH
511010.SH,20210706,754.63,CEF,SH
511010.SH,20210707,754.63,CEF,SH
511010.SH,20210708,755.63,CEF,SH
511010.SH,20210709,755.63,CEF,SH
511010.SH,20210712,755.63,CEF,SH
511010.SH,20210713,771.63,CEF,SH
511010.SH,20210714,768.63,CEF,SH
511010.SH,20210715,767.63,CEF,SH
511010.SH,20210716,761.63,CEF,SH
511010.SH,20210719,762.63,CEF,SH
511010.SH,20210720,762.63,CEF,SH
511010.SH,20210721,762.63,CEF,SH
511010.SH,20210722,762.63,CEF,SH
511010.SH,20210723,757.63,CEF,SH
511010.SH,20210726,757.63,CEF,SH
511010.SH,20210727,769.63,CEF,SH
511010.SH,20210728,774.63,CEF,SH
511010.SH,20210729,776.63,CEF,SH
511010.SH,20210730,776.63,CEF,SH
511010.SH,20210802,776.63,CEF,SH
511010.SH,20210803,776.63,CEF,SH
511010.SH,20210804,779.63,CEF,SH
511010.SH,20210805,779.63,CEF,SH
511010.SH,20210806,779.63,CEF,SH
511010.SH,20210809,779.63,CEF,SH
511010.SH,20210810,779.63,CEF,SH
511010.SH,20210811,755.63,CEF,SH
511010.SH,20210812,755.63,CEF,SH
511010.SH,20210813,755.63,CEF,SH
511010.SH,20210816,763.63,CEF,SH
511010.SH,20210817,763.63,CEF,SH
511010.SH,20210818,772.63,CEF,SH
511010.SH,20210819,776.63,CEF,SH
511010.SH,20210820,791.63,CEF,SH
511010.SH,20210823,799.63,CEF,SH
511010.SH,20210824,799.63,CEF,SH
511010.SH,20210825,799.63,CEF,SH
511010.SH,20210826,799.63,CEF,SH
511010.SH,20210827,782.63,CEF,SH
511010.SH,20210830,782.63,CEF,SH
511010.SH,20210831,782.63,CEF,SH
511010.SH,20210901,782.63,CEF,SH
511010.SH,20210902,781.63,CEF,SH
511010.SH,20210903,781.63,CEF,SH
511010.SH,20210906,781.63,CEF,SH
511010.SH,20210907,771.63,CEF,SH
511010.SH,20210908,771.63,CEF,SH
511010.SH,20210909,757.63,CEF,SH
511010.SH,20210910,757.63,CEF,SH
511010.SH,20210913,755.63,CEF,SH
511010.SH,20210914,755.63,CEF,SH
511010.SH,20210915,754.63,CEF,SH
511010.SH,20210916,749.63,CEF,SH
511010.SH,20210917,745.63,CEF,SH
511010.SH,20210922,745.63,CEF,SH
511010.SH,20210923,745.63,CEF,SH
511010.SH,20210924,745.63,CEF,SH
511010.SH,20210927,745.63,CEF,SH
511010.SH,20210928,745.63,CEF,SH
511010.SH,20210929,745.63,CEF,SH
511010.SH,20210930,750.6287,CEF,SH
511010.SH,20211008,751.63,CEF,SH
511010.SH,20211011,752.63,CEF,SH
511010.SH,20211012,753.63,CEF,SH
511010.SH,20211013,753.63,CEF,SH
511010.SH,20211014,753.63,CEF,SH
511010.SH,20211015,753.63,CEF,SH
511010.SH,20211018,754.63,CEF,SH
511010.SH,20211019,755.63,CEF,SH
511010.SH,20211020,756.63,CEF,SH
511010.SH,20211021,757.63,CEF,SH
511010.SH,20211022,751.63,CEF,SH
511010.SH,20211025,746.63,CEF,SH
511010.SH,20211026,728.63,CEF,SH
511010.SH,20211027,728.63,CEF,SH
511010.SH,20211028,728.63,CEF,SH
511010.SH,20211029,728.63,CEF,SH
511010.SH,20211101,728.63,CEF,SH
511010.SH,20211102,728.63,CEF,SH
511010.SH,20211103,728.63,CEF,SH
511010.SH,20211104,728.63,CEF,SH
511010.SH,20211105,728.63,CEF,SH
511010.SH,20211108,726.63,CEF,SH
511010.SH,20211109,717.63,CEF,SH
511010.SH,20211110,716.63,CEF,SH
511010.SH,20211111,716.63,CEF,SH
511010.SH,20211112,716.63,CEF,SH
511010.SH,20211115,716.63,CEF,SH
511010.SH,20211116,716.63,CEF,SH
511010.SH,20211117,716.63,CEF,SH
511010.SH,20211118,708.63,CEF,SH
511010.SH,20211119,708.63,CEF,SH
511010.SH,20211122,707.63,CEF,SH
511010.SH,20211123,707.63,CEF,SH
511010.SH,20211124,707.63,CEF,SH
511010.SH,20211125,699.63,CEF,SH
511010.SH,20211126,699.63,CEF,SH
511010.SH,20211129,699.63,CEF,SH
511010.SH,20211130,699.63,CEF,SH
511010.SH,20211201,681.63,CEF,SH
511010.SH,20211202,675.63,CEF,SH
511010.SH,20211203,675.63,CEF,SH
511010.SH,20211206,659.63,CEF,SH
511010.SH,20211207,654.63,CEF,SH
511010.SH,20211208,654.63,CEF,SH
511010.SH,20211209,653.63,CEF,SH
511010.SH,20211210,650.63,CEF,SH
511010.SH,20211213,650.63,CEF,SH
511010.SH,20211214,650.63,CEF,SH
511010.SH,20211215,650.63,CEF,SH
511010.SH,20211216,646.63,CEF,SH
511010.SH,20211217,643.63,CEF,SH
511010.SH,20211220,643.63,CEF,SH
511010.SH,20211221,643.63,CEF,SH
511010.SH,20211222,640.63,CEF,SH
511010.SH,20211223,640.63,CEF,SH
511010.SH,20211224,640.63,CEF,SH
511010.SH,20211227,633.63,CEF,SH
511010.SH,20211228,633.63,CEF,SH
511010.SH,20211229,627.63,CEF,SH
511010.SH,20211230,627.63,CEF,SH
511010.SH,20211231,627.6287,CEF,SH
511010.SH,20220104,627.63,CEF,SH
511010.SH,20220105,627.63,CEF,SH
511010.SH,20220106,627.63,CEF,SH
511010.SH,20220107,627.63,CEF,SH
511010.SH,20220110,626.63,CEF,SH
511010.SH,20220111,626.63,CEF,SH
511010.SH,20220112,626.63,CEF,SH
511010.SH,20220113,626.63,CEF,SH
511010.SH,20220114,626.63,CEF,SH
511010.SH,20220117,626.63,CEF,SH
511010.SH,20220118,626.63,CEF,SH
511010.SH,20220119,626.63,CEF,SH
511010.SH,20220120,619.63,CEF,SH
511010.SH,20220121,619.63,CEF,SH
511010.SH,20220124,619.63,CEF,SH
511010.SH,20220125,622.63,CEF,SH
511010.SH,20220126,626.63,CEF,SH
511010.SH,20220127,620.63,CEF,SH
511010.SH,20220128,594.63,CEF,SH
511010.SH,20220207,594.63,CEF,SH
511010.SH,20220208,594.63,CEF,SH
511010.SH,20220209,594.63,CEF,SH
511010.SH,20220210,594.63,CEF,SH
511010.SH,20220211,596.63,CEF,SH
511010.SH,20220214,596.63,CEF,SH
511010.SH,20220215,596.63,CEF,SH
511010.SH,20220216,596.63,CEF,SH
511010.SH,20220217,596.63,CEF,SH
511010.SH,20220218,596.63,CEF,SH
511010.SH,20220221,596.63,CEF,SH
511010.SH,20220222,592.63,CEF,SH
511010.SH,20220223,592.63,CEF,SH
511010.SH,20220224,592.63,CEF,SH
511010.SH,20220225,592.63,CEF,SH
511010.SH,20220228,592.63,CEF,SH
511010.SH,20220301,592.63,CEF,SH
511010.SH,20220302,584.63,CEF,SH
511010.SH,20220303,584.63,CEF,SH
511010.SH,20220304,584.63,CEF,SH
511010.SH,20220307,582.63,CEF,SH
511010.SH,20220308,582.63,CEF,SH
511010.SH,20220309,582.63,CEF,SH
511010.SH,20220310,582.63,CEF,SH
511010.SH,20220311,582.63,CEF,SH
511010.SH,20220314,582.63,CEF,SH
511010.SH,20220315,582.63,CEF,SH
511010.SH,20220316,578.63,CEF,SH
511010.SH,20220317,578.63,CEF,SH
511010.SH,20220318,573.63,CEF,SH
511010.SH,20220321,573.63,CEF,SH
511010.SH,20220322,573.63,CEF,SH
511010.SH,20220323,573.63,CEF,SH
511010.SH,20220324,573.63,CEF,SH
511010.SH,20220325,573.63,CEF,SH
511010.SH,20220328,573.63,CEF,SH
511010.SH,20220329,583.63,CEF,SH
511010.SH,20220330,583.63,CEF,SH
511010.SH,20220331,583.6287,CEF,SH
511010.SH,20220401,583.63,CEF,SH
511010.SH,20220406,583.63,CEF,SH
511010.SH,20220407,583.63,CEF,SH
511010.SH,20220408,587.63,CEF,SH
511010.SH,20220411,587.63,CEF,SH
511010.SH,20220412,587.63,CEF,SH
511010.SH,20220413,587.63,CEF,SH
511010.SH,20220414,591.63,CEF,SH
511010.SH,20220415,591.63,CEF,SH
511010.SH,20220418,591.63,CEF,SH
511010.SH,20220419,591.63,CEF,SH
511010.SH,20220420,591.63,CEF,SH
511010.SH,20220421,591.63,CEF,SH
511010.SH,20220422,594.63,CEF,SH
511010.SH,20220425,594.63,CEF,SH
511010.SH,20220426,594.63,CEF,SH
511010.SH,20220427,594.63,CEF,SH
511010.SH,20220428,594.63,CEF,SH
511010.SH,20220429,594.63,CEF,SH
511010.SH,20220505,594.63,CEF,SH
511010.SH,20220506,595.63,CEF,SH
511010.SH,20220509,595.63,CEF,SH
511010.SH,20220510,595.63,CEF,SH
511010.SH,20220511,595.63,CEF,SH
511010.SH,20220512,595.63,CEF,SH
511010.SH,20220513,596.63,CEF,SH
511010.SH,20220516,596.63,CEF,SH
511010.SH,20220517,596.63,CEF,SH
511010.SH,20220518,605.63,CEF,SH
511010.SH,20220519,617.63,CEF,SH
511010.SH,20220520,619.63,CEF,SH
511010.SH,20220523,619.63,CEF,SH
511010.SH,20220524,630.63,CEF,SH
511010.SH,20220525,636.63,CEF,SH
511010.SH,20220526,637.63,CEF,SH
511010.SH,20220527,639.63,CEF,SH
511010.SH,20220530,639.63,CEF,SH
511010.SH,20220531,639.63,CEF,SH
511010.SH,20220601,639.63,CEF,SH
511010.SH,20220602,639.63,CEF,SH
511010.SH,20220606,639.63,CEF,SH
511010.SH,20220607,639.63,CEF,SH
511010.SH,20220608,639.63,CEF,SH
511010.SH,20220609,639.63,CEF,SH
511010.SH,20220610,639.63,CEF,SH
511010.SH,20220613,639.63,CEF,SH
511010.SH,20220614,635.63,CEF,SH
511010.SH,20220615,635.63,CEF,SH
511010.SH,20220616,635.63,CEF,SH
511010.SH,20220617,631.63,CEF,SH
511010.SH,20220620,630.63,CEF,SH
511010.SH,20220621,630.63,CEF,SH
511010.SH,20220622,630.63,CEF,SH
511010.SH,20220623,630.63,CEF,SH
511010.SH,20220624,630.63,CEF,SH
511010.SH,20220627,630.63,CEF,SH
511010.SH,20220628,630.63,CEF,SH
511010.SH,20220629,630.63,CEF,SH
511010.SH,20220630,630.6287,CEF,SH
511010.SH,20220701,630.63,CEF,SH
511010.SH,20220704,646.63,CEF,SH
511010.SH,20220705,655.63,CEF,SH
511010.SH,20220706,655.63,CEF,SH
511010.SH,20220707,655.63,CEF,SH
511010.SH,20220708,655.63,CEF,SH
511010.SH,20220711,639.63,CEF,SH
511010.SH,20220712,633.63,CEF,SH
511010.SH,20220713,617.63,CEF,SH
511010.SH,20220714,610.63,CEF,SH
511010.SH,20220715,603.63,CEF,SH
511010.SH,20220718,581.63,CEF,SH
511010.SH,20220719,576.63,CEF,SH
511010.SH,20220720,555.63,CEF,SH
511010.SH,20220721,546.63,CEF,SH
511010.SH,20220722,534.63,CEF,SH
511010.SH,20220725,530.63,CEF,SH
511010.SH,20220726,530.63,CEF,SH
511010.SH,20220727,530.63,CEF,SH
511010.SH,20220728,529.63,CEF,SH
511010.SH,20220729,520.63,CEF,SH
511010.SH,20220801,520.63,CEF,SH
511010.SH,20220802,520.63,CEF,SH
511010.SH,20220803,520.63,CEF,SH
511010.SH,20220804,520.63,CEF,SH
511010.SH,20220805,520.63,CEF,SH
511010.SH,20220808,520.63,CEF,SH
511010.SH,20220809,520.63,CEF,SH
511010.SH,20220810,520.63,CEF,SH
511010.SH,20220811,520.63,CEF,SH
511010.SH,20220812,520.63,CEF,SH
511010.SH,20220815,510.63,CEF,SH
511010.SH,20220816,510.63,CEF,SH
511010.SH,20220817,510.63,CEF,SH
511010.SH,20220818,510.63,CEF,SH
511010.SH,20220819,510.63,CEF,SH
511010.SH,20220822,513.63,CEF,SH
511010.SH,20220823,520.63,CEF,SH
511010.SH,20220824,530.63,CEF,SH
511010.SH,20220825,530.63,CEF,SH
511010.SH,20220826,530.63,CEF,SH
511010.SH,20220829,531.63,CEF,SH
511010.SH,20220830,531.63,CEF,SH
511010.SH,20220831,531.63,CEF,SH
511010.SH,20220901,531.63,CEF,SH
511010.SH,20220902,536.63,CEF,SH
511010.SH,20220905,549.63,CEF,SH
511010.SH,20220906,553.63,CEF,SH
511010.SH,20220907,555.63,CEF,SH
511010.SH,20220908,567.63,CEF,SH
511010.SH,20220909,578.63,CEF,SH
511010.SH,20220913,578.63,CEF,SH
511010.SH,20220914,578.63,CEF,SH
511010.SH,20220915,578.63,CEF,SH
511010.SH,20220916,585.63,CEF,SH
511010.SH,20220919,585.63,CEF,SH
511010.SH,20220920,585.63,CEF,SH
511010.SH,20220921,585.63,CEF,SH
511010.SH,20220922,585.63,CEF,SH
511010.SH,20220923,585.63,CEF,SH
511010.SH,20220926,585.63,CEF,SH
511010.SH,20220927,585.63,CEF,SH
511010.SH,20220928,584.63,CEF,SH
511010.SH,20220929,580.63,CEF,SH
511010.SH,20220930,573.6287,CEF,SH
511010.SH,20221010,573.63,CEF,SH
511010.SH,20221011,573.63,CEF,SH
511010.SH,20221012,573.63,CEF,SH
511010.SH,20221013,573.63,CEF,SH
511010.SH,20221014,575.63,CEF,SH
511010.SH,20221017,575.63,CEF,SH
511010.SH,20221018,581.63,CEF,SH
511010.SH,20221019,579.63,CEF,SH
511010.SH,20221020,579.63,CEF,SH
511010.SH,20221021,579.63,CEF,SH
511010.SH,20221024,579.63,CEF,SH
511010.SH,20221025,538.63,CEF,SH
511010.SH,20221026,539.63,CEF,SH
511010.SH,20221027,539.63,CEF,SH
511010.SH,20221028,539.63,CEF,SH
511010.SH,20221031,539.63,CEF,SH
511010.SH,20221101,539.63,CEF,SH
511010.SH,20221102,533.63,CEF,SH
511010.SH,20221103,531.63,CEF,SH
511010.SH,20221104,531.63,CEF,SH
511010.SH,20221107,531.63,CEF,SH
511010.SH,20221108,531.63,CEF,SH
511010.SH,20221109,531.63,CEF,SH
511010.SH,20221110,531.63,CEF,SH
511010.SH,20221111,531.63,CEF,SH
511010.SH,20221114,531.63,CEF,SH
511010.SH,20221115,531.63,CEF,SH
511010.SH,20221116,534.63,CEF,SH
511010.SH,20221117,534.63,CEF,SH
511010.SH,20221118,534.63,CEF,SH
511010.SH,20221121,534.63,CEF,SH
511010.SH,20221122,534.63,CEF,SH
511010.SH,20221123,535.63,CEF,SH
511010.SH,20221124,535.63,CEF,SH
511010.SH,20221125,537.63,CEF,SH
511010.SH,20221128,537.63,CEF,SH
511010.SH,20221129,537.63,CEF,SH
511010.SH,20221130,537.63,CEF,SH
511010.SH,20221201,537.63,CEF,SH
511010.SH,20221202,537.63,CEF,SH
511010.SH,20221205,547.63,CEF,SH
511010.SH,20221206,548.63,CEF,SH
511010.SH,20221207,548.63,CEF,SH
511010.SH,20221208,548.63,CEF,SH
511010.SH,20221209,588.63,CEF,SH
511010.SH,20221212,588.63,CEF,SH
511010.SH,20221213,588.63,CEF,SH
511010.SH,20221214,588.63,CEF,SH
511010.SH,20221215,588.63,CEF,SH
511010.SH,20221216,588.63,CEF,SH
511010.SH,20221219,588.63,CEF,SH
511010.SH,20221220,588.63,CEF,SH
511010.SH,20221221,588.63,CEF,SH
511010.SH,20221222,588.63,CEF,SH
511010.SH,20221223,588.63,CEF,SH
511010.SH,20221226,580.63,CEF,SH
511010.SH,20221227,580.63,CEF,SH
511010.SH,20221228,580.63,CEF,SH
511010.SH,20221229,580.63,CEF,SH
511010.SH,20221230,470.63,CEF,SH
511010.SH,20221231,470.6287,CEF,SH
511010.SH,20230103,480.63,CEF,SH
511010.SH,20230104,480.63,CEF,SH
511010.SH,20230105,480.63,CEF,SH
511010.SH,20230106,480.63,CEF,SH
511010.SH,20230109,490.63,CEF,SH
511010.SH,20230110,490.63,CEF,SH
511010.SH,20230111,500.63,CEF,SH
511010.SH,20230112,500.63,CEF,SH
511010.SH,20230113,500.63,CEF,SH
511010.SH,20230116,500.63,CEF,SH
511010.SH,20230117,500.63,CEF,SH
511010.SH,20230118,500.63,CEF,SH
511010.SH,20230119,450.63,CEF,SH
511010.SH,20230120,450.63,CEF,SH
511010.SH,20230130,455.63,CEF,SH
511010.SH,20230131,455.63,CEF,SH
511010.SH,20230201,475.63,CEF,SH
511010.SH,20230202,475.63,CEF,SH
511010.SH,20230203,475.63,CEF,SH
511010.SH,20230206,475.63,CEF,SH
511010.SH,20230207,490.63,CEF,SH
511010.SH,20230208,510.63,CEF,SH
511010.SH,20230209,510.63,CEF,SH
511010.SH,20230210,510.63,CEF,SH
511010.SH,20230213,533.63,CEF,SH
511010.SH,20230214,533.63,CEF,SH
511010.SH,20230215,533.63,CEF,SH
511010.SH,20230216,533.63,CEF,SH
511010.SH,20230217,548.63,CEF,SH
511010.SH,20230220,568.63,CEF,SH
511010.SH,20230221,568.63,CEF,SH
511010.SH,20230222,568.63,CEF,SH
511010.SH,20230223,568.63,CEF,SH
511010.SH,20230224,568.63,CEF,SH
511010.SH,20230227,568.63,CEF,SH
511010.SH,20230228,608.63,CEF,SH
511010.SH,20230301,527.63,CEF,SH
511010.SH,20230302,525.63,CEF,SH
511010.SH,20230303,525.63,CEF,SH
511010.SH,20230306,525.63,CEF,SH
511010.SH,20230307,525.63,CEF,SH
511010.SH,20230308,525.63,CEF,SH
511010.SH,20230309,535.63,CEF,SH
511010.SH,20230310,535.63,CEF,SH
511010.SH,20230313,428.63,CEF,SH
511010.SH,20230314,438.63,CEF,SH
511010.SH,20230315,438.63,CEF,SH
511010.SH,20230316,438.63,CEF,SH
511010.SH,20230317,398.63,CEF,SH
511010.SH,20230320,408.63,CEF,SH
511010.SH,20230321,418.63,CEF,SH
511010.SH,20230322,418.63,CEF,SH
511010.SH,20230323,418.63,CEF,SH
511010.SH,20230324,428.63,CEF,SH
511010.SH,20230327,425.63,CEF,SH
511010.SH,20230328,384.63,CEF,SH
511010.SH,20230329,386.63,CEF,SH
511010.SH,20230330,386.63,CEF,SH
511010.SH,20230331,386.6287,CEF,SH
511010.SH,20230403,373.63,CEF,SH
511010.SH,20230404,371.63,CEF,SH
511010.SH,20230406,371.63,CEF,SH
511010.SH,20230407,371.63,CEF,SH
511010.SH,20230410,374.63,CEF,SH
511010.SH,20230411,391.63,CEF,SH
511010.SH,20230412,391.63,CEF,SH
511010.SH,20230413,411.63,CEF,SH
511010.SH,20230414,407.63,CEF,SH
511010.SH,20230417,421.63,CEF,SH
511010.SH,20230418,421.63,CEF,SH
511010.SH,20230419,461.63,CEF,SH
511010.SH,20230420,471.63,CEF,SH
511010.SH,20230421,471.63,CEF,SH
511010.SH,20230424,503.63,CEF,SH
511010.SH,20230425,529.63,CEF,SH
511010.SH,20230426,529.63,CEF,SH
511010.SH,20230427,529.63,CEF,SH
511010.SH,20230428,509.63,CEF,SH
511010.SH,20230504,509.63,CEF,SH
511010.SH,20230505,554.63,CEF,SH
511010.SH,20230508,564.63,CEF,SH
511010.SH,20230509,572.63,CEF,SH
511010.SH,20230510,682.63,CEF,SH
511010.SH,20230511,722.63,CEF,SH
511010.SH,20230512,722.63,CEF,SH
511010.SH,20230515,734.63,CEF,SH
511010.SH,20230516,754.63,CEF,SH
511010.SH,20230517,754.63,CEF,SH
511010.SH,20230518,754.63,CEF,SH
511010.SH,20230519,754.63,CEF,SH
511010.SH,20230522,754.63,CEF,SH
511010.SH,20230523,768.63,CEF,SH
511010.SH,20230524,778.63,CEF,SH
511010.SH,20230525,776.63,CEF,SH
511010.SH,20230526,778.63,CEF,SH
511010.SH,20230529,778.63,CEF,SH
511010.SH,20230530,808.63,CEF,SH
511010.SH,20230531,838.63,CEF,SH
511010.SH,20230601,835.63,CEF,SH
511010.SH,20230602,830.63,CEF,SH
511010.SH,20230605,835.63,CEF,SH
511010.SH,20230606,835.63,CEF,SH
511010.SH,20230607,835.63,CEF,SH
511010.SH,20230608,843.63,CEF,SH
511010.SH,20230609,843.63,CEF,SH
511010.SH,20230612,843.63,CEF,SH
511010.SH,20230613,873.63,CEF,SH
511010.SH,20230614,923.63,CEF,SH
511010.SH,20230615,938.63,CEF,SH
511010.SH,20230616,938.63,CEF,SH
511010.SH,20230619,938.63,CEF,SH
511010.SH,20230620,938.63,CEF,SH
511010.SH,20230621,938.63,CEF,SH
511010.SH,20230626,958.63,CEF,SH
511010.SH,20230627,988.63,CEF,SH
511010.SH,20230628,988.63,CEF,SH
511010.SH,20230629,988.63,CEF,SH
511010.SH,20230630,981.6287,CEF,SH
511010.SH,20230703,981.63,CEF,SH
511010.SH,20230704,981.63,CEF,SH
511010.SH,20230705,981.63,CEF,SH
511010.SH,20230706,981.63,CEF,SH
511010.SH,20230707,981.63,CEF,SH
511010.SH,20230710,981.63,CEF,SH
511010.SH,20230711,981.63,CEF,SH
511010.SH,20230712,991.63,CEF,SH
511010.SH,20230713,1006.63,CEF,SH
511010.SH,20230714,1006.63,CEF,SH
511010.SH,20230717,1006.63,CEF,SH
511010.SH,20230718,1006.63,CEF,SH
511010.SH,20230719,1096.63,CEF,SH
511010.SH,20230720,1096.63,CEF,SH
511010.SH,20230721,1116.63,CEF,SH
511010.SH,20230724,1136.63,CEF,SH
511010.SH,20230725,1136.63,CEF,SH
511010.SH,20230726,1156.63,CEF,SH
511010.SH,20230727,1156.63,CEF,SH
511010.SH,20230728,1156.63,CEF,SH
511010.SH,20230731,1156.63,CEF,SH
511010.SH,20230801,1246.63,CEF,SH
511010.SH,20230802,1246.63,CEF,SH
511010.SH,20230803,1246.63,CEF,SH
511010.SH,20230804,1246.63,CEF,SH
511010.SH,20230807,1246.63,CEF,SH
511010.SH,20230808,1246.63,CEF,SH
511010.SH,20230809,1296.63,CEF,SH
511010.SH,20230810,1296.63,CEF,SH
511010.SH,20230811,1296.63,CEF,SH
511010.SH,20230814,1296.63,CEF,SH
511010.SH,20230815,1296.63,CEF,SH
511010.SH,20230816,1296.63,CEF,SH
511010.SH,20230817,1296.63,CEF,SH
511010.SH,20230818,1296.63,CEF,SH
511010.SH,20230821,1296.63,CEF,SH
511010.SH,20230822,1296.63,CEF,SH
511010.SH,20230823,1316.63,CEF,SH
511010.SH,20230824,1316.63,CEF,SH
511010.SH,20230825,1316.63,CEF,SH
511010.SH,20230828,1316.63,CEF,SH
511010.SH,20230829,1316.63,CEF,SH
511010.SH,20230830,1316.63,CEF,SH
511010.SH,20230831,1316.63,CEF,SH
511010.SH,20230901,1316.63,CEF,SH
511010.SH,20230904,1316.63,CEF,SH
511010.SH,20230905,1316.63,CEF,SH
511010.SH,20230906,1316.63,CEF,SH
511010.SH,20230907,1316.63,CEF,SH
511010.SH,20230908,1316.63,CEF,SH
511010.SH,20230911,1316.63,CEF,SH
511010.SH,20230912,1315.63,CEF,SH
511010.SH,20230913,1315.63,CEF,SH
511010.SH,20230914,1245.63,CEF,SH
511010.SH,20230915,1245.63,CEF,SH
511010.SH,20230918,1275.63,CEF,SH
511010.SH,20230919,1275.63,CEF,SH
511010.SH,20230920,1275.63,CEF,SH
511010.SH,20230921,1275.63,CEF,SH
511010.SH,20230922,1275.63,CEF,SH
511010.SH,20230925,1277.63,CEF,SH
511010.SH,20230926,1277.63,CEF,SH
511010.SH,20230927,1297.63,CEF,SH
511010.SH,20230928,1297.63,CEF,SH
511010.SH,20230930,1297.6287,CEF,SH
511010.SH,20231009,1257.63,CEF,SH
511010.SH,20231010,1257.63,CEF,SH
511010.SH,20231011,1257.63,CEF,SH
511010.SH,20231012,1257.63,CEF,SH
511010.SH,20231013,1257.63,CEF,SH
511010.SH,20231016,1257.63,CEF,SH
511010.SH,20231017,1257.63,CEF,SH
511010.SH,20231018,1257.63,CEF,SH
511010.SH,20231019,1257.63,CEF,SH
511010.SH,20231020,1257.63,CEF,SH
511010.SH,20231023,1227.63,CEF,SH
511010.SH,20231024,1227.63,CEF,SH
511010.SH,20231025,1227.63,CEF,SH
511010.SH,20231026,1197.63,CEF,SH
511010.SH,20231027,1197.63,CEF,SH
511010.SH,20231030,1197.63,CEF,SH
511010.SH,20231031,1197.63,CEF,SH
511010.SH,20231101,1197.63,CEF,SH
511010.SH,20231102,1197.63,CEF,SH
511010.SH,20231103,1197.63,CEF,SH
511010.SH,20231106,1197.63,CEF,SH
511010.SH,20231107,1197.63,CEF,SH
511010.SH,20231108,1197.63,CEF,SH
511010.SH,20231109,1197.63,CEF,SH
511010.SH,20231110,1197.63,CEF,SH
511010.SH,20231113,1197.63,CEF,SH
511010.SH,20231114,1197.63,CEF,SH
511010.SH,20231115,1197.63,CEF,SH
511010.SH,20231116,1187.63,CEF,SH
511010.SH,20231117,1207.63,CEF,SH
511010.SH,20231120,1207.63,CEF,SH
511010.SH,20231121,1207.63,CEF,SH
511010.SH,20231122,1207.63,CEF,SH
511010.SH,20231123,1207.63,CEF,SH
511010.SH,20231124,1207.63,CEF,SH
511010.SH,20231127,1207.63,CEF,SH
511010.SH,20231128,1207.63,CEF,SH
511010.SH,20231129,1207.63,CEF,SH
511010.SH,20231130,1207.63,CEF,SH
511010.SH,20231201,1207.63,CEF,SH
511010.SH,20231204,1207.63,CEF,SH
511010.SH,20231205,1207.63,CEF,SH
511010.SH,20231206,1207.63,CEF,SH
511010.SH,20231207,1207.63,CEF,SH
511010.SH,20231208,1207.63,CEF,SH
511010.SH,20231211,1207.63,CEF,SH
511010.SH,20231212,1207.63,CEF,SH
511010.SH,20231213,1207.63,CEF,SH
511010.SH,20231214,1207.63,CEF,SH
511010.SH,20231215,1207.63,CEF,SH
511010.SH,20231218,1177.63,CEF,SH
511010.SH,20231219,1177.63,CEF,SH
511010.SH,20231220,1177.63,CEF,SH
511010.SH,20231221,1177.63,CEF,SH
511010.SH,20231222,1152.63,CEF,SH
511010.SH,20231225,1150.63,CEF,SH
511010.SH,20231226,1110.63,CEF,SH
511010.SH,20231227,1110.63,CEF,SH
511010.SH,20231228,1090.63,CEF,SH
511010.SH,20231229,1080.63,CEF,SH
511010.SH,20231231,1080.6287,CEF,SH
511010.SH,20240102,1080.63,CEF,SH
511010.SH,20240103,1080.63,CEF,SH
511010.SH,20240104,1090.63,CEF,SH
511010.SH,20240105,1100.63,CEF,SH
511010.SH,20240108,1120.63,CEF,SH
511010.SH,20240109,1120.63,CEF,SH
511010.SH,20240110,1120.63,CEF,SH
511010.SH,20240111,1120.63,CEF,SH
511010.SH,20240112,1120.63,CEF,SH
511010.SH,20240115,1140.63,CEF,SH
511010.SH,20240116,1140.63,CEF,SH
511010.SH,20240117,1140.63,CEF,SH
511010.SH,20240118,1140.63,CEF,SH
511010.SH,20240119,1140.63,CEF,SH
511010.SH,20240122,1160.63,CEF,SH
511010.SH,20240123,1160.63,CEF,SH
511010.SH,20240124,1160.63,CEF,SH
511010.SH,20240125,1160.63,CEF,SH
511010.SH,20240126,1180.63,CEF,SH
511010.SH,20240129,1180.63,CEF,SH
511010.SH,20240130,1180.63,CEF,SH
511010.SH,20240131,1180.63,CEF,SH
511010.SH,20240201,1180.63,CEF,SH
511010.SH,20240202,1180.63,CEF,SH
511010.SH,20240205,1180.63,CEF,SH
511010.SH,20240206,1180.63,CEF,SH
511010.SH,20240207,1180.63,CEF,SH
511010.SH,20240208,1180.63,CEF,SH
511010.SH,20240219,1180.63,CEF,SH
511010.SH,20240220,1180.63,CEF,SH
511010.SH,20240221,1180.63,CEF,SH
511010.SH,20240222,1200.63,CEF,SH
511010.SH,20240223,1200.63,CEF,SH
511010.SH,20240226,1200.63,CEF,SH
511010.SH,20240227,1200.63,CEF,SH
511010.SH,20240228,1220.63,CEF,SH
511010.SH,20240229,1220.63,CEF,SH
511010.SH,20240301,1220.63,CEF,SH
511010.SH,20240304,1240.63,CEF,SH
511010.SH,20240305,1240.63,CEF,SH
511010.SH,20240306,1240.63,CEF,SH
511010.SH,20240307,1242.63,CEF,SH
511010.SH,20240308,1262.63,CEF,SH
511010.SH,20240311,1263.63,CEF,SH
511010.SH,20240312,1263.63,CEF,SH
511010.SH,20240313,1263.63,CEF,SH
511010.SH,20240314,1263.63,CEF,SH
511010.SH,20240315,1264.63,CEF,SH
511010.SH,20240318,1264.63,CEF,SH
511010.SH,20240319,1264.63,CEF,SH
511010.SH,20240320,1264.63,CEF,SH
511010.SH,20240321,1264.63,CEF,SH
511010.SH,20240322,1264.63,CEF,SH
511010.SH,20240325,1254.63,CEF,SH
511010.SH,20240326,1254.63,CEF,SH
511010.SH,20240327,1254.63,CEF,SH
511010.SH,20240328,1254.63,CEF,SH
511010.SH,20240329,1254.63,CEF,SH
511010.SH,20240331,1254.6287,CEF,SH
511010.SH,20240401,1254.63,CEF,SH
511010.SH,20240402,1254.63,CEF,SH
511010.SH,20240403,1254.63,CEF,SH
511010.SH,20240408,1274.63,CEF,SH
511010.SH,20240409,1274.63,CEF,SH
511010.SH,20240410,1274.63,CEF,SH
511010.SH,20240411,1303.63,CEF,SH
511010.SH,20240412,1303.63,CEF,SH
511010.SH,20240415,1333.63,CEF,SH
511010.SH,20240416,1333.63,CEF,SH
511010.SH,20240417,1333.63,CEF,SH
511010.SH,20240418,1333.63,CEF,SH
511010.SH,20240419,1333.63,CEF,SH
511010.SH,20240422,1333.63,CEF,SH
511010.SH,20240423,1343.63,CEF,SH
511010.SH,20240424,1343.63,CEF,SH
511010.SH,20240425,1343.63,CEF,SH
511010.SH,20240426,1343.63,CEF,SH
511010.SH,20240429,1343.63,CEF,SH
511010.SH,20240430,1323.63,CEF,SH
511010.SH,20240506,1323.63,CEF,SH
511010.SH,20240507,1343.63,CEF,SH
511010.SH,20240508,1343.63,CEF,SH
511010.SH,20240509,1343.63,CEF,SH
511010.SH,20240510,1343.63,CEF,SH
511010.SH,20240513,1343.63,CEF,SH
511010.SH,20240514,1343.63,CEF,SH
511010.SH,20240515,1343.63,CEF,SH
511010.SH,20240516,1343.63,CEF,SH
511010.SH,20240517,1343.63,CEF,SH
511010.SH,20240520,1343.63,CEF,SH
511010.SH,20240521,1343.63,CEF,SH
511010.SH,20240522,1343.63,CEF,SH
511010.SH,20240523,1343.63,CEF,SH
511010.SH,20240524,1343.63,CEF,SH
511010.SH,20240527,1343.63,CEF,SH
511010.SH,20240528,1343.63,CEF,SH
511010.SH,20240529,1343.63,CEF,SH
511010.SH,20240530,1343.63,CEF,SH
511010.SH,20240531,1343.63,CEF,SH
511010.SH,20240603,1344.63,CEF,SH
511010.SH,20240604,1344.63,CEF,SH
511010.SH,20240605,1364.63,CEF,SH
511010.SH,20240606,1364.63,CEF,SH
511010.SH,20240607,1364.63,CEF,SH
511010.SH,20240611,1364.63,CEF,SH
511010.SH,20240612,1364.63,CEF,SH
511010.SH,20240613,1364.63,CEF,SH
511010.SH,20240614,1364.63,CEF,SH
511010.SH,20240617,1374.63,CEF,SH
511010.SH,20240618,1374.63,CEF,SH
511010.SH,20240619,1374.63,CEF,SH
511010.SH,20240620,1374.63,CEF,SH
511010.SH,20240621,1374.63,CEF,SH
511010.SH,20240624,1384.63,CEF,SH
511010.SH,20240625,1384.63,CEF,SH
511010.SH,20240626,1384.63,CEF,SH
511010.SH,20240627,1394.63,CEF,SH
511010.SH,20240628,1394.63,CEF,SH
511010.SH,20240630,1394.6287,CEF,SH
511010.SH,20240701,1394.63,CEF,SH
511010.SH,20240702,1394.63,CEF,SH
511010.SH,20240703,1394.63,CEF,SH
511010.SH,20240704,1394.63,CEF,SH
511010.SH,20240705,1394.63,CEF,SH
511010.SH,20240708,1394.63,CEF,SH
511010.SH,20240709,1294.63,CEF,SH
511010.SH,20240710,1094.63,CEF,SH
511010.SH,20240711,1094.63,CEF,SH
511010.SH,20240712,1094.63,CEF,SH
511010.SH,20240715,1114.63,CEF,SH
511010.SH,20240716,1114.63,CEF,SH
511010.SH,20240717,1114.63,CEF,SH
511010.SH,20240718,1114.63,CEF,SH
511010.SH,20240719,1114.63,CEF,SH
511010.SH,20240722,1114.63,CEF,SH
511010.SH,20240723,1114.63,CEF,SH
511010.SH,20240724,1134.63,CEF,SH
511010.SH,20240725,1174.63,CEF,SH
511010.SH,20240726,1174.63,CEF,SH
511010.SH,20240729,1174.63,CEF,SH
511010.SH,20240730,1194.63,CEF,SH
511010.SH,20240731,1194.63,CEF,SH
511010.SH,20240801,1194.63,CEF,SH
511010.SH,20240802,1198.63,CEF,SH
511010.SH,20240805,1212.63,CEF,SH
511010.SH,20240806,1212.63,CEF,SH
511010.SH,20240807,1242.63,CEF,SH
511010.SH,20240808,1242.63,CEF,SH
511010.SH,20240809,1242.63,CEF,SH
511010.SH,20240812,1242.63,CEF,SH
511010.SH,20240813,1262.63,CEF,SH
511010.SH,20240814,1303.63,CEF,SH
511010.SH,20240815,1323.63,CEF,SH
511010.SH,20240816,1323.63,CEF,SH
511010.SH,20240819,1323.63,CEF,SH
511010.SH,20240820,1323.63,CEF,SH
511010.SH,20240821,1323.63,CEF,SH
511010.SH,20240822,1323.63,CEF,SH
511010.SH,20240823,1323.63,CEF,SH
511010.SH,20240826,1323.63,CEF,SH
511010.SH,20240827,1323.63,CEF,SH
511010.SH,20240828,1323.63,CEF,SH
511010.SH,20240829,1323.63,CEF,SH
511010.SH,20240830,1323.63,CEF,SH
511010.SH,20240902,1324.63,CEF,SH
511010.SH,20240903,1324.63,CEF,SH
511010.SH,20240904,1324.63,CEF,SH
511010.SH,20240905,1324.63,CEF,SH
511010.SH,20240906,1324.63,CEF,SH
511010.SH,20240909,1324.63,CEF,SH
511010.SH,20240910,1374.63,CEF,SH
511010.SH,20240911,1376.63,CEF,SH
511010.SH,20240912,1376.63,CEF,SH
511010.SH,20240913,1376.63,CEF,SH
511010.SH,20240918,1386.63,CEF,SH
511010.SH,20240919,1386.63,CEF,SH
511010.SH,20240920,1401.63,CEF,SH
511010.SH,20240923,1401.63,CEF,SH
511010.SH,20240924,1401.63,CEF,SH
511010.SH,20240925,1401.63,CEF,SH
511010.SH,20240926,1401.63,CEF,SH
511010.SH,20240927,1401.63,CEF,SH
511010.SH,20240930,1390.6287,CEF,SH
511010.SH,20241008,1390.63,CEF,SH
511010.SH,20241009,1372.63,CEF,SH
511010.SH,20241010,1377.63,CEF,SH
511010.SH,20241011,1387.63,CEF,SH
511010.SH,20241014,1391.63,CEF,SH
511010.SH,20241015,1401.63,CEF,SH
511010.SH,20241016,1401.63,CEF,SH
511010.SH,20241017,1401.63,CEF,SH
511010.SH,20241018,1421.63,CEF,SH
511010.SH,20241021,1421.63,CEF,SH
511010.SH,20241022,1421.63,CEF,SH
511010.SH,20241023,1421.63,CEF,SH
511010.SH,20241024,1421.63,CEF,SH
511010.SH,20241025,1421.63,CEF,SH
511010.SH,20241028,1421.63,CEF,SH
511010.SH,20241029,1421.63,CEF,SH
511010.SH,20241030,1421.63,CEF,SH
511010.SH,20241031,1421.63,CEF,SH
511010.SH,20241101,1421.63,CEF,SH
511010.SH,20241104,1421.63,CEF,SH
511010.SH,20241105,1421.63,CEF,SH
511010.SH,20241106,1422.63,CEF,SH
511010.SH,20241107,1422.63,CEF,SH
511010.SH,20241108,1422.63,CEF,SH
511010.SH,20241111,1422.63,CEF,SH
511010.SH,20241112,1422.63,CEF,SH
511010.SH,20241113,1422.63,CEF,SH
511010.SH,20241114,1442.63,CEF,SH
511010.SH,20241115,1442.63,CEF,SH
511010.SH,20241118,1462.63,CEF,SH
511010.SH,20241119,1462.63,CEF,SH
511010.SH,20241120,1461.63,CEF,SH
511010.SH,20241121,1461.63,CEF,SH
511010.SH,20241122,1461.63,CEF,SH
511010.SH,20241125,1471.63,CEF,SH
511010.SH,20241126,1471.63,CEF,SH
511010.SH,20241127,1471.63,CEF,SH
511010.SH,20241128,1491.63,CEF,SH
511010.SH,20241129,1491.63,CEF,SH
511010.SH,20241202,1491.63,CEF,SH
511010.SH,20241203,1511.63,CEF,SH
511010.SH,20241204,1511.63,CEF,SH
511010.SH,20241205,1521.63,CEF,SH
511010.SH,20241206,1521.63,CEF,SH
511010.SH,20241209,1521.63,CEF,SH
511010.SH,20241210,1521.63,CEF,SH
511010.SH,20241211,1521.63,CEF,SH
511010.SH,20241212,1521.63,CEF,SH
511010.SH,20241213,1541.63,CEF,SH
511010.SH,20241216,1541.63,CEF,SH
511010.SH,20241217,1541.63,CEF,SH
511010.SH,20241218,1541.63,CEF,SH
511010.SH,20241219,1541.63,CEF,SH
511010.SH,20241220,1541.63,CEF,SH
511010.SH,20241223,1541.63,CEF,SH
511010.SH,20241224,1541.63,CEF,SH
511010.SH,20241225,1541.63,CEF,SH
511010.SH,20241226,1541.63,CEF,SH
511010.SH,20241227,1542.63,CEF,SH
511010.SH,20241230,1542.63,CEF,SH
511010.SH,20241231,1542.6287,CEF,SH
511010.SH,20250102,1532.63,CEF,SH
511010.SH,20250103,1532.63,CEF,SH
511010.SH,20250106,1537.63,CEF,SH
511010.SH,20250107,1537.63,CEF,SH
511010.SH,20250108,1634.63,CEF,SH
511010.SH,20250109,1634.63,CEF,SH
511010.SH,20250110,1634.63,CEF,SH
511010.SH,20250113,1714.63,CEF,SH
511010.SH,20250114,1714.63,CEF,SH
511010.SH,20250115,1714.63,CEF,SH
511010.SH,20250116,1714.63,CEF,SH
511010.SH,20250117,1714.63,CEF,SH
511010.SH,20250120,1714.63,CEF,SH
511010.SH,20250121,1714.63,CEF,SH
511010.SH,20250122,1714.63,CEF,SH
511010.SH,20250123,1714.63,CEF,SH
511010.SH,20250124,1714.63,CEF,SH
511010.SH,20250127,1714.63,CEF,SH
511010.SH,20250205,1714.63,CEF,SH
511010.SH,20250206,1714.63,CEF,SH
511010.SH,20250207,1714.63,CEF,SH
511010.SH,20250210,1714.63,CEF,SH
511010.SH,20250211,1714.63,CEF,SH
511010.SH,20250212,1714.63,CEF,SH
511010.SH,20250213,1714.63,CEF,SH
511010.SH,20250214,1754.63,CEF,SH
511010.SH,20250217,1754.63,CEF,SH
511010.SH,20250218,1754.63,CEF,SH
511010.SH,20250219,1754.63,CEF,SH
511010.SH,20250220,1754.63,CEF,SH
511010.SH,20250221,1754.63,CEF,SH
511010.SH,20250224,1755.63,CEF,SH
511010.SH,20250225,1755.63,CEF,SH
511010.SH,20250226,1755.63,CEF,SH
511010.SH,20250227,1755.63,CEF,SH
511010.SH,20250228,1755.63,CEF,SH
511010.SH,20250303,1755.63,CEF,SH
511010.SH,20250304,1762.63,CEF,SH
511010.SH,20250305,1762.63,CEF,SH
511010.SH,20250306,1762.63,CEF,SH
511010.SH,20250307,1792.63,CEF,SH
511010.SH,20250310,1812.63,CEF,SH
511010.SH,20250311,1812.63,CEF,SH
511010.SH,20250312,1812.63,CEF,SH
511010.SH,20250313,1862.63,CEF,SH
511010.SH,20250314,1862.63,CEF,SH
511010.SH,20250317,1862.63,CEF,SH
511010.SH,20250318,1862.63,CEF,SH
511010.SH,20250319,1882.63,CEF,SH
511010.SH,20250320,1892.63,CEF,SH
511010.SH,20250321,1892.63,CEF,SH
511010.SH,20250324,1892.63,CEF,SH
511010.SH,20250325,1892.63,CEF,SH
511010.SH,20250326,1892.63,CEF,SH
511010.SH,20250327,1892.63,CEF,SH
511010.SH,20250328,1892.63,CEF,SH
511010.SH,20250331,1892.6287,CEF,SH
511010.SH,20250401,1892.63,CEF,SH
511010.SH,20250402,1892.63,CEF,SH
511010.SH,20250403,1912.63,CEF,SH
511010.SH,20250407,1912.63,CEF,SH
511010.SH,20250408,1932.63,CEF,SH
511010.SH,20250409,1932.63,CEF,SH
511010.SH,20250410,1932.63,CEF,SH
511010.SH,20250411,1932.63,CEF,SH
511010.SH,20250414,1932.63,CEF,SH
511010.SH,20250415,1932.63,CEF,SH
511010.SH,20250416,1932.63,CEF,SH
511010.SH,20250417,1932.63,CEF,SH
511010.SH,20250418,1932.63,CEF,SH
511010.SH,20250421,1932.63,CEF,SH
511010.SH,20250422,1932.63,CEF,SH
511010.SH,20250423,1932.63,CEF,SH
511010.SH,20250424,1932.63,CEF,SH
511010.SH,20250425,1932.63,CEF,SH
511010.SH,20250428,1932.63,CEF,SH
511010.SH,20250429,1932.63,CEF,SH
511010.SH,20250430,1932.63,CEF,SH
511010.SH,20250506,1932.63,CEF,SH
511010.SH,20250507,1932.63,CEF,SH
511010.SH,20250508,1932.63,CEF,SH
511010.SH,20250509,1932.63,CEF,SH
511010.SH,20250512,1932.63,CEF,SH
511010.SH,20250513,1932.63,CEF,SH
511010.SH,20250514,1932.63,CEF,SH
511010.SH,20250515,1932.63,CEF,SH
511010.SH,20250516,1932.63,CEF,SH
511010.SH,20250519,1932.63,CEF,SH
511010.SH,20250520,1932.63,CEF,SH
511010.SH,20250521,1932.63,CEF,SH
511010.SH,20250522,1932.63,CEF,SH
511010.SH,20250523,1933.63,CEF,SH
511010.SH,20250526,1933.63,CEF,SH
511010.SH,20250527,1933.63,CEF,SH
511010.SH,20250528,1933.63,CEF,SH
511010.SH,20250529,1933.63,CEF,SH
511010.SH,20250530,2014.63,CEF,SH
511010.SH,20250603,2054.63,CEF,SH
511010.SH,20250604,2054.63,CEF,SH
511010.SH,20250605,2054.63,CEF,SH
511010.SH,20250606,2069.63,CEF,SH
511010.SH,20250609,2069.63,CEF,SH
511010.SH,20250610,2069.63,CEF,SH
511010.SH,20250611,2069.63,CEF,SH
511010.SH,20250612,2069.63,CEF,SH
511010.SH,20250613,2069.63,CEF,SH
511010.SH,20250616,2069.63,CEF,SH
511010.SH,20250617,2067.63,CEF,SH
511010.SH,20250618,2097.63,CEF,SH
511010.SH,20250619,2098.63,CEF,SH
511010.SH,20250620,2118.63,CEF,SH
511010.SH,20250623,2107.63,CEF,SH
511010.SH,20250624,2102.63,CEF,SH
511010.SH,20250625,2102.63,CEF,SH
511010.SH,20250626,2102.63,CEF,SH
511010.SH,20250627,2102.63,CEF,SH
511010.SH,20250630,2102.6287,CEF,SH
511010.SH,20250701,2102.63,CEF,SH
511010.SH,20250702,2098.63,CEF,SH
511010.SH,20250703,2118.63,CEF,SH
511010.SH,20250704,2119.63,CEF,SH
511010.SH,20250707,2119.63,CEF,SH
511010.SH,20250708,2119.63,CEF,SH
511010.SH,20250709,2119.63,CEF,SH
511010.SH,20250710,2119.63,CEF,SH
511010.SH,20250711,2119.63,CEF,SH
511010.SH,20250714,2117.63,CEF,SH
511010.SH,20250715,2133.63,CEF,SH
511010.SH,20250716,2125.63,CEF,SH
511010.SH,20250717,2119.63,CEF,SH
511010.SH,20250718,2109.63,CEF,SH
511010.SH,20250721,2079.63,CEF,SH
511010.SH,20250722,2001.63,CEF,SH
511010.SH,20250723,1968.63,CEF,SH
511010.SH,20250724,1956.63,CEF,SH
511010.SH,20250725,1926.63,CEF,SH
511010.SH,20250728,1913.63,CEF,SH
511010.SH,20250729,1869.63,CEF,SH
511010.SH,20250730,1902.63,CEF,SH
511010.SH,20250731,1884.63,CEF,SH
511010.SH,20250801,1888.63,CEF,SH
511010.SH,20250804,1946.63,CEF,SH
511010.SH,20250805,1955.63,CEF,SH
511010.SH,20250806,1947.63,CEF,SH
511010.SH,20250807,1957.63,CEF,SH
511010.SH,20250808,1942.63,CEF,SH
511010.SH,20250811,1882.63,CEF,SH
511010.SH,20250812,1864.63,CEF,SH
511010.SH,20250813,1858.63,CEF,SH
511010.SH,20250814,1854.63,CEF,SH
511010.SH,20250815,1873.63,CEF,SH
511010.SH,20250818,1860.63,CEF,SH
511010.SH,20250819,1837.63,CEF,SH
511010.SH,20250820,1813.63,CEF,SH
511010.SH,20250821,1802.63,CEF,SH
511010.SH,20250822,1725.63,CEF,SH
511010.SH,20250825,1703.63,CEF,SH
511010.SH,20250826,1703.63,CEF,SH
511010.SH,20250827,1677.63,CEF,SH
511010.SH,20250828,1676.63,CEF,SH
511010.SH,20250829,1675.63,CEF,SH
511010.SH,20250901,1681.63,CEF,SH
511010.SH,20250902,1717.63,CEF,SH
511010.SH,20250903,1723.63,CEF,SH
511010.SH,20250904,1730.63,CEF,SH
511010.SH,20250905,1732.63,CEF,SH
511010.SH,20250908,1730.63,CEF,SH
511010.SH,20250909,1736.63,CEF,SH
511010.SH,20250910,1735.63,CEF,SH
511010.SH,20250911,1738.63,CEF,SH
511010.SH,20250912,1737.63,CEF,SH
511010.SH,20250915,1677.63,CEF,SH
511010.SH,20250916,1661.63,CEF,SH
511010.SH,20250917,1649.63,CEF,SH
511010.SH,20250918,1661.63,CEF,SH
511010.SH,20250919,1657.63,CEF,SH
511010.SH,20250922,1677.63,CEF,SH
511010.SH,20250923,1651.63,CEF,SH
511010.SH,20250924,1680.63,CEF,SH
511010.SH,20250925,1678.63,CEF,SH
511010.SH,20250926,1633.63,CEF,SH
511010.SH,20250929,1611.63,CEF,SH
511010.SH,20250930,1622.63,CEF,SH
511010.SH,20251009,1558.63,CEF,SH
511010.SH,20251010,1595.63,CEF,SH
511010.SH,20251013,1598.63,CEF,SH
511010.SH,20251014,1611.63,CEF,SH
511010.SH,20251015,1608.63,CEF,SH
511010.SH,20251016,1596.63,CEF,SH
511010.SH,20251017,1598.63,CEF,SH
511010.SH,20251020,1598.63,CEF,SH
511010.SH,20251021,1592.63,CEF,SH
511010.SH,20251022,1588.63,CEF,SH
511010.SH,20251023,1577.63,CEF,SH
511010.SH,20251024,1579.63,CEF,SH
511010.SH,20251027,1581.63,CEF,SH
511010.SH,20251028,1572.63,CEF,SH
511010.SH,20251029,1584.63,CEF,SH
511010.SH,20251030,1637.63,CEF,SH
511010.SH,20251031,1659.63,CEF,SH
511010.SH,20251103,1648.63,CEF,SH
511010.SH,20251104,1659.63,CEF,SH
511010.SH,20251105,1691.63,CEF,SH
511010.SH,20251106,1684.63,CEF,SH
511010.SH,20251107,1692.63,CEF,SH
511010.SH,20251110,1692.63,CEF,SH
511010.SH,20251111,1701.63,CEF,SH
511010.SH,20251112,1692.63,CEF,SH
511010.SH,20251113,1712.63,CEF,SH
511010.SH,20251114,1743.63,CEF,SH
511010.SH,20251117,1726.63,CEF,SH
511010.SH,20251118,1715.63,CEF,SH
511010.SH,20251119,1713.63,CEF,SH
511010.SH,20251120,1710.63,CEF,SH
511010.SH,20251121,1765.63,CEF,SH
511010.SH,20251124,1757.63,CEF,SH
511010.SH,20251125,1783.63,CEF,SH
511010.SH,20251126,1792.63,CEF,SH
511010.SH,20251127,1793.63,CEF,SH
511010.SH,20251128,1879.63,CEF,SH
511010.SH,20251201,1881.63,CEF,SH
511010.SH,20251202,1885.63,CEF,SH
511010.SH,20251203,1897.63,CEF,SH
511010.SH,20251204,1900.63,CEF,SH
511010.SH,20251205,1926.63,CEF,SH
511010.SH,20251208,1917.63,CEF,SH
511010.SH,20251209,1914.63,CEF,SH
511010.SH,20251210,1907.63,CEF,SH
511010.SH,20251211,1885.63,CEF,SH
511010.SH,20251212,1882.63,CEF,SH
511010.SH,20251215,1893.63,CEF,SH
511010.SH,20251216,1891.63,CEF,SH
511010.SH,20251217,1891.63,CEF,SH
511010.SH,20251218,1930.63,CEF,SH
511010.SH,20251219,1949.63,CEF,SH
511010.SH,20251222,1953.63,CEF,SH
511010.SH,20251223,2053.63,CEF,SH
511010.SH,20251224,2066.63,CEF,SH
511010.SH,20251225,2090.63,CEF,SH
511010.SH,20251226,2101.63,CEF,SH
511010.SH,20251229,2119.63,CEF,SH
511010.SH,20251230,2148.63,CEF,SH
511010.SH,20251231,2157.63,CEF,SH
511010.SH,20260105,2169.63,CEF,SH
511010.SH,20260106,2104.63,CEF,SH
511010.SH,20260107,2104.63,CEF,SH
511010.SH,20260108,2094.63,CEF,SH
511010.SH,20260109,2057.63,CEF,SH
511010.SH,20260112,2030.63,CEF,SH
511010.SH,20260113,2033.63,CEF,SH
511010.SH,20260114,2096.63,CEF,SH
511010.SH,20260115,2120.63,CEF,SH
511010.SH,20260116,2129.63,CEF,SH
511010.SH,20260119,2139.63,CEF,SH
511010.SH,20260120,2143.63,CEF,SH
511010.SH,20260121,2155.63,CEF,SH
511010.SH,20260122,2187.63,CEF,SH
511010.SH,20260123,2173.63,CEF,SH
511010.SH,20260126,2136.63,CEF,SH
511010.SH,20260127,2222.63,CEF,SH
511010.SH,20260128,2166.63,CEF,SH
511010.SH,20260129,2137.63,CEF,SH
511010.SH,20260130,2113.63,CEF,SH
511010.SH,20260202,2106.63,CEF,SH
511010.SH,20260203,2126.63,CEF,SH
511010.SH,20260204,2130.63,CEF,SH
511010.SH,20260205,2169.63,CEF,SH
511010.SH,20260206,2175.63,CEF,SH
511010.SH,20260209,2195.63,CEF,SH
511010.SH,20260210,2240.63,CEF,SH
511010.SH,20260211,2237.63,CEF,SH
511010.SH,20260212,2255.63,CEF,SH
511010.SH,20260213,2314.63,CEF,SH
511010.SH,20260224,2306.63,CEF,SH
511010.SH,20260225,2330.63,CEF,SH
511010.SH,20260226,2312.63,CEF,SH
511010.SH,20260227,2316.63,CEF,SH
511010.SH,20260302,2417.63,CEF,SH
511010.SH,20260303,2424.63,CEF,SH
511010.SH,20260304,2426.63,CEF,SH
511010.SH,20260305,2458.63,CEF,SH
511010.SH,20260306,2460.63,CEF,SH
511010.SH,20260309,2459.63,CEF,SH
511010.SH,20260310,2421.63,CEF,SH
511010.SH,20260311,2420.63,CEF,SH
511010.SH,20260312,2445.63,CEF,SH
511010.SH,20260313,2457.63,CEF,SH
511010.SH,20260316,2497.63,CEF,SH
511010.SH,20260317,2472.63,CEF,SH
511010.SH,20260318,2432.63,CEF,SH
511010.SH,20260319,2485.63,CEF,SH
511010.SH,20260320,2493.63,CEF,SH
511010.SH,20260323,2566.63,CEF,SH
511010.SH,20260324,2590.63,CEF,SH
511010.SH,20260325,2690.63,CEF,SH
511010.SH,20260326,2742.63,CEF,SH
511010.SH,20260327,2784.63,CEF,SH
511010.SH,20260330,2737.63,CEF,SH
511010.SH,20260331,2714.63,CEF,SH
511010.SH,20260401,2753.63,CEF,SH
511010.SH,20260402,2774.63,CEF,SH
511010.SH,20260403,2807.63,CEF,SH
511010.SH,20260407,2822.63,CEF,SH
511010.SH,20260408,2765.63,CEF,SH
511010.SH,20260409,2781.63,CEF,SH
511010.SH,20260410,2785.63,CEF,SH
511010.SH,20260413,2785.63,CEF,SH
511010.SH,20260414,2764.63,CEF,SH
511010.SH,20260415,2765.63,CEF,SH
511010.SH,20260416,2792.63,CEF,SH
511010.SH,20260417,2863.63,CEF,SH
511010.SH,20260420,2889.63,CEF,SH
511010.SH,20260421,2889.63,CEF,SH
511010.SH,20260422,2911.63,CEF,SH
511010.SH,20260423,2903.63,CEF,SH
511010.SH,20260424,2935.63,CEF,SH
511010.SH,20260427,2907.63,CEF,SH
511010.SH,20260428,2973.63,CEF,SH
511010.SH,20260429,2992.63,CEF,SH
511010.SH,20260430,3007.63,CEF,SH
511010.SH,20260506,2956.63,ETF,SH
511010.SH,20260507,2890.63,ETF,SH
511010.SH,20260508,2854.63,ETF,SH
511010.SH,20260511,2824.63,ETF,SH
511010.SH,20260512,2848.63,ETF,SH
511010.SH,20260513,2846.63,ETF,SH
511010.SH,20260514,2874.63,ETF,SH
511010.SH,20260515,2958.63,ETF,SH
511010.SH,20260518,2983.63,ETF,SH
511010.SH,20260519,3081.63,ETF,SH
511010.SH,20260520,3098.63,ETF,SH
511010.SH,20260521,3153.63,ETF,SH
511010.SH,20260522,3155.63,ETF,SH
511010.SH,20260525,3156.63,ETF,SH
511010.SH,20260526,3196.63,ETF,SH
511010.SH,20260527,3204.63,ETF,SH
511010.SH,20260528,3210.63,ETF,SH
511010.SH,20260529,3238.63,ETF,SH
511010.SH,20260601,3267.63,ETF,SH
511010.SH,20260602,3317.63,ETF,SH
511010.SH,20260603,3289.63,ETF,SH
511010.SH,20260604,3376.63,ETF,SH
511010.SH,20260605,3513.63,ETF,SH
511010.SH,20260608,3524.63,ETF,SH
511010.SH,20260609,3514.63,ETF,SH
511010.SH,20260610,3498.63,ETF,SH
511010.SH,20260611,3481.63,ETF,SH
511010.SH,20260612,3484.63,ETF,SH
511010.SH,20260615,3468.63,ETF,SH
511010.SH,20260616,3527.63,ETF,SH
511010.SH,20260617,3528.63,ETF,SH
511010.SH,20260618,3557.63,ETF,SH
511010.SH,20260622,3577.63,ETF,SH
511010.SH,20260623,3550.63,ETF,SH
511010.SH,20260624,3542.63,ETF,SH
511010.SH,20260625,3497.63,ETF,SH
511010.SH,20260626,3490.63,ETF,SH
511010.SH,20260629,3527.63,ETF,SH
511010.SH,20260630,3635.6287,ETF,SH
511010.SH,20260701,3668.63,ETF,SH
511010.SH,20260702,3815.63,ETF,SH
511010.SH,20260703,3842.63,ETF,SH
511010.SH,20260706,3982.63,ETF,SH
511010.SH,20260707,3992.63,ETF,SH
511010.SH,20260708,4117.63,ETF,SH
511010.SH,20260709,4050.63,ETF,SH
511010.SH,20260710,4029.63,ETF,SH
511010.SH,20260713,4034.63,ETF,SH
511010.SH,20260714,4054.63,ETF,SH
511010.SH,20260715,4071.63,ETF,SH
511010.SH,20260716,4065.63,ETF,SH
511010.SH,20260717,4066.63,ETF,SH
511010.SH,20260720,4107.63,ETF,SH
511010.SH,20260721,4124.63,ETF,SH
511010.SH,20260722,4158.63,ETF,SH
511010.SH,20260723,4177.63,ETF,SH
511010.SH,20260724,4222.63,ETF,SH
511010.SH,20260727,4272.63,ETF,SH
511010.SH,20260728,4280.63,ETF,SH
511010.SH,20260729,4311.63,ETF,SH
511010.SH,20260730,4274.63,ETF,SH
