ts_code,ann_date,nav_date,unit_nav,accum_nav,accum_div,net_asset,adj_nav,update_flag
513300.SH,20201023,20201022,1.0,1.0,,707171000.0,1.0,1
513300.SH,20201027,20201023,1.0002,1.0002,,,1.0002,1
513300.SH,20201102,20201029,1.0002,1.0002,,707300714.69,1.0002,0
513300.SH,20201103,20201030,1.0001,1.0001,,,1.0001,0
513300.SH,20201106,20201104,0.9998,0.9998,,,0.9998,0
513300.SH,20201107,20201105,1.0191,1.0191,,,1.0191,0
513300.SH,20201110,20201106,1.0181,1.0181,,,1.0181,0
513300.SH,20201111,20201109,0.9872,0.9872,,,0.9872,0
513300.SH,20201112,20201110,0.977,0.977,,,0.977,0
513300.SH,20201113,20201111,0.9984,0.9984,,,0.9984,0
513300.SH,20201114,20201112,0.9966,0.9966,,,0.9966,0
513300.SH,20201117,20201113,1.0036,1.0036,,,1.0036,0
513300.SH,20201118,20201116,1.0042,1.0042,,,1.0042,0
513300.SH,20201119,20201117,0.9993,0.9993,,,0.9993,0
513300.SH,20201120,20201118,0.9896,0.9896,,,0.9896,0
513300.SH,20201121,20201119,1.0021,1.0021,,,1.0021,0
513300.SH,20201124,20201120,0.9949,0.9949,,,0.9949,0
513300.SH,20201125,20201123,0.9945,0.9945,,,0.9945,0
513300.SH,20201126,20201124,1.01,1.01,,,1.01,0
513300.SH,20201127,20201125,1.0161,1.0161,,,1.0161,0
513300.SH,20201128,20201126,1.0155,1.0155,,,1.0155,0
513300.SH,20201201,20201127,1.0255,1.0255,,,1.0255,0
513300.SH,20201202,20201130,1.0267,1.0267,,,1.0267,0
513300.SH,20201203,20201201,1.0387,1.0387,,,1.0387,0
513300.SH,20201204,20201202,1.0395,1.0395,,,1.0395,0
513300.SH,20201205,20201203,1.0393,1.0393,,,1.0393,0
513300.SH,20201208,20201204,1.0409,1.0409,,,1.0409,0
513300.SH,20201209,20201207,1.0461,1.0461,,,1.0461,0
513300.SH,20201210,20201208,1.0504,1.0504,,,1.0504,0
513300.SH,20201211,20201209,1.027,1.027,,,1.027,0
513300.SH,20201212,20201210,1.0331,1.0331,,,1.0331,0
513300.SH,20201215,20201211,1.0287,1.0287,,,1.0287,0
513300.SH,20201216,20201214,1.0361,1.0361,,,1.0361,0
513300.SH,20201217,20201215,1.0487,1.0487,,,1.0487,0
513300.SH,20201218,20201216,1.0535,1.0535,,,1.0535,0
513300.SH,20201219,20201217,1.0591,1.0591,,,1.0591,0
513300.SH,20201222,20201218,1.0588,1.0588,,,1.0588,0
513300.SH,20201223,20201221,1.0558,1.0558,,,1.0558,0
513300.SH,20201224,20201222,1.0582,1.0582,,,1.0582,0
513300.SH,20201225,20201223,1.0507,1.0507,,,1.0507,0
513300.SH,20201226,20201224,1.0551,1.0551,,,1.0551,0
513300.SH,20201229,20201225,1.0534,1.0534,,,1.0534,0
513300.SH,20201230,20201228,1.0655,1.0655,,,1.0655,0
513300.SH,20201231,20201229,1.0658,1.0658,,,1.0658,0
513300.SH,20210101,20201230,1.0663,1.0663,,,1.0663,0
513300.SH,20210121,20201231,1.0698,1.0698,,527036135.75,1.0698,1
513300.SH,20210106,20210104,1.0437,1.0437,,,1.0437,0
513300.SH,20210107,20210105,1.0517,1.0517,,,1.0517,0
513300.SH,20210108,20210106,1.0358,1.0358,,,1.0358,0
513300.SH,20210109,20210107,1.0622,1.0622,,,1.0622,0
513300.SH,20210112,20210108,1.0775,1.0775,,,1.0775,0
513300.SH,20210113,20210111,1.0623,1.0623,,,1.0623,0
513300.SH,20210114,20210112,1.0589,1.0589,,,1.0589,0
513300.SH,20210115,20210113,1.0654,1.0654,,,1.0654,0
513300.SH,20210116,20210114,1.0598,1.0598,,,1.0598,0
513300.SH,20210119,20210115,1.0525,1.0525,,,1.0525,0
513300.SH,20210120,20210118,1.0551,1.0551,,,1.0551,0
513300.SH,20210121,20210119,1.0715,1.0715,,,1.0715,0
513300.SH,20210122,20210120,1.0923,1.0923,,,1.0923,0
513300.SH,20210123,20210121,1.1008,1.1008,,,1.1008,0
513300.SH,20210126,20210122,1.0994,1.0994,,,1.0994,0
513300.SH,20210127,20210125,1.1087,1.1087,,,1.1087,0
513300.SH,20210128,20210126,1.1099,1.1099,,,1.1099,0
513300.SH,20210129,20210127,1.0767,1.0767,,,1.0767,0
513300.SH,20210130,20210128,1.0868,1.0868,,,1.0868,0
513300.SH,20210202,20210129,1.0606,1.0606,,,1.0606,0
513300.SH,20210203,20210201,1.087,1.087,,,1.087,0
513300.SH,20210204,20210202,1.104,1.104,,,1.104,0
513300.SH,20210205,20210203,1.0992,1.0992,,,1.0992,0
513300.SH,20210206,20210204,1.1125,1.1125,,,1.1125,0
513300.SH,20210209,20210205,1.1189,1.1189,,,1.1189,0
513300.SH,20210210,20210208,1.1232,1.1232,,,1.1232,0
513300.SH,20210211,20210209,1.1213,1.1213,,,1.1213,0
513300.SH,20210219,20210210,1.1167,1.1167,,,1.1167,0
513300.SH,20210220,20210218,1.1202,1.1202,,,1.1202,0
513300.SH,20210223,20210219,1.1146,1.1146,,,1.1146,0
513300.SH,20210224,20210222,1.0863,1.0863,,,1.0863,0
513300.SH,20210225,20210223,1.0827,1.0827,,,1.0827,0
513300.SH,20210226,20210224,1.0914,1.0914,,,1.0914,0
513300.SH,20210227,20210225,1.0511,1.0511,,,1.0511,0
513300.SH,20210302,20210226,1.0601,1.0601,,,1.0601,0
513300.SH,20210303,20210301,1.0903,1.0903,,,1.0903,0
513300.SH,20210304,20210302,1.0734,1.0734,,,1.0734,0
513300.SH,20210305,20210303,1.0404,1.0404,,,1.0404,0
513300.SH,20210306,20210304,1.0237,1.0237,,,1.0237,0
513300.SH,20210309,20210305,1.0417,1.0417,,,1.0417,0
513300.SH,20210310,20210308,1.0181,1.0181,,,1.0181,0
513300.SH,20210311,20210309,1.0586,1.0586,,,1.0586,0
513300.SH,20210312,20210310,1.0532,1.0532,,,1.0532,0
513300.SH,20210313,20210311,1.0763,1.0763,,,1.0763,0
513300.SH,20210316,20210312,1.0674,1.0674,,,1.0674,0
513300.SH,20210317,20210315,1.0802,1.0802,,,1.0802,0
513300.SH,20210318,20210316,1.0855,1.0855,,,1.0855,0
513300.SH,20210319,20210317,1.0896,1.0896,,,1.0896,0
513300.SH,20210320,20210318,1.0555,1.0555,,,1.0555,0
513300.SH,20210323,20210319,1.0618,1.0618,,,1.0618,0
513300.SH,20210324,20210322,1.0811,1.0811,,,1.0811,0
513300.SH,20210325,20210323,1.0758,1.0758,,,1.0758,0
513300.SH,20210326,20210324,1.0601,1.0601,,,1.0601,0
513300.SH,20210327,20210325,1.06,1.06,,,1.06,0
513300.SH,20210330,20210326,1.0779,1.0779,,,1.0779,0
513300.SH,20210331,20210329,1.0784,1.0784,,,1.0784,0
513300.SH,20210401,20210330,1.0751,1.0751,,,1.0751,0
513300.SH,20210421,20210331,1.0896,1.0896,,314538682.74,1.0896,1
513300.SH,20210403,20210401,1.1112,1.1112,,,1.1112,0
513300.SH,20210407,20210402,1.1094,1.1094,,,1.1094,0
513300.SH,20210408,20210406,1.1279,1.1279,,,1.1279,0
513300.SH,20210409,20210407,1.1301,1.1301,,,1.1301,0
513300.SH,20210410,20210408,1.143,1.143,,,1.143,0
513300.SH,20210413,20210409,1.1518,1.1518,,,1.1518,0
513300.SH,20210414,20210412,1.1489,1.1489,,,1.1489,0
513300.SH,20210415,20210413,1.162,1.162,,,1.162,0
513300.SH,20210416,20210414,1.145,1.145,,,1.145,0
513300.SH,20210417,20210415,1.1626,1.1626,,,1.1626,0
513300.SH,20210420,20210416,1.1616,1.1616,,,1.1616,0
513300.SH,20210421,20210419,1.1481,1.1481,,,1.1481,0
513300.SH,20210422,20210420,1.1379,1.1379,,,1.1379,0
513300.SH,20210423,20210421,1.1484,1.1484,,,1.1484,0
513300.SH,20210424,20210422,1.1326,1.1326,,,1.1326,0
513300.SH,20210427,20210423,1.1487,1.1487,,,1.1487,0
513300.SH,20210428,20210426,1.1543,1.1543,,,1.1543,0
513300.SH,20210429,20210427,1.1484,1.1484,,,1.1484,0
513300.SH,20210430,20210428,1.1439,1.1439,,,1.1439,0
513300.SH,20210501,20210429,1.1463,1.1463,,,1.1463,0
513300.SH,20210507,20210430,1.1387,1.1387,,,1.1387,0
513300.SH,20210508,20210506,1.1184,1.1184,,,1.1184,0
513300.SH,20210511,20210507,1.125,1.125,,,1.125,0
513300.SH,20210512,20210510,1.0899,1.0899,,,1.0899,0
513300.SH,20210513,20210511,1.089,1.089,,,1.089,0
513300.SH,20210514,20210512,1.0629,1.0629,,,1.0629,0
513300.SH,20210515,20210513,1.0736,1.0736,,,1.0736,0
513300.SH,20210518,20210514,1.0934,1.0934,,,1.0934,0
513300.SH,20210519,20210517,1.0881,1.0881,,,1.0881,0
513300.SH,20210520,20210518,1.0783,1.0783,,,1.0783,0
513300.SH,20210521,20210519,1.0808,1.0808,,,1.0808,0
513300.SH,20210522,20210520,1.1022,1.1022,,,1.1022,0
513300.SH,20210525,20210521,1.0955,1.0955,,,1.0955,0
513300.SH,20210526,20210524,1.1134,1.1134,,,1.1134,0
513300.SH,20210527,20210525,1.1107,1.1107,,,1.1107,0
513300.SH,20210528,20210526,1.1123,1.1123,,,1.1123,0
513300.SH,20210529,20210527,1.1059,1.1059,,,1.1059,0
513300.SH,20210601,20210528,1.1071,1.1071,,,1.1071,0
513300.SH,20210602,20210531,1.1059,1.1059,,,1.1059,0
513300.SH,20210603,20210601,1.1047,1.1047,,,1.1047,0
513300.SH,20210604,20210602,1.1092,1.1092,,,1.1092,0
513300.SH,20210605,20210603,1.0987,1.0987,,,1.0987,0
513300.SH,20210608,20210604,1.12,1.12,,,1.12,0
513300.SH,20210609,20210607,1.1205,1.1205,,,1.1205,0
513300.SH,20210610,20210608,1.1211,1.1211,,,1.1211,0
513300.SH,20210611,20210609,1.1212,1.1212,,,1.1212,0
513300.SH,20210612,20210610,1.1325,1.1325,,,1.1325,0
513300.SH,20210616,20210611,1.1353,1.1353,,,1.1353,0
513300.SH,20210617,20210615,1.1401,1.1401,,,1.1401,0
513300.SH,20210618,20210616,1.1351,1.1351,,,1.1351,0
513300.SH,20210619,20210617,1.1551,1.1551,,,1.1551,0
513300.SH,20210622,20210618,1.1481,1.1481,,,1.1481,0
513300.SH,20210623,20210621,1.1595,1.1595,,,1.1595,0
513300.SH,20210624,20210622,1.1712,1.1712,,,1.1712,0
513300.SH,20210625,20210623,1.1728,1.1728,,,1.1728,0
513300.SH,20210626,20210624,1.1795,1.1795,,,1.1795,0
513300.SH,20210629,20210625,1.1736,1.1736,,,1.1736,0
513300.SH,20210630,20210628,1.1892,1.1892,,,1.1892,0
513300.SH,20210701,20210629,1.193,1.193,,,1.193,0
513300.SH,20210720,20210630,1.192,1.192,,301186082.91,1.192,1
513300.SH,20210703,20210701,1.193,1.193,,,1.193,0
513300.SH,20210706,20210702,1.2109,1.2109,,,1.2109,0
513300.SH,20210707,20210705,1.2061,1.2061,,,1.2061,0
513300.SH,20210708,20210706,1.2111,1.2111,,,1.2111,0
513300.SH,20210709,20210707,1.2141,1.2141,,,1.2141,0
513300.SH,20210710,20210708,1.2095,1.2095,,,1.2095,0
513300.SH,20210713,20210709,1.219,1.219,,,1.219,0
513300.SH,20210714,20210712,1.2212,1.2212,,,1.2212,0
513300.SH,20210715,20210713,1.219,1.219,,,1.219,0
513300.SH,20210716,20210714,1.2232,1.2232,,,1.2232,0
513300.SH,20210717,20210715,1.2117,1.2117,,,1.2117,0
513300.SH,20210720,20210716,1.204,1.204,,,1.204,0
513300.SH,20210721,20210719,1.1955,1.1955,,,1.1955,0
513300.SH,20210722,20210720,1.2103,1.2103,,,1.2103,0
513300.SH,20210723,20210721,1.2176,1.2176,,,1.2176,0
513300.SH,20210724,20210722,1.2242,1.2242,,,1.2242,0
513300.SH,20210727,20210723,1.2405,1.2405,,,1.2405,0
513300.SH,20210728,20210726,1.2427,1.2427,,,1.2427,0
513300.SH,20210729,20210727,1.2329,1.2329,,,1.2329,0
513300.SH,20210730,20210728,1.2375,1.2375,,,1.2375,0
513300.SH,20210731,20210729,1.2327,1.2327,,,1.2327,0
513300.SH,20210803,20210730,1.2242,1.2242,,,1.2242,0
513300.SH,20210804,20210802,1.2251,1.2251,,,1.2251,0
513300.SH,20210805,20210803,1.2338,1.2338,,,1.2338,0
513300.SH,20210806,20210804,1.2347,1.2347,,,1.2347,0
513300.SH,20210807,20210805,1.2431,1.2431,,,1.2431,0
513300.SH,20210810,20210806,1.2379,1.2379,,,1.2379,0
513300.SH,20210811,20210809,1.2419,1.2419,,,1.2419,0
513300.SH,20210812,20210810,1.2362,1.2362,,,1.2362,0
513300.SH,20210813,20210811,1.2349,1.2349,,,1.2349,0
513300.SH,20210814,20210812,1.2384,1.2384,,,1.2384,0
513300.SH,20210817,20210813,1.2428,1.2428,,,1.2428,0
513300.SH,20210818,20210816,1.2429,1.2429,,,1.2429,0
513300.SH,20210819,20210817,1.2321,1.2321,,,1.2321,0
513300.SH,20210820,20210818,1.2202,1.2202,,,1.2202,0
513300.SH,20210821,20210819,1.2285,1.2285,,,1.2285,0
513300.SH,20210824,20210820,1.2427,1.2427,,,1.2427,0
513300.SH,20210825,20210823,1.2591,1.2591,,,1.2591,0
513300.SH,20210826,20210824,1.2604,1.2604,,,1.2604,0
513300.SH,20210827,20210825,1.2609,1.2609,,,1.2609,0
513300.SH,20210828,20210826,1.2547,1.2547,,,1.2547,0
513300.SH,20210831,20210827,1.2665,1.2665,,,1.2665,0
513300.SH,20210901,20210830,1.2785,1.2785,,,1.2785,0
513300.SH,20210902,20210831,1.2753,1.2753,,,1.2753,0
513300.SH,20210903,20210901,1.2785,1.2785,,,1.2785,0
513300.SH,20210904,20210902,1.2773,1.2773,,,1.2773,0
513300.SH,20210907,20210903,1.2809,1.2809,,,1.2809,0
513300.SH,20210908,20210906,1.28,1.28,,,1.28,0
513300.SH,20210909,20210907,1.2826,1.2826,,,1.2826,0
513300.SH,20210910,20210908,1.2788,1.2788,,,1.2788,0
513300.SH,20210911,20210909,1.2729,1.2729,,,1.2729,0
513300.SH,20210914,20210910,1.2599,1.2599,,,1.2599,0
513300.SH,20210915,20210913,1.2616,1.2616,,,1.2616,0
513300.SH,20210916,20210914,1.2553,1.2553,,,1.2553,0
513300.SH,20210917,20210915,1.264,1.264,,,1.264,0
513300.SH,20210918,20210916,1.2664,1.2664,,,1.2664,0
513300.SH,20210923,20210917,1.2529,1.2529,,,1.2529,0
513300.SH,20210924,20210922,1.2429,1.2429,,,1.2429,0
513300.SH,20210925,20210923,1.2537,1.2537,,,1.2537,0
513300.SH,20210928,20210924,1.2543,1.2543,,,1.2543,0
513300.SH,20210929,20210927,1.2436,1.2436,,,1.2436,0
513300.SH,20210930,20210928,1.2073,1.2073,,,1.2073,0
513300.SH,20211001,20210929,1.208,1.208,,,1.208,0
513300.SH,20211026,20210930,1.202,1.202,,348775744.47,1.202,1
513300.SH,20211012,20211008,1.2099,1.2099,,,1.2099,0
513300.SH,20211013,20211011,1.1989,1.1989,,,1.1989,0
513300.SH,20211014,20211012,1.1983,1.1983,,,1.1983,0
513300.SH,20211015,20211013,1.2057,1.2057,,,1.2057,0
513300.SH,20211016,20211014,1.2264,1.2264,,,1.2264,0
513300.SH,20211019,20211015,1.2326,1.2326,,,1.2326,0
513300.SH,20211020,20211018,1.246,1.246,,,1.246,0
513300.SH,20211021,20211019,1.2488,1.2488,,,1.2488,0
513300.SH,20211022,20211020,1.2456,1.2456,,,1.2456,0
513300.SH,20211023,20211021,1.2548,1.2548,,,1.2548,0
513300.SH,20211026,20211022,1.2424,1.2424,,,1.2424,0
513300.SH,20211027,20211025,1.2531,1.2531,,,1.2531,0
513300.SH,20211028,20211026,1.2573,1.2573,,,1.2573,0
513300.SH,20211029,20211027,1.2608,1.2608,,,1.2608,0
513300.SH,20211030,20211028,1.2771,1.2771,,,1.2771,0
513300.SH,20211102,20211029,1.2822,1.2822,,,1.2822,0
513300.SH,20211103,20211101,1.289,1.289,,,1.289,0
513300.SH,20211104,20211102,1.2938,1.2938,,,1.2938,0
513300.SH,20211105,20211103,1.3076,1.3076,,,1.3076,0
513300.SH,20211106,20211104,1.3232,1.3232,,,1.3232,0
513300.SH,20211109,20211105,1.3254,1.3254,,,1.3254,0
513300.SH,20211110,20211108,1.323,1.323,,,1.323,0
513300.SH,20211111,20211109,1.3132,1.3132,,,1.3132,0
513300.SH,20211112,20211110,1.2937,1.2937,,,1.2937,0
513300.SH,20211113,20211111,1.2996,1.2996,,,1.2996,0
513300.SH,20211116,20211112,1.3109,1.3109,,,1.3109,0
513300.SH,20211117,20211115,1.3078,1.3078,,,1.3078,0
513300.SH,20211118,20211116,1.3172,1.3172,,,1.3172,0
513300.SH,20211119,20211117,1.3187,1.3187,,,1.3187,0
513300.SH,20211120,20211118,1.331,1.331,,,1.331,0
513300.SH,20211123,20211119,1.3395,1.3395,,,1.3395,0
513300.SH,20211124,20211122,1.3237,1.3237,,,1.3237,0
513300.SH,20211125,20211123,1.3179,1.3179,,,1.3179,0
513300.SH,20211126,20211124,1.3237,1.3237,,,1.3237,0
513300.SH,20211127,20211125,1.3233,1.3233,,,1.3233,0
513300.SH,20211130,20211126,1.2967,1.2967,,,1.2967,0
513300.SH,20211201,20211129,1.3253,1.3253,,,1.3253,0
513300.SH,20211202,20211130,1.3015,1.3015,,,1.3015,0
513300.SH,20211203,20211201,1.2795,1.2795,,,1.2795,0
513300.SH,20211204,20211202,1.2906,1.2906,,,1.2906,0
513300.SH,20211207,20211203,1.2669,1.2669,,,1.2669,0
513300.SH,20211208,20211206,1.2781,1.2781,,,1.2781,0
513300.SH,20211209,20211207,1.3158,1.3158,,,1.3158,0
513300.SH,20211210,20211208,1.319,1.319,,,1.319,0
513300.SH,20211211,20211209,1.2969,1.2969,,,1.2969,0
513300.SH,20211214,20211210,1.3162,1.3162,,,1.3162,0
513300.SH,20211215,20211213,1.2952,1.2952,,,1.2952,0
513300.SH,20211216,20211214,1.2818,1.2818,,,1.2818,0
513300.SH,20211217,20211215,1.3121,1.3121,,,1.3121,0
513300.SH,20211218,20211216,1.2782,1.2782,,,1.2782,0
513300.SH,20211221,20211217,1.2741,1.2741,,,1.2741,0
513300.SH,20211222,20211220,1.2611,1.2611,,,1.2611,0
513300.SH,20211223,20211221,1.2889,1.2889,,,1.2889,0
513300.SH,20211224,20211222,1.3048,1.3048,,,1.3048,0
513300.SH,20211225,20211223,1.3145,1.3145,,,1.3145,0
513300.SH,20211228,20211224,1.3143,1.3143,,,1.3143,0
513300.SH,20211229,20211227,1.3355,1.3355,,,1.3355,0
513300.SH,20211230,20211228,1.3291,1.3291,,,1.3291,0
513300.SH,20211231,20211229,1.3294,1.3294,,,1.3294,0
513300.SH,20220101,20211230,1.3241,1.3241,,,1.3241,0
513300.SH,20220121,20211231,1.3164,1.3164,,559676923.47,1.3164,1
513300.SH,20220106,20220104,1.313,1.313,,,1.313,0
513300.SH,20220107,20220105,1.2714,1.2714,,,1.2714,0
513300.SH,20220108,20220106,1.2713,1.2713,,,1.2713,0
513300.SH,20220111,20220107,1.2571,1.2571,,,1.2571,0
513300.SH,20220112,20220110,1.2587,1.2587,,,1.2587,0
513300.SH,20220113,20220111,1.2771,1.2771,,,1.2771,0
513300.SH,20220114,20220112,1.2804,1.2804,,,1.2804,0
513300.SH,20220115,20220113,1.2467,1.2467,,,1.2467,0
513300.SH,20220118,20220114,1.2532,1.2532,,,1.2532,0
513300.SH,20220119,20220117,1.2534,1.2534,,,1.2534,0
513300.SH,20220120,20220118,1.2217,1.2217,,,1.2217,0
513300.SH,20220121,20220119,1.209,1.209,,,1.209,0
513300.SH,20220122,20220120,1.191,1.191,,,1.191,0
513300.SH,20220125,20220121,1.1578,1.1578,,,1.1578,0
513300.SH,20220126,20220124,1.1619,1.1619,,,1.1619,0
513300.SH,20220127,20220125,1.1325,1.1325,,,1.1325,0
513300.SH,20220128,20220126,1.1333,1.1333,,,1.1333,0
513300.SH,20220129,20220127,1.1261,1.1261,,,1.1261,0
513300.SH,20220208,20220128,1.163,1.163,,,1.163,0
513300.SH,20220209,20220207,1.1712,1.1712,,,1.1712,0
513300.SH,20220210,20220208,1.1879,1.1879,,,1.1879,0
513300.SH,20220211,20220209,1.2112,1.2112,,,1.2112,0
513300.SH,20220212,20220210,1.1822,1.1822,,,1.1822,0
513300.SH,20220215,20220211,1.1464,1.1464,,,1.1464,0
513300.SH,20220216,20220214,1.1471,1.1471,,,1.1471,0
513300.SH,20220217,20220215,1.1742,1.1742,,,1.1742,0
513300.SH,20220218,20220216,1.1702,1.1702,,,1.1702,0
513300.SH,20220219,20220217,1.1354,1.1354,,,1.1354,0
513300.SH,20220222,20220218,1.1211,1.1211,,,1.1211,0
513300.SH,20220223,20220221,1.122,1.122,,,1.122,0
513300.SH,20220224,20220222,1.1115,1.1115,,,1.1115,0
513300.SH,20220225,20220223,1.08,1.08,,,1.08,0
513300.SH,20220226,20220224,1.1166,1.1166,,,1.1166,0
513300.SH,20220301,20220225,1.1328,1.1328,,,1.1328,0
513300.SH,20220302,20220228,1.136,1.136,,,1.136,0
513300.SH,20220303,20220301,1.1179,1.1179,,,1.1179,0
513300.SH,20220304,20220302,1.1367,1.1367,,,1.1367,0
513300.SH,20220305,20220303,1.1214,1.1214,,,1.1214,0
513300.SH,20220308,20220304,1.1059,1.1059,,,1.1059,0
513300.SH,20220309,20220307,1.064,1.064,,,1.064,0
513300.SH,20220310,20220308,1.0596,1.0596,,,1.0596,0
513300.SH,20220311,20220309,1.0975,1.0975,,,1.0975,0
513300.SH,20220312,20220310,1.086,1.086,,,1.086,0
513300.SH,20220315,20220311,1.0628,1.0628,,,1.0628,0
513300.SH,20220316,20220314,1.049,1.049,,,1.049,0
513300.SH,20220317,20220315,1.0853,1.0853,,,1.0853,0
513300.SH,20220318,20220316,1.1199,1.1199,,,1.1199,0
513300.SH,20220319,20220317,1.1328,1.1328,,,1.1328,0
513300.SH,20220322,20220318,1.1596,1.1596,,,1.1596,0
513300.SH,20220323,20220321,1.1563,1.1563,,,1.1563,0
513300.SH,20220324,20220322,1.1782,1.1782,,,1.1782,0
513300.SH,20220325,20220323,1.1643,1.1643,,,1.1643,0
513300.SH,20220326,20220324,1.1887,1.1887,,,1.1887,0
513300.SH,20220329,20220325,1.1866,1.1866,,,1.1866,0
513300.SH,20220330,20220328,1.2072,1.2072,,,1.2072,0
513300.SH,20220331,20220329,1.227,1.227,,,1.227,0
513300.SH,20220401,20220330,1.2105,1.2105,,,1.2105,0
513300.SH,20220421,20220331,1.1897,1.1897,,666433776.43,1.1897,1
513300.SH,20220407,20220401,1.1943,1.1943,,,1.1943,0
513300.SH,20220408,20220406,1.1662,1.1662,,,1.1662,0
513300.SH,20220409,20220407,1.1686,1.1686,,,1.1686,0
513300.SH,20220412,20220408,1.152,1.152,,,1.152,0
513300.SH,20220413,20220411,1.1262,1.1262,,,1.1262,0
513300.SH,20220414,20220412,1.1219,1.1219,,,1.1219,0
513300.SH,20220415,20220413,1.1436,1.1436,,,1.1436,0
513300.SH,20220416,20220414,1.1181,1.1181,,,1.1181,0
513300.SH,20220419,20220415,1.1187,1.1187,,,1.1187,0
513300.SH,20220420,20220418,1.12,1.12,,,1.12,0
513300.SH,20220421,20220419,1.145,1.145,,,1.145,0
513300.SH,20220422,20220420,1.1346,1.1346,,,1.1346,0
513300.SH,20220423,20220421,1.1171,1.1171,,,1.1171,0
513300.SH,20220426,20220422,1.0917,1.0917,,,1.0917,0
513300.SH,20220427,20220425,1.1188,1.1188,,,1.1188,0
513300.SH,20220428,20220426,1.0761,1.0761,,,1.0761,0
513300.SH,20220429,20220427,1.0761,1.0761,,,1.0761,0
513300.SH,20220430,20220428,1.1215,1.1215,,,1.1215,0
513300.SH,20220506,20220429,1.0681,1.0681,,,1.0681,0
513300.SH,20220507,20220505,1.0726,1.0726,,,1.0726,0
513300.SH,20220510,20220506,1.0695,1.0695,,,1.0695,0
513300.SH,20220511,20220509,1.0336,1.0336,,,1.0336,0
513300.SH,20220512,20220510,1.0468,1.0468,,,1.0468,0
513300.SH,20220513,20220511,1.0151,1.0151,,,1.0151,0
513300.SH,20220514,20220512,1.0215,1.0215,,,1.0215,0
513300.SH,20220517,20220513,1.0592,1.0592,,,1.0592,0
513300.SH,20220518,20220516,1.0498,1.0498,,,1.0498,0
513300.SH,20220519,20220517,1.0698,1.0698,,,1.0698,0
513300.SH,20220520,20220518,1.0154,1.0154,,,1.0154,0
513300.SH,20220521,20220519,1.0127,1.0127,,,1.0127,0
513300.SH,20220524,20220520,0.9961,0.9961,,,0.9961,0
513300.SH,20220525,20220523,1.0119,1.0119,,,1.0119,0
513300.SH,20220526,20220524,0.9893,0.9893,,,0.9893,0
513300.SH,20220527,20220525,1.0043,1.0043,,,1.0043,0
513300.SH,20220528,20220526,1.0421,1.0421,,,1.0421,0
513300.SH,20220531,20220527,1.076,1.076,,,1.076,0
513300.SH,20220601,20220530,1.0651,1.0651,,,1.0651,0
513300.SH,20220602,20220531,1.0619,1.0619,,,1.0619,0
513300.SH,20220603,20220601,1.0585,1.0585,,,1.0585,0
513300.SH,20220607,20220602,1.0856,1.0856,,,1.0856,0
513300.SH,20220608,20220606,1.056,1.056,,,1.056,0
513300.SH,20220609,20220607,1.0684,1.0684,,,1.0684,0
513300.SH,20220610,20220608,1.0622,1.0622,,,1.0622,0
513300.SH,20220611,20220609,1.0345,1.0345,,,1.0345,0
513300.SH,20220614,20220610,0.9978,0.9978,,,0.9978,0
513300.SH,20220615,20220613,0.9581,0.9581,,,0.9581,0
513300.SH,20220616,20220614,0.9598,0.9598,,,0.9598,0
513300.SH,20220617,20220615,0.9821,0.9821,,,0.9821,0
513300.SH,20220618,20220616,0.9416,0.9416,,,0.9416,0
513300.SH,20220621,20220617,0.9516,0.9516,,,0.9516,0
513300.SH,20220622,20220620,0.9493,0.9493,,,0.9493,0
513300.SH,20220623,20220621,0.9747,0.9747,,,0.9747,0
513300.SH,20220624,20220622,0.9765,0.9765,,,0.9765,0
513300.SH,20220625,20220623,0.9891,0.9891,,,0.9891,0
513300.SH,20220628,20220624,1.0217,1.0217,,,1.0217,0
513300.SH,20220629,20220627,1.012,1.012,,,1.012,0
513300.SH,20220630,20220628,0.9809,0.9809,,,0.9809,0
513300.SH,20220701,20220629,0.9848,0.9848,,,0.9848,0
513300.SH,20220720,20220630,0.9707,0.9707,,933932478.33,0.9707,1
513300.SH,20220705,20220701,0.9788,0.9788,,,0.9788,0
513300.SH,20220706,20220704,0.9777,0.9777,,,0.9777,0
513300.SH,20220707,20220705,0.9945,0.9945,,,0.9945,0
513300.SH,20220708,20220706,1.0019,1.0019,,,1.0019,0
513300.SH,20220709,20220707,1.0239,1.0239,,,1.0239,0
513300.SH,20220712,20220708,1.0246,1.0246,,,1.0246,0
513300.SH,20220713,20220711,1.0027,1.0027,,,1.0027,0
513300.SH,20220714,20220712,0.9968,0.9968,,,0.9968,0
513300.SH,20220715,20220713,0.9931,0.9931,,,0.9931,0
513300.SH,20220716,20220714,0.9991,0.9991,,,0.9991,0
513300.SH,20220719,20220715,1.0214,1.0214,,,1.0214,0
513300.SH,20220720,20220718,1.0089,1.0089,,,1.0089,0
513300.SH,20220721,20220719,1.0407,1.0407,,,1.0407,0
513300.SH,20220722,20220720,1.0583,1.0583,,,1.0583,0
513300.SH,20220723,20220721,1.0753,1.0753,,,1.0753,0
513300.SH,20220726,20220722,1.057,1.057,,,1.057,0
513300.SH,20220727,20220725,1.0489,1.0489,,,1.0489,0
513300.SH,20220728,20220726,1.0287,1.0287,,,1.0287,0
513300.SH,20220729,20220727,1.0728,1.0728,,,1.0728,0
513300.SH,20220730,20220728,1.0802,1.0802,,,1.0802,0
513300.SH,20220802,20220729,1.0975,1.0975,,,1.0975,0
513300.SH,20220803,20220801,1.1006,1.1006,,,1.1006,0
513300.SH,20220804,20220802,1.0986,1.0986,,,1.0986,0
513300.SH,20220805,20220803,1.1273,1.1273,,,1.1273,0
513300.SH,20220806,20220804,1.1325,1.1325,,,1.1325,0
513300.SH,20220809,20220805,1.1227,1.1227,,,1.1227,0
513300.SH,20220810,20220808,1.1202,1.1202,,,1.1202,0
513300.SH,20220811,20220809,1.107,1.107,,,1.107,0
513300.SH,20220812,20220810,1.1388,1.1388,,,1.1388,0
513300.SH,20220813,20220811,1.1284,1.1284,,,1.1284,0
513300.SH,20220816,20220812,1.1511,1.1511,,,1.1511,0
513300.SH,20220817,20220815,1.1652,1.1652,,,1.1652,0
513300.SH,20220818,20220816,1.1662,1.1662,,,1.1662,0
513300.SH,20220819,20220817,1.1503,1.1503,,,1.1503,0
513300.SH,20220820,20220818,1.1561,1.1561,,,1.1561,0
513300.SH,20220823,20220819,1.1366,1.1366,,,1.1366,0
513300.SH,20220824,20220822,1.1102,1.1102,,,1.1102,0
513300.SH,20220825,20220823,1.1132,1.1132,,,1.1132,0
513300.SH,20220826,20220824,1.1169,1.1169,,,1.1169,0
513300.SH,20220827,20220825,1.1345,1.1345,,,1.1345,0
513300.SH,20220830,20220826,1.0895,1.0895,,,1.0895,0
513300.SH,20220831,20220829,1.0882,1.0882,,,1.0882,0
513300.SH,20220901,20220830,1.0748,1.0748,,,1.0748,0
513300.SH,20220902,20220831,1.0657,1.0657,,,1.0657,0
513300.SH,20220903,20220901,1.0675,1.0675,,,1.0675,0
513300.SH,20220906,20220902,1.0519,1.0519,,,1.0519,0
513300.SH,20220907,20220905,1.058,1.058,,,1.058,0
513300.SH,20220908,20220906,1.0505,1.0505,,,1.0505,0
513300.SH,20220909,20220907,1.0758,1.0758,,,1.0758,0
513300.SH,20220910,20220908,1.0806,1.0806,,,1.0806,0
513300.SH,20220914,20220909,1.0973,1.0973,,,1.0973,0
513300.SH,20220915,20220913,1.0494,1.0494,,,1.0494,0
513300.SH,20220916,20220914,1.0645,1.0645,,,1.0645,0
513300.SH,20220917,20220915,1.0474,1.0474,,,1.0474,0
513300.SH,20220920,20220916,1.0486,1.0486,,,1.0486,0
513300.SH,20220921,20220919,1.0565,1.0565,,,1.0565,0
513300.SH,20220922,20220920,1.0461,1.0461,,,1.0461,0
513300.SH,20220923,20220921,1.0337,1.0337,,,1.0337,0
513300.SH,20220924,20220922,1.0273,1.0273,,,1.0273,0
513300.SH,20220927,20220923,1.0124,1.0124,,,1.0124,0
513300.SH,20220928,20220926,1.0137,1.0137,,,1.0137,0
513300.SH,20220929,20220927,1.0151,1.0151,,,1.0151,0
513300.SH,20220930,20220928,1.0477,1.0477,,,1.0477,0
513300.SH,20221001,20220929,1.013,1.013,,,1.013,0
513300.SH,20221025,20220930,0.9802,0.9802,,1107834985.15,0.9802,1
513300.SH,20221012,20221010,0.9819,0.9819,,,0.9819,0
513300.SH,20221013,20221011,0.9762,0.9762,,,0.9762,0
513300.SH,20221014,20221012,0.9737,0.9737,,,0.9737,0
513300.SH,20221015,20221013,0.9988,0.9988,,,0.9988,0
513300.SH,20221018,20221014,0.9667,0.9667,,,0.9667,0
513300.SH,20221019,20221017,1.003,1.003,,,1.003,0
513300.SH,20221020,20221018,1.0091,1.0091,,,1.0091,0
513300.SH,20221021,20221019,1.0089,1.0089,,,1.0089,0
513300.SH,20221022,20221020,1.0058,1.0058,,,1.0058,0
513300.SH,20221025,20221021,1.0319,1.0319,,,1.0319,0
513300.SH,20221026,20221024,1.0444,1.0444,,,1.0444,0
513300.SH,20221027,20221025,1.0734,1.0734,,,1.0734,0
513300.SH,20221028,20221026,1.0363,1.0363,,,1.0363,0
513300.SH,20221029,20221027,1.019,1.019,,,1.019,0
513300.SH,20221101,20221028,1.0534,1.0534,,,1.0534,0
513300.SH,20221102,20221031,1.047,1.047,,,1.047,0
513300.SH,20221103,20221101,1.0336,1.0336,,,1.0336,0
513300.SH,20221104,20221102,0.999,0.999,,,0.999,0
513300.SH,20221105,20221103,0.9843,0.9843,,,0.9843,0
513300.SH,20221108,20221104,0.9933,0.9933,,,0.9933,0
513300.SH,20221109,20221107,1.0017,1.0017,,,1.0017,0
513300.SH,20221110,20221108,1.0105,1.0105,,,1.0105,0
513300.SH,20221111,20221109,0.9853,0.9853,,,0.9853,0
513300.SH,20221112,20221110,1.0596,1.0596,,,1.0596,0
513300.SH,20221115,20221111,1.0574,1.0574,,,1.0574,0
513300.SH,20221116,20221114,1.0368,1.0368,,,1.0368,0
513300.SH,20221117,20221115,1.0511,1.0511,,,1.0511,0
513300.SH,20221118,20221116,1.042,1.042,,,1.042,0
513300.SH,20221119,20221117,1.0476,1.0476,,,1.0476,0
513300.SH,20221122,20221118,1.0476,1.0476,,,1.0476,0
513300.SH,20221123,20221121,1.0424,1.0424,,,1.0424,0
513300.SH,20221124,20221122,1.0568,1.0568,,,1.0568,0
513300.SH,20221125,20221123,1.0659,1.0659,,,1.0659,0
513300.SH,20221126,20221124,1.0658,1.0658,,,1.0658,0
513300.SH,20221129,20221125,1.0597,1.0597,,,1.0597,0
513300.SH,20221130,20221128,1.0505,1.0505,,,1.0505,0
513300.SH,20221201,20221129,1.0378,1.0378,,,1.0378,0
513300.SH,20221202,20221130,1.0818,1.0818,,,1.0818,0
513300.SH,20221203,20221201,1.0731,1.0731,,,1.0731,0
513300.SH,20221206,20221202,1.0638,1.0638,,,1.0638,0
513300.SH,20221207,20221205,1.0335,1.0335,,,1.0335,0
513300.SH,20221208,20221206,1.0172,1.0172,,,1.0172,0
513300.SH,20221209,20221207,1.0106,1.0106,,,1.0106,0
513300.SH,20221210,20221208,1.0215,1.0215,,,1.0215,0
513300.SH,20221213,20221209,1.0119,1.0119,,,1.0119,0
513300.SH,20221214,20221212,1.028,1.028,,,1.028,0
513300.SH,20221215,20221213,1.0398,1.0398,,,1.0398,0
513300.SH,20221216,20221214,1.0275,1.0275,,,1.0275,0
513300.SH,20221217,20221215,0.9949,0.9949,,,0.9949,0
513300.SH,20221220,20221216,0.9875,0.9875,,,0.9875,0
513300.SH,20221221,20221219,0.9745,0.9745,,,0.9745,0
513300.SH,20221222,20221220,0.9726,0.9726,,,0.9726,0
513300.SH,20221223,20221221,0.9857,0.9857,,,0.9857,0
513300.SH,20221224,20221222,0.963,0.963,,,0.963,0
513300.SH,20221227,20221223,0.9662,0.9662,,,0.9662,0
513300.SH,20221228,20221226,0.963,0.963,,,0.963,0
513300.SH,20221229,20221227,0.9492,0.9492,,,0.9492,0
513300.SH,20221230,20221228,0.9371,0.9371,,,0.9371,0
513300.SH,20221231,20221229,0.9607,0.9607,,,0.9607,0
513300.SH,20230104,20221230,0.9576,0.9576,,,0.9576,0
513300.SH,20230120,20221231,0.9576,0.9576,,1243148902.39,0.9576,1
513300.SH,20230105,20230103,0.9426,0.9426,,,0.9426,0
513300.SH,20230106,20230104,0.9469,0.9469,,,0.9469,0
513300.SH,20230107,20230105,0.9296,0.9296,,,0.9296,0
513300.SH,20230110,20230106,0.9539,0.9539,,,0.9539,0
513300.SH,20230111,20230109,0.948,0.948,,,0.948,0
513300.SH,20230112,20230110,0.9569,0.9569,,,0.9569,0
513300.SH,20230113,20230111,0.9721,0.9721,,,0.9721,0
513300.SH,20230114,20230112,0.9747,0.9747,,,0.9747,0
513300.SH,20230117,20230113,0.9754,0.9754,,,0.9754,0
513300.SH,20230118,20230116,0.9749,0.9749,,,0.9749,0
513300.SH,20230119,20230117,0.9845,0.9845,,,0.9845,0
513300.SH,20230120,20230118,0.9727,0.9727,,,0.9727,0
513300.SH,20230121,20230119,0.9636,0.9636,,,0.9636,0
513300.SH,20230131,20230120,0.9906,0.9906,,,0.9906,0
513300.SH,20230201,20230130,1.0121,1.0121,,,1.0121,0
513300.SH,20230202,20230131,1.0282,1.0282,,,1.0282,0
513300.SH,20230203,20230201,1.0493,1.0493,,,1.0493,0
513300.SH,20230204,20230202,1.0829,1.0829,,,1.0829,0
513300.SH,20230207,20230203,1.0669,1.0669,,,1.0669,0
513300.SH,20230208,20230206,1.0635,1.0635,,,1.0635,0
513300.SH,20230209,20230207,1.0869,1.0869,,,1.0869,0
513300.SH,20230210,20230208,1.0659,1.0659,,,1.0659,0
513300.SH,20230211,20230209,1.057,1.057,,,1.057,0
513300.SH,20230214,20230210,1.0527,1.0527,,,1.0527,0
513300.SH,20230215,20230213,1.0736,1.0736,,,1.0736,0
513300.SH,20230216,20230214,1.0804,1.0804,,,1.0804,0
513300.SH,20230217,20230215,1.0934,1.0934,,,1.0934,0
513300.SH,20230218,20230216,1.0737,1.0737,,,1.0737,0
513300.SH,20230221,20230217,1.0699,1.0699,,,1.0699,0
513300.SH,20230222,20230220,1.0667,1.0667,,,1.0667,0
513300.SH,20230223,20230221,1.0435,1.0435,,,1.0435,0
513300.SH,20230224,20230222,1.047,1.047,,,1.047,0
513300.SH,20230225,20230223,1.0564,1.0564,,,1.0564,0
513300.SH,20230228,20230224,1.0451,1.0451,,,1.0451,0
513300.SH,20230301,20230227,1.0571,1.0571,,,1.0571,0
513300.SH,20230302,20230228,1.0526,1.0526,,,1.0526,0
513300.SH,20230303,20230301,1.0353,1.0353,,,1.0353,0
513300.SH,20230304,20230302,1.0476,1.0476,,,1.0476,0
513300.SH,20230307,20230303,1.0676,1.0676,,,1.0676,0
513300.SH,20230308,20230306,1.0712,1.0712,,,1.0712,0
513300.SH,20230309,20230307,1.0592,1.0592,,,1.0592,0
513300.SH,20230310,20230308,1.0716,1.0716,,,1.0716,0
513300.SH,20230311,20230309,1.0527,1.0527,,,1.0527,0
513300.SH,20230314,20230310,1.0371,1.0371,,,1.0371,0
513300.SH,20230315,20230313,1.0356,1.0356,,,1.0356,0
513300.SH,20230316,20230314,1.0549,1.0549,,,1.0549,0
513300.SH,20230317,20230315,1.0629,1.0629,,,1.0629,0
513300.SH,20230318,20230316,1.093,1.093,,,1.093,0
513300.SH,20230321,20230317,1.0821,1.0821,,,1.0821,0
513300.SH,20230322,20230320,1.0894,1.0894,,,1.0894,0
513300.SH,20230323,20230321,1.1022,1.1022,,,1.1022,0
513300.SH,20230324,20230322,1.0897,1.0897,,,1.0897,0
513300.SH,20230325,20230323,1.0939,1.0939,,,1.0939,0
513300.SH,20230328,20230324,1.1007,1.1007,,,1.1007,0
513300.SH,20230329,20230327,1.0981,1.0981,,,1.0981,0
513300.SH,20230330,20230328,1.0927,1.0927,,,1.0927,0
513300.SH,20230331,20230329,1.1133,1.1133,,,1.1133,0
513300.SH,20230401,20230330,1.1217,1.1217,,,1.1217,0
513300.SH,20230421,20230331,1.1392,1.1392,,1680572424.87,1.1392,1
513300.SH,20230405,20230403,1.1396,1.1396,,,1.1396,0
513300.SH,20230407,20230404,1.1342,1.1342,,,1.1342,0
513300.SH,20230408,20230406,1.1306,1.1306,,,1.1306,0
513300.SH,20230411,20230407,1.1302,1.1302,,,1.1302,0
513300.SH,20230412,20230410,1.1287,1.1287,,,1.1287,0
513300.SH,20230413,20230411,1.1233,1.1233,,,1.1233,0
513300.SH,20230414,20230412,1.1129,1.1129,,,1.1129,0
513300.SH,20230415,20230413,1.1338,1.1338,,,1.1338,0
513300.SH,20230418,20230414,1.1262,1.1262,,,1.1262,1
513300.SH,20230419,20230417,1.1309,1.1309,,,1.1309,0
513300.SH,20230420,20230418,1.1327,1.1327,,,1.1327,0
513300.SH,20230421,20230419,1.1355,1.1355,,,1.1355,0
513300.SH,20230422,20230420,1.1247,1.1247,,,1.1247,0
513300.SH,20230425,20230421,1.127,1.127,,,1.127,0
513300.SH,20230426,20230424,1.1252,1.1252,,,1.1252,0
513300.SH,20230427,20230425,1.1073,1.1073,,,1.1073,0
513300.SH,20230428,20230426,1.1147,1.1147,,,1.1147,0
513300.SH,20230429,20230427,1.1462,1.1462,,,1.1462,0
513300.SH,20230505,20230428,1.1534,1.1534,,,1.1534,0
513300.SH,20230506,20230504,1.1288,1.1288,,,1.1288,0
513300.SH,20230509,20230505,1.1527,1.1527,,,1.1527,0
513300.SH,20230510,20230508,1.1557,1.1557,,,1.1557,0
513300.SH,20230511,20230509,1.1499,1.1499,,,1.1499,0
513300.SH,20230512,20230510,1.163,1.163,,,1.163,0
513300.SH,20230513,20230511,1.1685,1.1685,,,1.1685,0
513300.SH,20230516,20230512,1.166,1.166,,,1.166,0
513300.SH,20230517,20230515,1.1726,1.1726,,,1.1726,0
513300.SH,20230518,20230516,1.1759,1.1759,,,1.1759,0
513300.SH,20230519,20230517,1.1973,1.1973,,,1.1973,0
513300.SH,20230520,20230518,1.2236,1.2236,,,1.2236,0
513300.SH,20230523,20230519,1.2197,1.2197,,,1.2197,0
513300.SH,20230524,20230522,1.2247,1.2247,,,1.2247,0
513300.SH,20230525,20230523,1.2129,1.2129,,,1.2129,0
513300.SH,20230526,20230524,1.2071,1.2071,,,1.2071,0
513300.SH,20230527,20230525,1.2397,1.2397,,,1.2397,0
513300.SH,20230530,20230526,1.2674,1.2674,,,1.2674,0
513300.SH,20230531,20230529,1.2727,1.2727,,,1.2727,0
513300.SH,20230601,20230530,1.2806,1.2806,,,1.2806,0
513300.SH,20230602,20230531,1.2748,1.2748,,,1.2748,0
513300.SH,20230603,20230601,1.2941,1.2941,,,1.2941,0
513300.SH,20230606,20230602,1.2946,1.2946,,,1.2946,0
513300.SH,20230607,20230605,1.3036,1.3036,,,1.3036,0
513300.SH,20230608,20230606,1.3039,1.3039,,,1.3039,0
513300.SH,20230609,20230607,1.282,1.282,,,1.282,0
513300.SH,20230610,20230608,1.299,1.299,,,1.299,0
513300.SH,20230613,20230609,1.3014,1.3014,,,1.3014,0
513300.SH,20230614,20230612,1.328,1.328,,,1.328,0
513300.SH,20230615,20230613,1.3399,1.3399,,,1.3399,0
513300.SH,20230616,20230614,1.3514,1.3514,,,1.3514,0
513300.SH,20230617,20230615,1.3661,1.3661,,,1.3661,0
513300.SH,20230620,20230616,1.3513,1.3513,,,1.3513,0
513300.SH,20230621,20230619,1.3574,1.3574,,,1.3574,0
513300.SH,20230622,20230620,1.3592,1.3592,,,1.3592,0
513300.SH,20230627,20230621,1.345,1.345,,,1.345,0
513300.SH,20230628,20230626,1.3364,1.3364,,,1.3364,0
513300.SH,20230629,20230627,1.3549,1.3549,,,1.3549,0
513300.SH,20230630,20230628,1.3616,1.3616,,,1.3616,0
513300.SH,20230701,20230629,1.3599,1.3599,,,1.3599,0
513300.SH,20230720,20230630,1.3857,1.3857,,1996383617.01,1.3857,1
513300.SH,20230705,20230703,1.387,1.387,,,1.387,0
513300.SH,20230706,20230704,1.3788,1.3788,,,1.3788,0
513300.SH,20230707,20230705,1.3846,1.3846,,,1.3846,0
513300.SH,20230708,20230706,1.3752,1.3752,,,1.3752,0
513300.SH,20230711,20230707,1.3695,1.3695,,,1.3695,0
513300.SH,20230712,20230710,1.3682,1.3682,,,1.3682,0
513300.SH,20230713,20230711,1.3693,1.3693,,,1.3693,0
513300.SH,20230714,20230712,1.3835,1.3835,,,1.3835,0
513300.SH,20230715,20230713,1.4015,1.4015,,,1.4015,0
513300.SH,20230718,20230714,1.3964,1.3964,,,1.3964,0
513300.SH,20230719,20230717,1.4167,1.4167,,,1.4167,0
513300.SH,20230720,20230718,1.4285,1.4285,,,1.4285,0
513300.SH,20230721,20230719,1.4359,1.4359,,,1.4359,0
513300.SH,20230722,20230720,1.3972,1.3972,,,1.3972,0
513300.SH,20230725,20230721,1.3914,1.3914,,,1.3914,0
513300.SH,20230726,20230724,1.3984,1.3984,,,1.3984,0
513300.SH,20230727,20230725,1.3967,1.3967,,,1.3967,0
513300.SH,20230728,20230726,1.3923,1.3923,,,1.3923,0
513300.SH,20230729,20230727,1.387,1.387,,,1.387,0
513300.SH,20230801,20230728,1.4176,1.4176,,,1.4176,0
513300.SH,20230802,20230731,1.4152,1.4152,,,1.4152,0
513300.SH,20230803,20230801,1.4152,1.4152,,,1.4152,0
513300.SH,20230804,20230802,1.3874,1.3874,,,1.3874,0
513300.SH,20230805,20230803,1.3869,1.3869,,,1.3869,0
513300.SH,20230808,20230804,1.3783,1.3783,,,1.3783,0
513300.SH,20230809,20230807,1.3922,1.3922,,,1.3922,0
513300.SH,20230810,20230808,1.3841,1.3841,,,1.3841,0
513300.SH,20230811,20230809,1.366,1.366,,,1.366,0
513300.SH,20230812,20230810,1.3707,1.3707,,,1.3707,0
513300.SH,20230815,20230811,1.3665,1.3665,,,1.3665,0
513300.SH,20230816,20230814,1.386,1.386,,,1.386,0
513300.SH,20230817,20230815,1.3766,1.3766,,,1.3766,0
513300.SH,20230818,20230816,1.3628,1.3628,,,1.3628,0
513300.SH,20230819,20230817,1.3514,1.3514,,,1.3514,0
513300.SH,20230822,20230818,1.3457,1.3457,,,1.3457,0
513300.SH,20230823,20230821,1.372,1.372,,,1.372,0
513300.SH,20230824,20230822,1.3656,1.3656,,,1.3656,0
513300.SH,20230825,20230823,1.3878,1.3878,,,1.3878,0
513300.SH,20230826,20230824,1.3558,1.3558,,,1.3558,0
513300.SH,20230829,20230825,1.3685,1.3685,,,1.3685,0
513300.SH,20230830,20230828,1.3798,1.3798,,,1.3798,0
513300.SH,20230831,20230829,1.4086,1.4086,,,1.4086,0
513300.SH,20230901,20230830,1.4169,1.4169,,,1.4169,0
513300.SH,20230902,20230831,1.4201,1.4201,,,1.4201,0
513300.SH,20230905,20230901,1.4136,1.4136,,,1.4136,0
513300.SH,20230906,20230904,1.4154,1.4154,,,1.4154,0
513300.SH,20230907,20230905,1.4226,1.4226,,,1.4226,0
513300.SH,20230908,20230906,1.412,1.412,,,1.412,0
513300.SH,20230909,20230907,1.4049,1.4049,,,1.4049,0
513300.SH,20230912,20230908,1.4104,1.4104,,,1.4104,0
513300.SH,20230913,20230911,1.4166,1.4166,,,1.4166,0
513300.SH,20230914,20230912,1.4015,1.4015,,,1.4015,0
513300.SH,20230915,20230913,1.4045,1.4045,,,1.4045,0
513300.SH,20230916,20230914,1.4147,1.4147,,,1.4147,0
513300.SH,20230919,20230915,1.388,1.388,,,1.388,0
513300.SH,20230920,20230918,1.3946,1.3946,,,1.3946,0
513300.SH,20230921,20230919,1.3923,1.3923,,,1.3923,0
513300.SH,20230922,20230920,1.3728,1.3728,,,1.3728,0
513300.SH,20230923,20230921,1.3483,1.3483,,,1.3483,0
513300.SH,20230926,20230922,1.3483,1.3483,,,1.3483,0
513300.SH,20230927,20230925,1.3564,1.3564,,,1.3564,0
513300.SH,20230928,20230926,1.3361,1.3361,,,1.3361,0
513300.SH,20230929,20230927,1.3385,1.3385,,,1.3385,0
513300.SH,20231010,20230928,1.3489,1.3489,,,1.3489,0
513300.SH,20231024,20230930,1.35,1.35,,3957785945.17,1.35,0
513300.SH,20231011,20231009,1.379,1.379,,,1.379,0
513300.SH,20231012,20231010,1.3866,1.3866,,,1.3866,0
513300.SH,20231013,20231011,1.3973,1.3973,,,1.3973,0
513300.SH,20231014,20231012,1.3922,1.3922,,,1.3922,0
513300.SH,20231017,20231013,1.3762,1.3762,,,1.3762,0
513300.SH,20231018,20231016,1.3932,1.3932,,,1.3932,0
513300.SH,20231019,20231017,1.3891,1.3891,,,1.3891,0
513300.SH,20231020,20231018,1.3689,1.3689,,,1.3689,0
513300.SH,20231021,20231019,1.3582,1.3582,,,1.3582,0
513300.SH,20231024,20231020,1.338,1.338,,,1.338,0
513300.SH,20231025,20231023,1.342,1.342,,,1.342,0
513300.SH,20231026,20231024,1.3528,1.3528,,,1.3528,0
513300.SH,20231027,20231025,1.3211,1.3211,,,1.3211,0
513300.SH,20231028,20231026,1.2966,1.2966,,,1.2966,0
513300.SH,20231031,20231027,1.3029,1.3029,,,1.3029,0
513300.SH,20231101,20231030,1.3173,1.3173,,,1.3173,0
513300.SH,20231102,20231031,1.3241,1.3241,,,1.3241,0
513300.SH,20231103,20231101,1.3477,1.3477,,,1.3477,0
513300.SH,20231104,20231102,1.3711,1.3711,,,1.3711,0
513300.SH,20231107,20231103,1.3868,1.3868,,,1.3868,0
513300.SH,20231108,20231106,1.3855,1.3855,,,1.3855,0
513300.SH,20231109,20231107,1.3989,1.3989,,,1.3989,0
513300.SH,20231110,20231108,1.3994,1.3994,,,1.3994,0
513300.SH,20231111,20231109,1.3894,1.3894,,,1.3894,0
513300.SH,20231114,20231110,1.4221,1.4221,,,1.4221,0
513300.SH,20231115,20231113,1.4182,1.4182,,,1.4182,0
513300.SH,20231116,20231114,1.4484,1.4484,,,1.4484,0
513300.SH,20231117,20231115,1.4384,1.4384,,,1.4384,0
513300.SH,20231118,20231116,1.4431,1.4431,,,1.4431,0
513300.SH,20231121,20231117,1.4415,1.4415,,,1.4415,0
513300.SH,20231122,20231120,1.445,1.445,,,1.445,0
513300.SH,20231123,20231121,1.4275,1.4275,,,1.4275,0
513300.SH,20231124,20231122,1.436,1.436,,,1.436,0
513300.SH,20231125,20231123,1.4343,1.4343,,,1.4343,0
513300.SH,20231128,20231124,1.4359,1.4359,,,1.4359,0
513300.SH,20231129,20231127,1.4338,1.4338,,,1.4338,0
513300.SH,20231130,20231128,1.4383,1.4383,,,1.4383,0
513300.SH,20231201,20231129,1.4305,1.4305,,,1.4305,0
513300.SH,20231202,20231130,1.4285,1.4285,,,1.4285,0
513300.SH,20231205,20231201,1.4358,1.4358,,,1.4358,0
513300.SH,20231206,20231204,1.4201,1.4201,,,1.4201,0
513300.SH,20231207,20231205,1.4253,1.4253,,,1.4253,0
513300.SH,20231208,20231206,1.4192,1.4192,,,1.4192,0
513300.SH,20231209,20231207,1.44,1.44,,,1.44,0
513300.SH,20231212,20231208,1.4464,1.4464,,,1.4464,0
513300.SH,20231213,20231211,1.4633,1.4633,,,1.4633,0
513300.SH,20231214,20231212,1.4739,1.4739,,,1.4739,0
513300.SH,20231215,20231213,1.4943,1.4943,,,1.4943,0
513300.SH,20231216,20231214,1.4825,1.4825,,,1.4825,0
513300.SH,20231219,20231215,1.4836,1.4836,,,1.4836,0
513300.SH,20231220,20231218,1.4982,1.4982,,,1.4982,0
513300.SH,20231221,20231219,1.5089,1.5089,,,1.5089,0
513300.SH,20231222,20231220,1.4834,1.4834,,,1.4834,0
513300.SH,20231223,20231221,1.5037,1.5037,,,1.5037,0
513300.SH,20231226,20231222,1.5051,1.5051,,,1.5051,0
513300.SH,20231227,20231225,1.5035,1.5035,,,1.5035,0
513300.SH,20231228,20231226,1.5146,1.5146,,,1.5146,0
513300.SH,20231229,20231227,1.5166,1.5166,,,1.5166,0
513300.SH,20231230,20231228,1.5076,1.5076,,,1.5076,0
513300.SH,20240103,20231229,1.499,1.499,,,1.499,0
513300.SH,20240119,20231231,1.499,1.499,,3645717443.19,1.499,1
513300.SH,20240104,20240102,1.4815,1.4815,,,1.4815,0
513300.SH,20240105,20240103,1.4689,1.4689,,,1.4689,0
513300.SH,20240106,20240104,1.4622,1.4622,,,1.4622,0
513300.SH,20240109,20240105,1.4667,1.4667,,,1.4667,0
513300.SH,20240110,20240108,1.4967,1.4967,,,1.4967,0
513300.SH,20240111,20240109,1.4991,1.4991,,,1.4991,0
513300.SH,20240112,20240110,1.5124,1.5124,,,1.5124,0
513300.SH,20240113,20240111,1.5128,1.5128,,,1.5128,0
513300.SH,20240116,20240112,1.5141,1.5141,,,1.5141,0
513300.SH,20240117,20240115,1.5163,1.5163,,,1.5163,0
513300.SH,20240118,20240116,1.5178,1.5178,,,1.5178,0
513300.SH,20240119,20240117,1.512,1.512,,,1.512,0
513300.SH,20240120,20240118,1.5342,1.5342,,,1.5342,0
513300.SH,20240123,20240119,1.5634,1.5634,,,1.5634,0
513300.SH,20240124,20240122,1.5653,1.5653,,,1.5653,0
513300.SH,20240125,20240123,1.5665,1.5665,,,1.5665,0
513300.SH,20240126,20240124,1.5746,1.5746,,,1.5746,0
513300.SH,20240127,20240125,1.575,1.575,,,1.575,0
513300.SH,20240130,20240126,1.5701,1.5701,,,1.5701,0
513300.SH,20240131,20240129,1.5855,1.5855,,,1.5855,0
513300.SH,20240201,20240130,1.5743,1.5743,,,1.5743,0
513300.SH,20240202,20240131,1.5444,1.5444,,,1.5444,0
513300.SH,20240203,20240201,1.5637,1.5637,,,1.5637,0
513300.SH,20240206,20240202,1.5898,1.5898,,,1.5898,0
513300.SH,20240207,20240205,1.5909,1.5909,,,1.5909,0
513300.SH,20240208,20240206,1.5861,1.5861,,,1.5861,0
513300.SH,20240209,20240207,1.6024,1.6024,,,1.6024,0
513300.SH,20240220,20240208,1.606,1.606,,,1.606,0
513300.SH,20240221,20240219,1.5978,1.5978,,,1.5978,0
513300.SH,20240222,20240220,1.5853,1.5853,,,1.5853,0
513300.SH,20240223,20240221,1.5767,1.5767,,,1.5767,0
513300.SH,20240224,20240222,1.6249,1.6249,,,1.6249,0
513300.SH,20240227,20240223,1.6206,1.6206,,,1.6206,0
513300.SH,20240228,20240226,1.6202,1.6202,,,1.6202,0
513300.SH,20240229,20240227,1.6236,1.6236,,,1.6236,0
513300.SH,20240301,20240228,1.6151,1.6151,,,1.6151,0
513300.SH,20240302,20240229,1.6296,1.6296,,,1.6296,0
513300.SH,20240305,20240301,1.654,1.654,,,1.654,0
513300.SH,20240306,20240304,1.6472,1.6472,,,1.6472,0
513300.SH,20240307,20240305,1.6175,1.6175,,,1.6175,0
513300.SH,20240308,20240306,1.6283,1.6283,,,1.6283,0
513300.SH,20240309,20240307,1.6536,1.6536,,,1.6536,0
513300.SH,20240312,20240308,1.6261,1.6261,,,1.6261,0
513300.SH,20240313,20240311,1.6184,1.6184,,,1.6184,0
513300.SH,20240314,20240312,1.6408,1.6408,,,1.6408,0
513300.SH,20240315,20240313,1.6313,1.6313,,,1.6313,0
513300.SH,20240316,20240314,1.6265,1.6265,,,1.6265,0
513300.SH,20240319,20240315,1.6086,1.6086,,,1.6086,0
513300.SH,20240320,20240318,1.6249,1.6249,,,1.6249,0
513300.SH,20240321,20240319,1.6293,1.6293,,,1.6293,0
513300.SH,20240322,20240320,1.6483,1.6483,,,1.6483,0
513300.SH,20240323,20240321,1.6556,1.6556,,,1.6556,0
513300.SH,20240326,20240322,1.6636,1.6636,,,1.6636,0
513300.SH,20240327,20240325,1.6532,1.6532,,,1.6532,0
513300.SH,20240328,20240326,1.65,1.65,,,1.65,0
513300.SH,20240329,20240327,1.6585,1.6585,,,1.6585,0
513300.SH,20240330,20240328,1.6556,1.6556,,,1.6556,0
513300.SH,20240402,20240329,1.6551,1.6551,,,1.6551,0
513300.SH,20240419,20240331,1.6551,1.6551,,4077549834.35,1.6551,0
513300.SH,20240403,20240401,1.6598,1.6598,,,1.6598,0
513300.SH,20240404,20240402,1.6455,1.6455,,,1.6455,0
513300.SH,20240409,20240403,1.6492,1.6492,,,1.6492,0
513300.SH,20240410,20240408,1.6431,1.6431,,,1.6431,0
513300.SH,20240411,20240409,1.6494,1.6494,,,1.6494,0
513300.SH,20240412,20240410,1.6348,1.6348,,,1.6348,0
513300.SH,20240413,20240411,1.6625,1.6625,,,1.6625,0
513300.SH,20240416,20240412,1.635,1.635,,,1.635,0
513300.SH,20240417,20240415,1.6082,1.6082,,,1.6082,0
513300.SH,20240418,20240416,1.609,1.609,,,1.609,0
513300.SH,20240419,20240417,1.5886,1.5886,,,1.5886,0
513300.SH,20240420,20240418,1.5798,1.5798,,,1.5798,0
513300.SH,20240423,20240419,1.5476,1.5476,,,1.5476,0
513300.SH,20240424,20240422,1.5638,1.5638,,,1.5638,0
513300.SH,20240425,20240423,1.5881,1.5881,,,1.5881,0
513300.SH,20240426,20240424,1.593,1.593,,,1.593,0
513300.SH,20240427,20240425,1.5846,1.5846,,,1.5846,0
513300.SH,20240430,20240426,1.6104,1.6104,,,1.6104,0
513300.SH,20240501,20240429,1.6163,1.6163,,,1.6163,0
513300.SH,20240507,20240430,1.5842,1.5842,,,1.5842,0
513300.SH,20240508,20240506,1.6372,1.6372,,,1.6372,0
513300.SH,20240509,20240507,1.6371,1.6371,,,1.6371,0
513300.SH,20240510,20240508,1.6389,1.6389,,,1.6389,0
513300.SH,20240511,20240509,1.6415,1.6415,,,1.6415,0
513300.SH,20240514,20240510,1.6458,1.6458,,,1.6458,0
513300.SH,20240515,20240513,1.6513,1.6513,,,1.6513,0
513300.SH,20240516,20240514,1.6632,1.6632,,,1.6632,0
513300.SH,20240517,20240515,1.685,1.685,,,1.685,0
513300.SH,20240518,20240516,1.6804,1.6804,,,1.6804,0
513300.SH,20240521,20240517,1.6804,1.6804,,,1.6804,0
513300.SH,20240522,20240520,1.6942,1.6942,,,1.6942,0
513300.SH,20240523,20240521,1.6994,1.6994,,,1.6994,0
513300.SH,20240524,20240522,1.6988,1.6988,,,1.6988,0
513300.SH,20240525,20240523,1.6925,1.6925,,,1.6925,0
513300.SH,20240528,20240524,1.7093,1.7093,,,1.7093,0
513300.SH,20240529,20240527,1.7092,1.7092,,,1.7092,0
513300.SH,20240530,20240528,1.7153,1.7153,,,1.7153,0
513300.SH,20240531,20240529,1.7036,1.7036,,,1.7036,0
513300.SH,20240601,20240530,1.685,1.685,,,1.685,0
513300.SH,20240604,20240531,1.6841,1.6841,,,1.6841,0
513300.SH,20240605,20240603,1.6906,1.6906,,,1.6906,0
513300.SH,20240606,20240604,1.6954,1.6954,,,1.6954,0
513300.SH,20240607,20240605,1.73,1.73,,,1.73,0
513300.SH,20240608,20240606,1.729,1.729,,,1.729,0
513300.SH,20240612,20240607,1.7265,1.7265,,,1.7265,0
513300.SH,20240613,20240611,1.7481,1.7481,,,1.7481,0
513300.SH,20240614,20240612,1.7711,1.7711,,,1.7711,0
513300.SH,20240615,20240613,1.7808,1.7808,,,1.7808,0
513300.SH,20240618,20240614,1.7896,1.7896,,,1.7896,0
513300.SH,20240619,20240617,1.8116,1.8116,,,1.8116,0
513300.SH,20240620,20240618,1.8122,1.8122,,,1.8122,0
513300.SH,20240621,20240619,1.8124,1.8124,,,1.8124,0
513300.SH,20240622,20240620,1.7989,1.7989,,,1.7989,0
513300.SH,20240625,20240621,1.7943,1.7943,,,1.7943,0
513300.SH,20240626,20240624,1.7741,1.7741,,,1.7741,0
513300.SH,20240627,20240625,1.7949,1.7949,,,1.7949,0
513300.SH,20240628,20240626,1.8003,1.8003,,,1.8003,0
513300.SH,20240629,20240627,1.8043,1.8043,,,1.8043,0
513300.SH,20240702,20240628,1.794,1.794,,,1.794,0
513300.SH,20240718,20240630,1.7939,1.7939,,4430449699.14,1.7939,1
513300.SH,20240703,20240701,1.8061,1.8061,,,1.8061,0
513300.SH,20240704,20240702,1.8252,1.8252,,,1.8252,0
513300.SH,20240705,20240703,1.8417,1.8417,,,1.8417,0
513300.SH,20240706,20240704,1.841,1.841,,,1.841,0
513300.SH,20240709,20240705,1.8589,1.8589,,,1.8589,0
513300.SH,20240710,20240708,1.8637,1.8637,,,1.8637,0
513300.SH,20240711,20240709,1.8654,1.8654,,,1.8654,0
513300.SH,20240712,20240710,1.8868,1.8868,,,1.8868,0
513300.SH,20240713,20240711,1.8431,1.8431,,,1.8431,0
513300.SH,20240716,20240712,1.8512,1.8512,,,1.8512,0
513300.SH,20240717,20240715,1.8571,1.8571,,,1.8571,0
513300.SH,20240718,20240716,1.8587,1.8587,,,1.8587,0
513300.SH,20240719,20240717,1.804,1.804,,,1.804,0
513300.SH,20240720,20240718,1.7935,1.7935,,,1.7935,0
513300.SH,20240723,20240719,1.7791,1.7791,,,1.7791,0
513300.SH,20240724,20240722,1.8079,1.8079,,,1.8079,0
513300.SH,20240725,20240723,1.8017,1.8017,,,1.8017,0
513300.SH,20240726,20240724,1.7361,1.7361,,,1.7361,0
513300.SH,20240727,20240725,1.706,1.706,,,1.706,0
513300.SH,20240730,20240726,1.7291,1.7291,,,1.7291,0
513300.SH,20240731,20240729,1.7339,1.7339,,,1.7339,0
513300.SH,20240801,20240730,1.7093,1.7093,,,1.7093,0
513300.SH,20240802,20240731,1.7532,1.7532,,,1.7532,0
513300.SH,20240803,20240801,1.7152,1.7152,,,1.7152,0
513300.SH,20240806,20240802,1.6679,1.6679,,,1.6679,0
513300.SH,20240807,20240805,1.6025,1.6025,,,1.6025,0
513300.SH,20240808,20240806,1.6193,1.6193,,,1.6193,0
513300.SH,20240809,20240807,1.6091,1.6091,,,1.6091,0
513300.SH,20240810,20240808,1.6529,1.6529,,,1.6529,0
513300.SH,20240813,20240809,1.6649,1.6649,,,1.6649,0
513300.SH,20240814,20240812,1.6684,1.6684,,,1.6684,0
513300.SH,20240815,20240813,1.7088,1.7088,,,1.7088,0
513300.SH,20240816,20240814,1.7041,1.7041,,,1.7041,0
513300.SH,20240817,20240815,1.749,1.749,,,1.749,0
513300.SH,20240820,20240816,1.7544,1.7544,,,1.7544,0
513300.SH,20240821,20240819,1.7697,1.7697,,,1.7697,0
513300.SH,20240822,20240820,1.7658,1.7658,,,1.7658,0
513300.SH,20240823,20240821,1.7738,1.7738,,,1.7738,0
513300.SH,20240824,20240822,1.7433,1.7433,,,1.7433,0
513300.SH,20240827,20240823,1.7647,1.7647,,,1.7647,0
513300.SH,20240828,20240826,1.7422,1.7422,,,1.7422,0
513300.SH,20240829,20240827,1.7503,1.7503,,,1.7503,0
513300.SH,20240830,20240828,1.7292,1.7292,,,1.7292,0
513300.SH,20240831,20240829,1.7218,1.7218,,,1.7218,0
513300.SH,20240903,20240830,1.7387,1.7387,,,1.7387,0
513300.SH,20240904,20240902,1.7441,1.7441,,,1.7441,0
513300.SH,20240905,20240903,1.6912,1.6912,,,1.6912,0
513300.SH,20240906,20240904,1.6869,1.6869,,,1.6869,0
513300.SH,20240907,20240905,1.685,1.685,,,1.685,0
513300.SH,20240910,20240906,1.6364,1.6364,,,1.6364,0
513300.SH,20240911,20240909,1.664,1.664,,,1.664,0
513300.SH,20240912,20240910,1.6809,1.6809,,,1.6809,0
513300.SH,20240913,20240911,1.7156,1.7156,,,1.7156,0
513300.SH,20240914,20240912,1.7347,1.7347,,,1.7347,0
513300.SH,20240919,20240913,1.7363,1.7363,,,1.7363,0
513300.SH,20240920,20240918,1.7196,1.7196,,,1.7196,0
513300.SH,20240921,20240919,1.7587,1.7587,,,1.7587,0
513300.SH,20240924,20240920,1.75,1.75,,,1.75,0
513300.SH,20240925,20240923,1.7566,1.7566,,,1.7566,0
513300.SH,20240926,20240924,1.7595,1.7595,,,1.7595,0
513300.SH,20240927,20240925,1.7576,1.7576,,,1.7576,0
513300.SH,20240928,20240926,1.7703,1.7703,,,1.7703,0
513300.SH,20241001,20240927,1.7589,1.7589,,,1.7589,0
513300.SH,20241025,20240930,1.7634,1.7634,,4436927454.11,1.7634,1
513300.SH,20241010,20241008,1.7765,1.7765,,,1.7765,0
513300.SH,20241011,20241009,1.7948,1.7948,,,1.7948,0
513300.SH,20241012,20241010,1.7945,1.7945,,,1.7945,0
513300.SH,20241015,20241011,1.7959,1.7959,,,1.7959,0
513300.SH,20241016,20241014,1.8139,1.8139,,,1.8139,0
513300.SH,20241017,20241015,1.7989,1.7989,,,1.7989,0
513300.SH,20241018,20241016,1.7997,1.7997,,,1.7997,0
513300.SH,20241019,20241017,1.8034,1.8034,,,1.8034,0
513300.SH,20241022,20241018,1.8106,1.8106,,,1.8106,0
513300.SH,20241023,20241021,1.8154,1.8154,,,1.8154,0
513300.SH,20241024,20241022,1.8191,1.8191,,,1.8191,0
513300.SH,20241025,20241023,1.792,1.792,,,1.792,0
513300.SH,20241026,20241024,1.803,1.803,,,1.803,0
513300.SH,20241029,20241025,1.8167,1.8167,,,1.8167,0
513300.SH,20241030,20241028,1.8179,1.8179,,,1.8179,0
513300.SH,20241031,20241029,1.8389,1.8389,,,1.8389,0
513300.SH,20241101,20241030,1.8204,1.8204,,,1.8204,0
513300.SH,20241102,20241031,1.7744,1.7744,,,1.7744,0
513300.SH,20241105,20241101,1.7882,1.7882,,,1.7882,0
513300.SH,20241106,20241104,1.7756,1.7756,,,1.7756,0
513300.SH,20241107,20241105,1.8008,1.8008,,,1.8008,0
513300.SH,20241108,20241106,1.8637,1.8637,,,1.8637,0
513300.SH,20241109,20241107,1.8939,1.8939,,,1.8939,0
513300.SH,20241112,20241108,1.8929,1.8929,,,1.8929,0
513300.SH,20241113,20241111,1.9006,1.9006,,,1.9006,0
513300.SH,20241114,20241112,1.9097,1.9097,,,1.9097,0
513300.SH,20241115,20241113,1.9041,1.9041,,,1.9041,0
513300.SH,20241116,20241114,1.8948,1.8948,,,1.8948,0
513300.SH,20241119,20241115,1.8473,1.8473,,,1.8473,0
513300.SH,20241120,20241118,1.8641,1.8641,,,1.8641,0
513300.SH,20241121,20241119,1.8767,1.8767,,,1.8767,0
513300.SH,20241122,20241120,1.8749,1.8749,,,1.8749,0
513300.SH,20241123,20241121,1.8817,1.8817,,,1.8817,0
513300.SH,20241126,20241122,1.8864,1.8864,,,1.8864,0
513300.SH,20241127,20241125,1.8888,1.8888,,,1.8888,0
513300.SH,20241128,20241126,1.9023,1.9023,,,1.9023,0
513300.SH,20241129,20241127,1.8846,1.8846,,,1.8846,0
513300.SH,20241130,20241128,1.8847,1.8847,,,1.8847,0
513300.SH,20241203,20241129,1.8955,1.8955,,,1.8955,0
513300.SH,20241204,20241202,1.927,1.927,,,1.927,0
513300.SH,20241205,20241203,1.9366,1.9366,,,1.9366,0
513300.SH,20241206,20241204,1.9579,1.9579,,,1.9579,0
513300.SH,20241207,20241205,1.9503,1.9503,,,1.9503,0
513300.SH,20241210,20241206,1.9662,1.9662,,,1.9662,0
513300.SH,20241211,20241209,1.9539,1.9539,,,1.9539,0
513300.SH,20241212,20241210,1.9399,1.9399,,,1.9399,0
513300.SH,20241213,20241211,1.9812,1.9812,,,1.9812,0
513300.SH,20241214,20241212,1.9667,1.9667,,,1.9667,0
513300.SH,20241217,20241213,1.9858,1.9858,,,1.9858,0
513300.SH,20241218,20241216,2.0155,2.0155,,,2.0155,0
513300.SH,20241219,20241217,2.007,2.007,,,2.007,0
513300.SH,20241220,20241218,1.9352,1.9352,,,1.9352,0
513300.SH,20241221,20241219,1.9297,1.9297,,,1.9297,0
513300.SH,20241224,20241220,1.9457,1.9457,,,1.9457,0
513300.SH,20241225,20241223,1.9654,1.9654,,,1.9654,0
513300.SH,20241226,20241224,1.9922,1.9922,,,1.9922,0
513300.SH,20241227,20241225,1.992,1.992,,,1.992,0
513300.SH,20241228,20241226,1.9895,1.9895,,,1.9895,0
513300.SH,20241231,20241227,1.9624,1.9624,,,1.9624,0
513300.SH,20250101,20241230,1.9371,1.9371,,,1.9371,0
513300.SH,20250122,20241231,1.9203,1.9203,,5099706845.09,1.9203,1
513300.SH,20250104,20250102,1.9168,1.9168,,,1.9168,0
513300.SH,20250107,20250103,1.9514,1.9514,,,1.9514,0
513300.SH,20250108,20250106,1.978,1.978,,,1.978,0
513300.SH,20250109,20250107,1.942,1.942,,,1.942,0
513300.SH,20250110,20250108,1.944,1.944,,,1.944,0
513300.SH,20250111,20250109,1.9439,1.9439,,,1.9439,0
513300.SH,20250114,20250110,1.9135,1.9135,,,1.9135,0
513300.SH,20250115,20250113,1.9073,1.9073,,,1.9073,0
513300.SH,20250116,20250114,1.9045,1.9045,,,1.9045,0
513300.SH,20250117,20250115,1.9488,1.9488,,,1.9488,0
513300.SH,20250118,20250116,1.9352,1.9352,,,1.9352,0
513300.SH,20250121,20250117,1.9664,1.9664,,,1.9664,0
513300.SH,20250122,20250120,1.963,1.963,,,1.963,0
513300.SH,20250123,20250121,1.9637,1.9637,,,1.9637,0
513300.SH,20250124,20250122,1.9915,1.9915,,,1.9915,0
513300.SH,20250125,20250123,1.9966,1.9966,,,1.9966,0
513300.SH,20250128,20250124,1.9754,1.9754,,,1.9754,0
513300.SH,20250206,20250127,1.9206,1.9206,,,1.9206,0
513300.SH,20250207,20250205,1.9707,1.9707,,,1.9707,0
513300.SH,20250208,20250206,1.9844,1.9844,,,1.9844,0
513300.SH,20250211,20250207,1.9591,1.9591,,,1.9591,0
513300.SH,20250212,20250210,1.9887,1.9887,,,1.9887,0
513300.SH,20250213,20250211,1.983,1.983,,,1.983,0
513300.SH,20250214,20250212,1.9854,1.9854,,,1.9854,0
513300.SH,20250215,20250213,2.0096,2.0096,,,2.0096,0
513300.SH,20250218,20250214,2.0121,2.0121,,,2.0121,0
513300.SH,20250219,20250217,2.0071,2.0071,,,2.0071,0
513300.SH,20250220,20250218,2.019,2.019,,,2.019,0
513300.SH,20250221,20250219,2.0208,2.0208,,,2.0208,0
513300.SH,20250222,20250220,2.0074,2.0074,,,2.0074,0
513300.SH,20250225,20250221,1.9599,1.9599,,,1.9599,0
513300.SH,20250226,20250224,1.9359,1.9359,,,1.9359,0
513300.SH,20250227,20250225,1.9163,1.9163,,,1.9163,0
513300.SH,20250228,20250226,1.9186,1.9186,,,1.9186,0
513300.SH,20250301,20250227,1.8685,1.8685,,,1.8685,0
513300.SH,20250304,20250228,1.9033,1.9033,,,1.9033,0
513300.SH,20250305,20250303,1.8633,1.8633,,,1.8633,0
513300.SH,20250306,20250304,1.854,1.854,,,1.854,0
513300.SH,20250307,20250305,1.8732,1.8732,,,1.8732,0
513300.SH,20250308,20250306,1.8167,1.8167,,,1.8167,0
513300.SH,20250311,20250307,1.831,1.831,,,1.831,0
513300.SH,20250312,20250310,1.7658,1.7658,,,1.7658,0
513300.SH,20250313,20250311,1.7528,1.7528,,,1.7528,0
513300.SH,20250314,20250312,1.7759,1.7759,,,1.7759,0
513300.SH,20250315,20250313,1.7419,1.7419,,,1.7419,0
513300.SH,20250318,20250314,1.7834,1.7834,,,1.7834,0
513300.SH,20250319,20250317,1.7946,1.7946,,,1.7946,0
513300.SH,20250320,20250318,1.7615,1.7615,,,1.7615,0
513300.SH,20250321,20250319,1.787,1.787,,,1.787,0
513300.SH,20250322,20250320,1.7819,1.7819,,,1.7819,0
513300.SH,20250325,20250321,1.7909,1.7909,,,1.7909,0
513300.SH,20250326,20250324,1.831,1.831,,,1.831,0
513300.SH,20250327,20250325,1.843,1.843,,,1.843,0
513300.SH,20250328,20250326,1.8096,1.8096,,,1.8096,0
513300.SH,20250329,20250327,1.7989,1.7989,,,1.7989,0
513300.SH,20250401,20250328,1.7514,1.7514,,,1.7514,0
513300.SH,20250422,20250331,1.7484,1.7484,,6334783353.54,1.7484,1
513300.SH,20250403,20250401,1.7667,1.7667,,,1.7667,0
513300.SH,20250404,20250402,1.7809,1.7809,,,1.7809,0
513300.SH,20250408,20250403,1.6917,1.6917,,,1.6917,0
513300.SH,20250409,20250407,1.594,1.594,,,1.594,0
513300.SH,20250410,20250408,1.568,1.568,,,1.568,0
513300.SH,20250411,20250409,1.7594,1.7594,,,1.7594,0
513300.SH,20250412,20250410,1.6846,1.6846,,,1.6846,0
513300.SH,20250415,20250411,1.7106,1.7106,,,1.7106,0
513300.SH,20250416,20250414,1.7163,1.7163,,,1.7163,0
513300.SH,20250417,20250415,1.7214,1.7214,,,1.7214,0
513300.SH,20250418,20250416,1.6718,1.6718,,,1.6718,0
513300.SH,20250419,20250417,1.6662,1.6662,,,1.6662,0
513300.SH,20250422,20250418,1.6659,1.6659,,,1.6659,0
513300.SH,20250423,20250421,1.6221,1.6221,,,1.6221,0
513300.SH,20250424,20250422,1.6707,1.6707,,,1.6707,0
513300.SH,20250425,20250423,1.7045,1.7045,,,1.7045,0
513300.SH,20250426,20250424,1.7524,1.7524,,,1.7524,0
513300.SH,20250429,20250425,1.7699,1.7699,,,1.7699,0
513300.SH,20250430,20250428,1.7724,1.7724,,,1.7724,0
513300.SH,20250501,20250429,1.774,1.774,,,1.774,0
513300.SH,20250507,20250430,1.7768,1.7768,,,1.7768,0
513300.SH,20250508,20250506,1.7846,1.7846,,,1.7846,0
513300.SH,20250509,20250507,1.7946,1.7946,,,1.7946,0
513300.SH,20250510,20250508,1.8144,1.8144,,,1.8144,0
513300.SH,20250513,20250509,1.8166,1.8166,,,1.8166,0
513300.SH,20250514,20250512,1.8814,1.8814,,,1.8814,0
513300.SH,20250515,20250513,1.9069,1.9069,,,1.9069,0
513300.SH,20250516,20250514,1.9211,1.9211,,,1.9211,0
513300.SH,20250517,20250515,1.9227,1.9227,,,1.9227,0
513300.SH,20250520,20250516,1.9291,1.9291,,,1.9291,0
513300.SH,20250521,20250519,1.9342,1.9342,,,1.9342,0
513300.SH,20250522,20250520,1.9283,1.9283,,,1.9283,0
513300.SH,20250523,20250521,1.899,1.899,,,1.899,0
513300.SH,20250524,20250522,1.9015,1.9015,,,1.9015,0
513300.SH,20250527,20250523,1.8794,1.8794,,,1.8794,0
513300.SH,20250528,20250526,1.8782,1.8782,,,1.8782,0
513300.SH,20250529,20250527,1.9257,1.9257,,,1.9257,0
513300.SH,20250530,20250528,1.9162,1.9162,,,1.9162,0
513300.SH,20250531,20250529,1.9196,1.9196,,,1.9196,0
513300.SH,20250604,20250530,1.9197,1.9197,,,1.9197,0
513300.SH,20250605,20250603,1.9468,1.9468,,,1.9468,0
513300.SH,20250606,20250604,1.9521,1.9521,,,1.9521,0
513300.SH,20250607,20250605,1.9347,1.9347,,,1.9347,0
513300.SH,20250610,20250606,1.9544,1.9544,,,1.9544,0
513300.SH,20250611,20250609,1.9573,1.9573,,,1.9573,0
513300.SH,20250612,20250610,1.9717,1.9717,,,1.9717,0
513300.SH,20250613,20250611,1.9636,1.9636,,,1.9636,0
513300.SH,20250614,20250612,1.9674,1.9674,,,1.9674,0
513300.SH,20250617,20250613,1.9419,1.9419,,,1.9419,0
513300.SH,20250618,20250616,1.9689,1.9689,,,1.9689,0
513300.SH,20250619,20250617,1.9499,1.9499,,,1.9499,0
513300.SH,20250620,20250618,1.9509,1.9509,,,1.9509,0
513300.SH,20250621,20250619,1.9523,1.9523,,,1.9523,0
513300.SH,20250624,20250620,1.9422,1.9422,,,1.9422,0
513300.SH,20250625,20250623,1.963,1.963,,,1.963,0
513300.SH,20250626,20250624,1.9908,1.9908,,,1.9908,0
513300.SH,20250627,20250625,1.9933,1.9933,,,1.9933,0
513300.SH,20250628,20250626,2.0109,2.0109,,,2.0109,0
513300.SH,20250701,20250627,2.0191,2.0191,,,2.0191,0
513300.SH,20250721,20250630,2.0309,2.0309,,9612804730.08,2.0309,1
513300.SH,20250703,20250701,2.0122,2.0122,,,2.0122,0
513300.SH,20250704,20250702,2.0282,2.0282,,,2.0282,0
513300.SH,20250705,20250703,2.0468,2.0468,,,2.0468,0
513300.SH,20250708,20250704,2.0476,2.0476,,,2.0476,0
513300.SH,20250709,20250707,2.0336,2.0336,,,2.0336,0
513300.SH,20250710,20250708,2.0347,2.0347,,,2.0347,0
513300.SH,20250711,20250709,2.0524,2.0524,,,2.0524,0
513300.SH,20250712,20250710,2.0478,2.0478,,,2.0478,0
513300.SH,20250715,20250711,2.0412,2.0412,,,2.0412,0
513300.SH,20250716,20250714,2.0474,2.0474,,,2.0474,0
513300.SH,20250717,20250715,2.0514,2.0514,,,2.0514,0
513300.SH,20250718,20250716,2.0547,2.0547,,,2.0547,0
513300.SH,20250719,20250717,2.0705,2.0705,,,2.0705,0
513300.SH,20250722,20250718,2.069,2.069,,,2.069,0
513300.SH,20250723,20250721,2.0781,2.0781,,,2.0781,0
513300.SH,20250724,20250722,2.068,2.068,,,2.068,0
513300.SH,20250725,20250723,2.0729,2.0729,,,2.0729,0
513300.SH,20250726,20250724,2.0751,2.0751,,,2.0751,0
513300.SH,20250729,20250725,2.0836,2.0836,,,2.0836,0
513300.SH,20250730,20250728,2.0933,2.0933,,,2.0933,0
513300.SH,20250731,20250729,2.0897,2.0897,,,2.0897,0
513300.SH,20250801,20250730,2.0938,2.0938,,,2.0938,0
513300.SH,20250802,20250731,2.0862,2.0862,,,2.0862,0
513300.SH,20250805,20250801,2.0504,2.0504,,,2.0504,0
513300.SH,20250806,20250804,2.0789,2.0789,,,2.0789,0
513300.SH,20250807,20250805,2.0666,2.0666,,,2.0666,0
513300.SH,20250808,20250806,2.0937,2.0937,,,2.0937,0
513300.SH,20250809,20250807,2.0968,2.0968,,,2.0968,0
513300.SH,20250812,20250808,2.1182,2.1182,,,2.1182,0
513300.SH,20250813,20250811,2.1106,2.1106,,,2.1106,0
513300.SH,20250814,20250812,2.1408,2.1408,,,2.1408,0
513300.SH,20250815,20250813,2.1378,2.1378,,,2.1378,0
513300.SH,20250816,20250814,2.1356,2.1356,,,2.1356,0
513300.SH,20250819,20250815,2.1274,2.1274,,,2.1274,0
513300.SH,20250820,20250818,2.1268,2.1268,,,2.1268,0
513300.SH,20250821,20250819,2.0979,2.0979,,,2.0979,0
513300.SH,20250822,20250820,2.0844,2.0844,,,2.0844,0
513300.SH,20250823,20250821,2.0749,2.0749,,,2.0749,0
513300.SH,20250826,20250822,2.108,2.108,,,2.108,0
513300.SH,20250827,20250825,2.0924,2.0924,,,2.0924,0
513300.SH,20250828,20250826,2.1046,2.1046,,,2.1046,0
513300.SH,20250829,20250827,2.1075,2.1075,,,2.1075,0
513300.SH,20250830,20250828,2.1135,2.1135,,,2.1135,0
513300.SH,20250902,20250829,2.0854,2.0854,,,2.0854,0
513300.SH,20250903,20250901,2.086,2.086,,,2.086,0
513300.SH,20250904,20250902,2.0743,2.0743,,,2.0743,0
513300.SH,20250905,20250903,2.09,2.09,,,2.09,0
513300.SH,20250906,20250904,2.1076,2.1076,,,2.1076,0
513300.SH,20250909,20250905,2.1087,2.1087,,,2.1087,0
513300.SH,20250910,20250908,2.117,2.117,,,2.117,0
513300.SH,20250911,20250909,2.1218,2.1218,,,2.1218,0
513300.SH,20250912,20250910,2.1215,2.1215,,,2.1215,0
513300.SH,20250913,20250911,2.1346,2.1346,,,2.1346,0
513300.SH,20250916,20250912,2.1428,2.1428,,,2.1428,0
513300.SH,20250917,20250915,2.1615,2.1615,,,2.1615,0
513300.SH,20250918,20250916,2.1572,2.1572,,,2.1572,0
513300.SH,20250919,20250917,2.1508,2.1508,,,2.1508,0
513300.SH,20250920,20250918,2.1709,2.1709,,,2.1709,0
513300.SH,20250923,20250919,2.1875,2.1875,,,2.1875,0
513300.SH,20250924,20250922,2.2009,2.2009,,,2.2009,0
513300.SH,20250925,20250923,2.1843,2.1843,,,2.1843,0
513300.SH,20250926,20250924,2.1787,2.1787,,,2.1787,0
513300.SH,20250927,20250925,2.1716,2.1716,,,2.1716,0
513300.SH,20250930,20250926,2.1834,2.1834,,,2.1834,0
513300.SH,20251001,20250929,2.1877,2.1877,,,2.1877,0
513300.SH,20251028,20250930,2.195,2.195,,11101957613.19,2.195,1
513300.SH,20251011,20251009,2.2338,2.2338,,,2.2338,0
513300.SH,20251014,20251010,2.1551,2.1551,,,2.1551,0
513300.SH,20251015,20251013,2.2039,2.2039,,,2.2039,0
513300.SH,20251016,20251014,2.1918,2.1918,,,2.1918,0
513300.SH,20251017,20251015,2.2015,2.2015,,,2.2015,0
513300.SH,20251018,20251016,2.1936,2.1936,,,2.1936,0
513300.SH,20251021,20251017,2.2082,2.2082,,,2.2082,0
513300.SH,20251022,20251020,2.2357,2.2357,,,2.2357,0
513300.SH,20251023,20251021,2.2328,2.2328,,,2.2328,0
513300.SH,20251024,20251022,2.2126,2.2126,,,2.2126,0
513300.SH,20251025,20251023,2.2317,2.2317,,,2.2317,0
513300.SH,20251028,20251024,2.2547,2.2547,,,2.2547,0
513300.SH,20251029,20251027,2.2923,2.2923,,,2.2923,0
513300.SH,20251030,20251028,2.3054,2.3054,,,2.3054,0
513300.SH,20251031,20251029,2.3143,2.3143,,,2.3143,0
513300.SH,20251101,20251030,2.2832,2.2832,,,2.2832,0
513300.SH,20251104,20251031,2.2962,2.2962,,,2.2962,0
513300.SH,20251105,20251103,2.3073,2.3073,,,2.3073,0
513300.SH,20251106,20251104,2.2622,2.2622,,,2.2622,0
513300.SH,20251107,20251105,2.2792,2.2792,,,2.2792,0
513300.SH,20251108,20251106,2.2341,2.2341,,,2.2341,0
513300.SH,20251111,20251107,2.2278,2.2278,,,2.2278,0
513300.SH,20251112,20251110,2.2756,2.2756,,,2.2756,0
513300.SH,20251113,20251111,2.2694,2.2694,,,2.2694,0
513300.SH,20251114,20251112,2.2669,2.2669,,,2.2669,0
513300.SH,20251115,20251113,2.2135,2.2135,,,2.2135,0
513300.SH,20251118,20251114,2.2158,2.2158,,,2.2158,0
513300.SH,20251119,20251117,2.199,2.199,,,2.199,0
513300.SH,20251120,20251118,2.1753,2.1753,,,2.1753,0
513300.SH,20251121,20251119,2.1864,2.1864,,,2.1864,0
513300.SH,20251122,20251120,2.1367,2.1367,,,2.1367,0
513300.SH,20251125,20251121,2.1522,2.1522,,,2.1522,0
513300.SH,20251126,20251124,2.2066,2.2066,,,2.2066,0
513300.SH,20251127,20251125,2.2157,2.2157,,,2.2157,0
513300.SH,20251128,20251126,2.2304,2.2304,,,2.2304,0
513300.SH,20251129,20251127,2.2306,2.2306,,,2.2306,0
513300.SH,20251202,20251128,2.247,2.247,,,2.247,0
513300.SH,20251203,20251201,2.2368,2.2368,,,2.2368,0
513300.SH,20251204,20251202,2.2549,2.2549,,,2.2549,0
513300.SH,20251205,20251203,2.2577,2.2577,,,2.2577,0
513300.SH,20251206,20251204,2.2569,2.2569,,,2.2569,0
513300.SH,20251209,20251205,2.267,2.267,,,2.267,0
513300.SH,20251210,20251208,2.2616,2.2616,,,2.2616,0
513300.SH,20251211,20251209,2.2654,2.2654,,,2.2654,0
513300.SH,20251212,20251210,2.2722,2.2722,,,2.2722,0
513300.SH,20251213,20251211,2.2632,2.2632,,,2.2632,0
513300.SH,20251216,20251212,2.2189,2.2189,,,2.2189,0
513300.SH,20251217,20251215,2.2053,2.2053,,,2.2053,0
513300.SH,20251218,20251216,2.2089,2.2089,,,2.2089,0
513300.SH,20251219,20251217,2.1672,2.1672,,,2.1672,0
513300.SH,20251220,20251218,2.1987,2.1987,,,2.1987,0
513300.SH,20251223,20251219,2.2272,2.2272,,,2.2272,0
513300.SH,20251224,20251222,2.2362,2.2362,,,2.2362,0
513300.SH,20251225,20251223,2.2443,2.2443,,,2.2443,0
513300.SH,20251226,20251224,2.246,2.246,,,2.246,0
513300.SH,20251227,20251225,2.2434,2.2434,,,2.2434,0
513300.SH,20251230,20251226,2.243,2.243,,,2.243,0
513300.SH,20251231,20251229,2.2323,2.2323,,,2.2323,0
513300.SH,20260101,20251230,2.2209,2.2209,,,2.2209,0
513300.SH,20260122,20251231,2.203,2.203,,11253329357.74,2.203,1
513300.SH,20260107,20260105,2.2124,2.2124,,,2.2124,0
513300.SH,20260108,20260106,2.233,2.233,,,2.233,0
513300.SH,20260109,20260107,2.2377,2.2377,,,2.2377,0
513300.SH,20260110,20260108,2.2222,2.2222,,,2.2222,0
513300.SH,20260113,20260109,2.2445,2.2445,,,2.2445,0
513300.SH,20260114,20260112,2.2438,2.2438,,,2.2438,0
513300.SH,20260115,20260113,2.2404,2.2404,,,2.2404,0
513300.SH,20260116,20260114,2.2154,2.2154,,,2.2154,0
513300.SH,20260117,20260115,2.2218,2.2218,,,2.2218,0
513300.SH,20260120,20260116,2.2193,2.2193,,,2.2193,0
513300.SH,20260121,20260119,2.2175,2.2175,,,2.2175,0
513300.SH,20260122,20260120,2.1689,2.1689,,,2.1689,0
513300.SH,20260123,20260121,2.1993,2.1993,,,2.1993,0
513300.SH,20260124,20260122,2.2157,2.2157,,,2.2157,0
513300.SH,20260127,20260123,2.2237,2.2237,,,2.2237,0
513300.SH,20260128,20260126,2.2306,2.2306,,,2.2306,0
513300.SH,20260129,20260127,2.25,2.25,,,2.25,0
513300.SH,20260130,20260128,2.2535,2.2535,,,2.2535,0
513300.SH,20260131,20260129,2.2419,2.2419,,,2.2419,0
513300.SH,20260203,20260130,2.2139,2.2139,,,2.2139,0
513300.SH,20260204,20260202,2.2308,2.2308,,,2.2308,0
513300.SH,20260205,20260203,2.1913,2.1913,,,2.1913,0
513300.SH,20260206,20260204,2.1527,2.1527,,,2.1527,0
513300.SH,20260207,20260205,2.1246,2.1246,,,2.1246,0
513300.SH,20260210,20260206,2.1696,2.1696,,,2.1696,0
513300.SH,20260211,20260209,2.1825,2.1825,,,2.1825,0
513300.SH,20260212,20260210,2.1655,2.1655,,,2.1655,0
513300.SH,20260213,20260211,2.1713,2.1713,,,2.1713,0
513300.SH,20260214,20260212,2.1243,2.1243,,,2.1243,0
513300.SH,20260225,20260213,2.1307,2.1307,,,2.1307,0
513300.SH,20260226,20260224,2.1453,2.1453,,,2.1453,0
513300.SH,20260227,20260225,2.1685,2.1685,,,2.1685,0
513300.SH,20260228,20260226,2.1342,2.1342,,,2.1342,0
513300.SH,20260303,20260227,2.133,2.133,,,2.133,0
513300.SH,20260304,20260302,2.1445,2.1445,,,2.1445,0
513300.SH,20260305,20260303,2.1255,2.1255,,,2.1255,0
513300.SH,20260306,20260304,2.1622,2.1622,,,2.1622,0
513300.SH,20260307,20260305,2.151,2.151,,,2.151,0
513300.SH,20260310,20260306,2.1195,2.1195,,,2.1195,0
513300.SH,20260311,20260309,2.1527,2.1527,,,2.1527,0
513300.SH,20260312,20260310,2.1382,2.1382,,,2.1382,0
513300.SH,20260313,20260311,2.1375,2.1375,,,2.1375,0
513300.SH,20260314,20260312,2.1032,2.1032,,,2.1032,0
513300.SH,20260317,20260313,2.0968,2.0968,,,2.0968,0
513300.SH,20260318,20260316,2.1221,2.1221,,,2.1221,0
513300.SH,20260319,20260317,2.1283,2.1283,,,2.1283,0
513300.SH,20260320,20260318,2.0938,2.0938,,,2.0938,0
513300.SH,20260321,20260319,2.0958,2.0958,,,2.0958,0
513300.SH,20260324,20260320,2.0509,2.0509,,,2.0509,0
513300.SH,20260325,20260323,2.0827,2.0827,,,2.0827,0
513300.SH,20260326,20260324,2.0603,2.0603,,,2.0603,0
513300.SH,20260327,20260325,2.0786,2.0786,,,2.0786,0
513300.SH,20260328,20260326,2.0302,2.0302,,,2.0302,0
513300.SH,20260331,20260327,1.9935,1.9935,,,1.9935,0
513300.SH,20260401,20260330,1.9777,1.9777,,,1.9777,0
513300.SH,20260422,20260331,2.044,2.044,,10525594327.11,2.044,1
513300.SH,20260403,20260401,2.0597,2.0597,,,2.0597,0
513300.SH,20260404,20260402,2.0658,2.0658,,,2.0658,0
513300.SH,20260408,20260403,2.062,2.062,,,2.062,0
513300.SH,20260409,20260407,2.0722,2.0722,,,2.0722,0
513300.SH,20260410,20260408,2.119,2.119,,,2.119,0
513300.SH,20260411,20260409,2.1381,2.1381,,,2.1381,0
513300.SH,20260414,20260410,2.14,2.14,,,2.14,0
513300.SH,20260415,20260413,2.1624,2.1624,,,2.1624,0
513300.SH,20260416,20260414,2.1958,2.1958,,,2.1958,0
513300.SH,20260417,20260415,2.2271,2.2271,,,2.2271,0
513300.SH,20260418,20260416,2.2377,2.2377,,,2.2377,0
513300.SH,20260421,20260417,2.2699,2.2699,,,2.2699,0
513300.SH,20260422,20260420,2.2602,2.2602,,,2.2602,0
513300.SH,20260423,20260421,2.2493,2.2493,,,2.2493,0
513300.SH,20260424,20260422,2.29,2.29,,,2.29,0
513300.SH,20260425,20260423,2.2809,2.2809,,,2.2809,0
513300.SH,20260428,20260424,2.3254,2.3254,,,2.3254,0
513300.SH,20260429,20260427,2.3223,2.3223,,,2.3223,0
513300.SH,20260430,20260428,2.3025,2.3025,,,2.3025,0
513300.SH,20260501,20260429,2.3141,2.3141,,,2.3141,0
513300.SH,20260507,20260430,2.338,2.338,,,2.338,0
513300.SH,20260508,20260506,2.4289,2.4289,,,2.4289,0
513300.SH,20260509,20260507,2.421,2.421,,,2.421,0
513300.SH,20260512,20260508,2.4783,2.4783,,,2.4783,0
513300.SH,20260513,20260511,2.4829,2.4829,,,2.4829,0
513300.SH,20260514,20260512,2.461,2.461,,,2.461,0
513300.SH,20260515,20260513,2.4851,2.4851,,,2.4851,0
513300.SH,20260516,20260514,2.5019,2.5019,,,2.5019,0
513300.SH,20260519,20260515,2.4694,2.4694,,,2.4694,0
513300.SH,20260520,20260518,2.4578,2.4578,,,2.4578,0
513300.SH,20260521,20260519,2.4434,2.4434,,,2.4434,0
513300.SH,20260522,20260520,2.4847,2.4847,,,2.4847,0
513300.SH,20260523,20260521,2.489,2.489,,,2.489,0
513300.SH,20260526,20260522,2.4964,2.4964,,,2.4964,0
513300.SH,20260527,20260525,2.4924,2.4924,,,2.4924,0
513300.SH,20260528,20260526,2.5371,2.5371,,,2.5371,0
513300.SH,20260529,20260527,2.5333,2.5333,,,2.5333,0
513300.SH,20260530,20260528,2.5536,2.5536,,,2.5536,0
513300.SH,20260602,20260529,2.5584,2.5584,,,2.5584,0
513300.SH,20260603,20260601,2.5724,2.5724,,,2.5724,0
513300.SH,20260603,20260602,2.5835,2.5835,,,2.5835,0
513300.SH,20260604,20260603,2.5794,2.5794,,,2.5794,0
513300.SH,20260605,20260604,2.5678,2.5678,,,2.5678,0
513300.SH,20260608,20260605,2.4444,2.4444,,,2.4444,0
513300.SH,20260609,20260608,2.4868,2.4868,,,2.4868,0
513300.SH,20260610,20260609,2.4547,2.4547,,,2.4547,0
513300.SH,20260611,20260610,2.4074,2.4074,,,2.4074,0
513300.SH,20260612,20260611,2.4868,2.4868,,,2.4868,0
513300.SH,20260615,20260612,2.4974,2.4974,,,2.4974,0
513300.SH,20260616,20260615,2.5718,2.5718,,,2.5718,0
513300.SH,20260617,20260616,2.5238,2.5238,,,2.5238,0
513300.SH,20260618,20260617,2.4983,2.4983,,,2.4983,0
513300.SH,20260622,20260618,2.5617,2.5617,,,2.5617,0
513300.SH,20260623,20260622,2.5626,2.5626,,,2.5626,0
513300.SH,20260624,20260623,2.4815,2.4815,,,2.4815,0
513300.SH,20260625,20260624,2.477,2.477,,,2.477,0
513300.SH,20260626,20260625,2.4942,2.4942,,,2.4942,0
513300.SH,20260629,20260626,2.4677,2.4677,,,2.4677,0
513300.SH,20260630,20260629,2.5196,2.5196,,,2.5196,0
513300.SH,20260701,20260630,2.5588,2.5588,,,2.5588,0
513300.SH,20260702,20260701,2.5228,2.5228,,,2.5228,0
513300.SH,20260703,20260702,2.4799,2.4799,,,2.4799,0
513300.SH,20260706,20260703,2.4774,2.4774,,,2.4774,0
513300.SH,20260707,20260706,2.5124,2.5124,,,2.5124,0
513300.SH,20260708,20260707,2.4697,2.4697,,,2.4697,0
513300.SH,20260709,20260708,2.4766,2.4766,,,2.4766,0
513300.SH,20260710,20260709,2.5161,2.5161,,,2.5161,0
513300.SH,20260713,20260710,2.5185,2.5185,,,2.5185,0
513300.SH,20260714,20260713,2.4718,2.4718,,,2.4718,0
513300.SH,20260715,20260714,2.4978,2.4978,,,2.4978,0
513300.SH,20260716,20260715,2.4877,2.4877,,,2.4877,0
513300.SH,20260717,20260716,2.4465,2.4465,,,2.4465,0
513300.SH,20260720,20260717,2.4132,2.4132,,,2.4132,0
513300.SH,20260721,20260720,2.4106,2.4106,,,2.4106,0
513300.SH,20260722,20260721,2.4566,2.4566,,,2.4566,0
513300.SH,20260723,20260722,2.4463,2.4463,,,2.4463,0
513300.SH,20260724,20260723,2.3988,2.3988,,,2.3988,0
513300.SH,20260727,20260724,2.373,2.373,,,2.373,0
513300.SH,20260728,20260727,2.3628,2.3628,,,2.3628,0
513300.SH,20260729,20260728,2.3397,2.3397,,,2.3397,0
513300.SH,20260730,20260729,2.291,2.291,,,2.291,0
