date,portfolio_value,peak_value,weekly_return,in_defensive,weight_纳指ETF,weight_红利低波ETF,weight_沪深300ETF,weight_黄金ETF,weight_国债ETF
2013-08-05,1.0,1.0,0.0,False,0.0,0.15,0.0,0.0,0.15
2013-08-12,1.0037809862900384,1.0037809862900384,0.003780986290038376,False,0.0,0.15,0.0,0.0,0.15
2013-08-19,1.0042645179819645,1.0042645179819645,0.0004817103516904542,False,0.0,0.15,0.0,0.0,0.15
2013-08-26,1.004554560141461,1.004554560141461,0.00028881052183289023,False,0.0,0.15,0.0,0.0,0.15
2013-09-02,1.0036859374850224,1.004554560141461,-0.0008646843993384203,False,0.0,0.15,0.0,0.0,0.15
2013-09-09,1.0154566684074788,1.0154566684074788,0.011727504075578408,False,0.0,0.12065321732723663,0.28152417376355215,0.28152417376355215,0.12065321732723663
2013-09-16,1.0069325931453312,1.0154566684074788,-0.008394326934221376,False,0.3136661320014957,0.13442834228635528,0.0,0.3136661320014957,0.13442834228635528
2013-09-23,1.0124953679806266,1.0154566684074788,0.0055244758915978295,False,0.29222557165145924,0.12523953070776825,0.29222557165145924,0.0,0.12523953070776825
2013-09-30,0.9998585698371717,1.0154566684074788,-0.012480845387627188,False,0.2695902795145085,0.11553869122050363,0.2695902795145085,0.0,0.11553869122050363
2013-10-14,1.0096838252742186,1.0154566684074788,0.009826645221080737,False,0.276050416983193,0.11830732156422558,0.276050416983193,0.0,0.11830732156422558
2013-10-21,1.021288849447345,1.021288849447345,0.011493720987334439,False,0.2442020097305099,0.10465800417021853,0.2442020097305099,0.0,0.10465800417021853
2013-10-28,1.013214379148301,1.021288849447345,-0.0079061573064402,False,0.28990551521588437,0.12424522080680758,0.28990551521588437,0.0,0.12424522080680758
2013-11-04,1.0133678540878026,1.021288849447345,0.00015147331370342967,False,0.2637690455265267,0.11304387665422573,0.0,0.2637690455265267,0.11304387665422573
2013-11-11,1.0038105913380744,1.021288849447345,-0.009431188004607925,False,0.0,0.12960827529903773,0.30241930903108805,0.30241930903108805,0.12960827529903773
2013-11-18,1.0228808537793825,1.0228808537793825,0.01899786932501626,False,0.29275353526775544,0.12546580082903805,0.0,0.29275353526775544,0.12546580082903805
2013-11-25,1.0091031155834522,1.0228808537793825,-0.013469543539722913,False,0.30738382847228385,0.13173592648812166,0.0,0.30738382847228385,0.13173592648812166
2013-12-02,1.0160247106922369,1.0228808537793825,0.006859155424153648,False,0.32729935555260137,0.14027115237968632,0.0,0.32729935555260137,0.14027115237968632
2013-12-09,1.015231052995593,1.0228808537793825,-0.0007811401517028521,False,0.32111601948412793,0.1376211512074834,0.0,0.32111601948412793,0.1376211512074834
2013-12-16,1.0017549175257001,1.0228808537793825,-0.01327395909544884,False,0.2744403250397673,0.11761728215990028,0.2744403250397673,0.0,0.11761728215990028
2013-12-23,0.9962699352393091,1.0228808537793825,-0.005475373457550689,False,0.2927113926064141,0.12544773968846318,0.2927113926064141,0.0,0.12544773968846318
2013-12-30,1.0002210671066694,1.0228808537793825,0.003965925024537881,False,0.35,0.15,0.35,0.0,0.15
2014-01-06,0.9840713741460586,1.0228808537793825,-0.016146123583786157,False,0.34085577633746644,0.14608104700177135,0.0,0.34085577633746644,0.14608104700177135
2014-01-13,0.9887733603321026,1.0228808537793825,0.0047780946683101825,False,0.3340222312043695,0.14315238480187267,0.0,0.3340222312043695,0.14315238480187267
2014-01-20,0.9915845117576764,1.0228808537793825,0.0028430695428825776,False,0.34208585232048294,0.14660822242306412,0.0,0.34208585232048294,0.14660822242306412
2014-01-27,0.9930373681482046,1.0228808537793825,0.0014651866515674398,False,0.35,0.15,0.0,0.35,0.15
2014-02-03,0.9913469655796278,1.0228808537793825,-0.0017022547416610514,False,0.35,0.15,0.0,0.35,0.15
2014-02-10,1.0031941263707636,1.0228808537793825,0.011950569480191008,False,0.35,0.15,0.0,0.35,0.15
2014-02-17,1.0247213726465356,1.0247213726465356,0.021458704461967727,False,0.35,0.15,0.0,0.35,0.15
2014-02-24,1.026083634986848,1.026083634986848,0.0013293978018571076,False,0.35,0.15,0.0,0.35,0.15
2014-03-03,1.0448172009753678,1.0448172009753678,0.018257347987778602,False,0.35,0.15,0.0,0.35,0.15
2014-03-10,1.0261375748413406,1.0448172009753678,-0.017878367734173287,False,0.33117928427591004,0.14193397897539003,0.0,0.33117928427591004,0.14193397897539003
2014-03-17,1.0360572333491964,1.0448172009753678,0.009666986913903513,False,0.3395302178858185,0.14551295052249363,0.0,0.3395302178858185,0.14551295052249363
2014-03-24,1.0326870804792765,1.0448172009753678,-0.0032528636077618265,False,0.30811877784879743,0.13205090479234174,0.0,0.30811877784879743,0.13205090479234174
2014-03-31,1.0143540748057327,1.0448172009753678,-0.017752721051797562,False,0.28733275428457994,0.1231426089791057,0.0,0.28733275428457994,0.1231426089791057
2014-04-07,1.01981558036766,1.0448172009753678,0.005384220064353096,False,0.31523998188389996,0.13510284937881425,0.0,0.31523998188389996,0.13510284937881425
2014-04-14,1.0189451422111369,1.0448172009753678,-0.0008535250620600756,False,0.35,0.15,0.0,0.35,0.15
2014-04-21,1.0116968534660127,1.0448172009753678,-0.0071135220581111155,False,0.0,0.1323155787935688,0.3087363505183272,0.3087363505183272,0.1323155787935688
2014-04-28,1.010094388670886,1.0448172009753678,-0.0015839377078585987,False,0.0,0.13324601696158886,0.310907372910374,0.310907372910374,0.13324601696158886
2014-05-05,1.0144568587241878,1.0448172009753678,0.004318873663917734,False,0.0,0.14943878734852628,0.34869050381322797,0.34869050381322797,0.14943878734852628
2014-05-12,1.0159723902332074,1.0448172009753678,0.0014939339174321014,False,0.0,0.13839181161366437,0.3229142270985502,0.3229142270985502,0.13839181161366437
2014-05-19,1.0045187145958603,1.0448172009753678,-0.011273609152624625,False,0.0,0.15,0.35,0.35,0.15
2014-05-26,1.0141430690666458,1.0448172009753678,0.009581060393342089,False,0.35,0.15,0.0,0.35,0.15
2014-06-02,1.014760751378139,1.0448172009753678,0.0006090682176249917,False,0.35,0.15,0.0,0.35,0.15
2014-06-09,1.0166111022765882,1.0448172009753678,0.001823435618628591,False,0.35,0.15,0.0,0.35,0.15
2014-06-16,1.0209687985495735,1.0448172009753678,0.0042864929009989285,False,0.35,0.15,0.0,0.35,0.15
2014-06-23,1.0342705092444133,1.0448172009753678,0.013028518318813218,False,0.35,0.15,0.0,0.35,0.15
2014-06-30,1.0388087056064685,1.0448172009753678,0.004387823419011149,False,0.35,0.15,0.35,0.0,0.15
2014-07-07,1.0528196319603902,1.0528196319603902,0.013487494163559205,False,0.35,0.15,0.0,0.35,0.15
2014-07-14,1.0509088224579188,1.0528196319603902,-0.0018149447868039891,False,0.35,0.15,0.35,0.0,0.15
2014-07-21,1.0523663380321326,1.0528196319603902,0.0013869096377029327,False,0.35,0.15,0.0,0.35,0.15
2014-07-28,1.0605718344663744,1.0605718344663744,0.007797186338728203,False,0.35,0.15,0.35,0.0,0.15
2014-08-04,1.067797272614538,1.067797272614538,0.006812775818998651,False,0.35,0.15,0.35,0.0,0.15
2014-08-11,1.0667133565626055,1.067797272614538,-0.0010150953553931619,False,0.0,0.15,0.35,0.35,0.15
2014-08-18,1.065661011952819,1.067797272614538,-0.0009865298895081023,False,0.35,0.15,0.0,0.35,0.15
2014-08-25,1.0655227438204506,1.067797272614538,-0.00012974870133886963,False,0.35,0.15,0.0,0.35,0.15
2014-09-01,1.0697389339710213,1.0697389339710213,0.003956921778556702,False,0.35,0.15,0.0,0.35,0.15
2014-09-08,1.0699453620319785,1.0699453620319785,0.00019297050373867858,False,0.35,0.15,0.0,0.35,0.15
2014-09-15,1.0602799041557287,1.0699453620319785,-0.0090335994895046,False,0.35,0.15,0.0,0.35,0.15
2014-09-22,1.0533691788725696,1.0699453620319785,-0.006517831052038806,False,0.35,0.15,0.35,0.0,0.15
2014-09-29,1.0634923399725416,1.0699453620319785,0.009610268938006053,False,0.35,0.15,0.0,0.35,0.15
2014-10-06,1.0648650917534153,1.0699453620319785,0.0012907961150985228,False,0.0,0.15,0.35,0.35,0.15
2014-10-13,1.0654345068486992,1.0699453620319785,0.0005347297978809637,False,0.0,0.15,0.35,0.35,0.15
2014-10-20,1.0698483803072867,1.0699453620319785,0.004142791912796681,False,0.0,0.15,0.35,0.35,0.15
2014-10-27,1.0480707349066058,1.0699453620319785,-0.020355824060252048,False,0.0,0.15,0.35,0.35,0.15
2014-11-03,1.0656083117036201,1.0699453620319785,0.01673319959513711,False,0.0,0.15,0.35,0.35,0.15
2014-11-10,1.0784225613502236,1.0784225613502236,0.012025290630585295,False,0.0,0.15,0.35,0.35,0.15
2014-11-17,1.0828933604482582,1.0828933604482582,0.004145683944554104,False,0.33409965427855626,0.14318556611938124,0.33409965427855626,0.0,0.14318556611938124
2014-11-24,1.0992828830004007,1.0992828830004007,0.015134936782101996,False,0.3212060820229619,0.13765974943841225,0.3212060820229619,0.0,0.13765974943841225
2014-12-01,1.1361449387583173,1.1361449387583173,0.033532820648771354,False,0.3370879440585634,0.14446626173938432,0.3370879440585634,0.0,0.14446626173938432
2014-12-08,1.211264661416396,1.211264661416396,0.06611808062110126,False,0.3372519971796129,0.1445365702198341,0.3372519971796129,0.0,0.1445365702198341
2014-12-15,1.1923274862209703,1.211264661416396,-0.015634217523758636,False,0.24350941908264223,0.10436117960684668,0.24350941908264223,0.0,0.10436117960684668
2014-12-22,1.227366517030216,1.227366517030216,0.029387086361902393,False,0.23935682417157667,0.10258149607353287,0.0,0.23935682417157667,0.10258149607353287
2014-12-29,1.2269661937540255,1.227366517030216,-0.0003261644102522006,False,0.21802295202230065,0.09343840800955742,0.0,0.21802295202230065,0.09343840800955742
2015-01-05,1.2273858270843379,1.2273858270843379,0.0003420088772196023,False,0.2044302397723106,0.08761295990241882,0.0,0.2044302397723106,0.08761295990241882
2015-01-12,1.2288609337500653,1.2288609337500653,0.0012018280097233795,False,0.23260562492240539,0.09968812496674516,0.0,0.23260562492240539,0.09968812496674516
2015-01-19,1.2281499498209978,1.2288609337500653,-0.0005785715124801779,False,0.252041961349275,0.10801798343540357,0.0,0.252041961349275,0.10801798343540357
2015-01-26,1.2566982777865412,1.2566982777865412,0.02324498565480899,False,0.249744312519846,0.10703327679421971,0.0,0.249744312519846,0.10703327679421971
2015-02-02,1.2374626442871612,1.2566982777865412,-0.015306485128045397,False,0.2350152551755925,0.1007208236466825,0.0,0.2350152551755925,0.1007208236466825
2015-02-09,1.2288685552066592,1.2566982777865412,-0.006944928091508273,False,0.2232385285165485,0.09567365507852078,0.0,0.2232385285165485,0.09567365507852078
2015-02-16,1.2453891727629587,1.2566982777865412,0.013443762952760452,False,0.22961516031190518,0.0984064972765308,0.0,0.22961516031190518,0.0984064972765308
2015-02-23,1.2460605892756298,1.2566982777865412,0.0005391218482986421,False,0.2210437173045963,0.09473302170196984,0.0,0.2210437173045963,0.09473302170196984
2015-03-02,1.2521472092721153,1.2566982777865412,0.004884690238075738,False,0.35,0.15,0.0,0.35,0.15
2015-03-09,1.2341794089483842,1.2566982777865412,-0.014349590999109334,False,0.2917510146475726,0.12503614913467395,0.0,0.2917510146475726,0.12503614913467395
2015-03-16,1.2341185556101122,1.2566982777865412,-4.930671977730928e-05,False,0.31079907248683236,0.13319960249435672,0.0,0.31079907248683236,0.13319960249435672
2015-03-23,1.2567620432889206,1.2567620432889206,0.018347903105317347,False,0.2641210006529359,0.11319471456554397,0.2641210006529359,0.0,0.11319471456554397
2015-03-30,1.2652597772815668,1.2652597772815668,0.006761609357971802,False,0.35,0.15,0.0,0.35,0.15
2015-04-06,1.268759154395424,1.268759154395424,0.002765738053710739,False,0.3495445882661647,0.14980482354264202,0.0,0.3495445882661647,0.14980482354264202
2015-04-13,1.2894856355160729,1.2894856355160729,0.016336024886082726,False,0.35,0.15,0.35,0.0,0.15
2015-04-20,1.2969092882351194,1.2969092882351194,0.0057570650766308054,False,0.29437754895241997,0.1261618066938943,0.29437754895241997,0.0,0.1261618066938943
2015-04-27,1.3482084097103646,1.3482084097103646,0.039554903292469204,False,0.0,0.12412939804164894,0.2896352620971808,0.2896352620971808,0.12412939804164894
2015-05-04,1.3472543416424725,1.3482084097103646,-0.000707656220670724,False,0.3388000082624456,0.14520000354104812,0.0,0.3388000082624456,0.14520000354104812
2015-05-11,1.3374815548115973,1.3482084097103646,-0.007253854397649253,False,0.3477425128303206,0.14903250549870883,0.0,0.3477425128303206,0.14903250549870883
2015-05-18,1.349813402337146,1.349813402337146,0.009220200070187796,False,0.3051356461354024,0.13077241977231532,0.0,0.3051356461354024,0.13077241977231532
2015-05-25,1.3698173148243409,1.3698173148243409,0.014819761348167733,False,0.3008387449363988,0.12893089068702804,0.0,0.3008387449363988,0.12893089068702804
2015-06-01,1.3630637926898619,1.3698173148243409,-0.004930235631709115,False,0.3090047066900745,0.1324305885814605,0.0,0.3090047066900745,0.1324305885814605
2015-06-08,1.3727368529763078,1.3727368529763078,0.007096557283908982,False,0.29057939063434784,0.12453402455757764,0.0,0.29057939063434784,0.12453402455757764
2015-06-15,1.3745047716663341,1.3745047716663341,0.0012878787993440774,False,0.3076622382468271,0.1318552449629259,0.0,0.3076622382468271,0.1318552449629259
2015-06-22,1.355823383712465,1.3745047716663341,-0.01359135911272353,False,0.32832818006086084,0.14071207716894038,0.0,0.32832818006086084,0.14071207716894038
2015-06-29,1.3332845419964257,1.3745047716663341,-0.016623729894910275,False,0.35,0.15,0.0,0.35,0.15
2015-07-06,1.298756466779619,1.3745047716663341,-0.025897004074693055,False,0.2904292598112949,0.12446968277626926,0.0,0.2904292598112949,0.12446968277626926
2015-07-13,1.3108594161495133,1.3745047716663341,0.009318875154404159,False,0.26236069625290076,0.11244029839410033,0.0,0.26236069625290076,0.11244029839410033
2015-07-20,1.3217743179536143,1.3745047716663341,0.008326523553656161,False,0.175,0.075,0.0,0.175,0.075
2015-07-27,1.3055339307244855,1.3745047716663341,-0.012286807973597384,False,0.175,0.075,0.0,0.175,0.075
2015-08-03,1.3157882204590214,1.3745047716663341,0.00785447968314814,False,0.175,0.075,0.0,0.175,0.075
2015-08-10,1.316192984079403,1.3745047716663341,0.00030762064448371497,False,0.175,0.075,0.0,0.175,0.075
2015-08-17,1.3371142748403197,1.3745047716663341,0.015895306398058154,False,0.19348268553534437,0.08292115094371902,0.0,0.19348268553534437,0.08292115094371902
2015-08-24,1.2928380630518415,1.3745047716663341,-0.033113259368774385,False,0.1760319485494704,0.07544226366405875,0.0,0.1760319485494704,0.07544226366405875
2015-08-31,1.3067837164208491,1.3745047716663341,0.010786852404459675,False,0.175,0.075,0.0,0.175,0.075
2015-09-07,1.2942356611438575,1.3745047716663341,-0.009602243369973567,False,0.175,0.075,0.0,0.175,0.075
2015-09-14,1.2969523969010663,1.3745047716663341,0.0020991043893874243,False,0.175,0.075,0.0,0.175,0.075
2015-09-21,1.3034382700098754,1.3745047716663341,0.005000856719418753,False,0.175,0.075,0.0,0.175,0.075
2015-09-28,1.2971255145274125,1.3745047716663341,-0.004843156463723568,False,0.175,0.075,0.0,0.175,0.075
2015-10-05,1.2874033889727565,1.3745047716663341,-0.007495130922775825,False,0.19319386671150085,0.08279737144778608,0.0,0.19319386671150085,0.08279737144778608
2015-10-12,1.3139011515150536,1.3745047716663341,0.02058233089120591,False,0.35,0.15,0.0,0.35,0.15
2015-10-19,1.3309026332998006,1.3745047716663341,0.012939696236008952,False,0.21255930589932984,0.09109684538542707,0.0,0.21255930589932984,0.09109684538542707
2015-10-26,1.3443265860795208,1.3745047716663341,0.010086352257367821,False,0.2307523909130854,0.09889388181989374,0.0,0.2307523909130854,0.09889388181989374
2015-11-02,1.336633710439826,1.3745047716663341,-0.005722475267062651,False,0.25691677886408837,0.11010719094175216,0.0,0.25691677886408837,0.11010719094175216
2015-11-09,1.339681397837494,1.3745047716663341,0.0022801216023985225,False,0.2616664115734257,0.11214274781718243,0.0,0.2616664115734257,0.11214274781718243
2015-11-16,1.3245301695726854,1.3745047716663341,-0.011309575761270948,False,0.3073536963205336,0.13172301270880013,0.0,0.3073536963205336,0.13172301270880013
2015-11-23,1.3353535536892227,1.3745047716663341,0.008171489306301903,False,0.3247091256025115,0.13916105382964777,0.0,0.3247091256025115,0.13916105382964777
2015-11-30,1.3234906793701975,1.3745047716663341,-0.008883695472447314,False,0.30468627465090414,0.13057983199324463,0.0,0.30468627465090414,0.13057983199324463
2015-12-07,1.3411223006968118,1.3745047716663341,0.013322059309858116,False,0.306917992982896,0.13153628270695544,0.0,0.306917992982896,0.13153628270695544
2015-12-14,1.3289429437281306,1.3745047716663341,-0.009081466293083894,False,0.2928630068851209,0.1255127172364804,0.0,0.2928630068851209,0.1255127172364804
2015-12-21,1.3392916222988638,1.3745047716663341,0.007787150396165161,False,0.29278340986113854,0.12547860422620224,0.0,0.29278340986113854,0.12547860422620224
2015-12-28,1.3371493656065554,1.3745047716663341,-0.0015995446074927636,False,0.3130621756626843,0.13416950385543613,0.0,0.3130621756626843,0.13416950385543613
2016-01-04,1.3353678874487687,1.3745047716663341,-0.0013322955562100392,False,0.3133931051196368,0.13431133076555865,0.0,0.3133931051196368,0.13431133076555865
2016-01-11,1.322770142055651,1.3745047716663341,-0.009433913688897932,False,0.34029376189554644,0.1458401836695199,0.0,0.34029376189554644,0.1458401836695199
2016-01-18,1.2895967096863326,1.3745047716663341,-0.025078758065830927,False,0.2868694901582689,0.12294406721068667,0.0,0.2868694901582689,0.12294406721068667
2016-01-25,1.2997188904505586,1.3745047716663341,0.007849105606579835,False,0.278364725194851,0.11929916794065044,0.0,0.278364725194851,0.11929916794065044
2016-02-01,1.2939314664352368,1.3745047716663341,-0.004452827498195019,False,0.25116707306884295,0.10764303131521842,0.0,0.25116707306884295,0.10764303131521842
2016-02-08,1.305577276263157,1.3745047716663341,0.009000329716073813,False,0.21280402681353494,0.09120172577722926,0.0,0.21280402681353494,0.09120172577722926
2016-02-15,1.3115150806388232,1.3745047716663341,0.004548029813035242,False,0.35,0.15,0.0,0.35,0.15
2016-02-22,1.3213062334039596,1.3745047716663341,0.007465528158751547,False,0.2236062213304965,0.09583123771306994,0.0,0.2236062213304965,0.09583123771306994
2016-02-29,1.3195868307692546,1.3745047716663341,-0.0013012900349946522,False,0.2095781058548383,0.08981918822350213,0.0,0.2095781058548383,0.08981918822350213
2016-03-07,1.3438062163188682,1.3745047716663341,0.01835376421231391,False,0.21932063792100556,0.0939945591090024,0.0,0.21932063792100556,0.0939945591090024
2016-03-14,1.339513291103581,1.3745047716663341,-0.003194601396507157,False,0.2313134382289554,0.09913433066955232,0.0,0.2313134382289554,0.09913433066955232
2016-03-21,1.3403413032845883,1.3745047716663341,0.0006181440576265994,False,0.2334862327018574,0.10006552830079603,0.0,0.2334862327018574,0.10006552830079603
2016-03-28,1.3370822545282903,1.3745047716663341,-0.002431506623209681,False,0.2565008730750969,0.10992894560361295,0.0,0.2565008730750969,0.10992894560361295
2016-04-04,1.3433620398222452,1.3745047716663341,0.004696633488842691,False,0.26397068139900837,0.11313029202814645,0.0,0.26397068139900837,0.11313029202814645
2016-04-11,1.3501834997941373,1.3745047716663341,0.0050779013919396,False,0.35,0.15,0.35,0.0,0.15
2016-04-18,1.3569852556455893,1.3745047716663341,0.005037652920872733,False,0.31178099051201996,0.1336204245051514,0.31178099051201996,0.0,0.1336204245051514
2016-04-25,1.3385821337595658,1.3745047716663341,-0.013561769967255876,False,0.35,0.15,0.0,0.35,0.15
2016-05-02,1.3463316728807133,1.3745047716663341,0.005789363928967287,False,0.35,0.15,0.0,0.35,0.15
2016-05-09,1.3391563316051183,1.3745047716663341,-0.005329549486303139,False,0.35,0.15,0.0,0.35,0.15
2016-05-16,1.3437153656668295,1.3745047716663341,0.0034044076513806793,False,0.35,0.15,0.0,0.35,0.15
2016-05-23,1.3364257877259986,1.3745047716663341,-0.005424942013082771,False,0.35,0.15,0.0,0.35,0.15
2016-05-30,1.339512755638472,1.3745047716663341,0.0023098685619694376,False,0.35,0.15,0.0,0.35,0.15
2016-06-06,1.3549224522396128,1.3745047716663341,0.011503956596363996,False,0.35,0.15,0.0,0.35,0.15
2016-06-13,1.36225926909618,1.3745047716663341,0.0054149348875574006,False,0.35,0.15,0.0,0.35,0.15
2016-06-20,1.368187938532023,1.3745047716663341,0.004352085957746183,False,0.35,0.15,0.35,0.0,0.15
2016-06-27,1.3621590972731918,1.3745047716663341,-0.004406442338104284,False,0.3323867968420101,0.14245148436086147,0.3323867968420101,0.0,0.14245148436086147
2016-07-04,1.3894708556587443,1.3894708556587443,0.02005034392841924,False,0.3009446760694654,0.1289762897440566,0.0,0.3009446760694654,0.1289762897440566
2016-07-11,1.4070639633130835,1.4070639633130835,0.012661732041870292,False,0.35,0.15,0.35,0.0,0.15
2016-07-18,1.4326596335843906,1.4326596335843906,0.018190836336281005,False,0.35,0.15,0.35,0.0,0.15
2016-07-25,1.4342865969340848,1.4342865969340848,0.001135624478805017,False,0.35,0.15,0.35,0.0,0.15
2016-08-01,1.4375421982999559,1.4375421982999559,0.0022698401929085793,False,0.35,0.15,0.35,0.0,0.15
2016-08-08,1.4548786239859082,1.4548786239859082,0.012059768197729772,False,0.35,0.15,0.35,0.0,0.15
2016-08-15,1.4932384577095807,1.4932384577095807,0.02636634636817932,False,0.35,0.15,0.0,0.35,0.15
2016-08-22,1.4871836636430915,1.4932384577095807,-0.004054807211285262,False,0.35,0.15,0.35,0.0,0.15
2016-08-29,1.480678301699805,1.4932384577095807,-0.004374282815446219,False,0.35,0.15,0.35,0.0,0.15
2016-09-05,1.4868257938246576,1.4932384577095807,0.004151808071878574,False,0.35,0.15,0.35,0.0,0.15
2016-09-12,1.4601616639400152,1.4932384577095807,-0.01793359383149558,False,0.35,0.15,0.35,0.0,0.15
2016-09-19,1.4764749101568504,1.4932384577095807,0.011172219227298648,False,0.35,0.15,0.0,0.35,0.15
2016-09-26,1.4921247612500996,1.4932384577095807,0.01059946971370262,False,0.0,0.15,0.35,0.35,0.15
2016-10-03,1.4960001730627999,1.4960001730627999,0.0025972438185755675,False,0.0,0.15,0.35,0.35,0.15
2016-10-10,1.4851225317043415,1.4960001730627999,-0.007271149799527241,False,0.0,0.15,0.35,0.35,0.15
2016-10-17,1.4812624099720764,1.4960001730627999,-0.0025991941067887887,False,0.0,0.15,0.35,0.35,0.15
2016-10-24,1.5085833977223935,1.5085833977223935,0.018444394164321032,False,0.0,0.15,0.35,0.35,0.15
2016-10-31,1.5048074754278804,1.5085833977223935,-0.002502958934994087,False,0.35,0.15,0.35,0.0,0.15
2016-11-07,1.507017194824749,1.5085833977223935,0.0014684399386307805,False,0.35,0.15,0.35,0.0,0.15
2016-11-14,1.5197008871005955,1.5197008871005955,0.008416421736529251,False,0.35,0.15,0.35,0.0,0.15
2016-11-21,1.5315207497502243,1.5315207497502243,0.0077777559715582235,False,0.0,0.15,0.35,0.35,0.15
2016-11-28,1.5485167651440883,1.5485167651440883,0.011097476411361544,False,0.0,0.15,0.35,0.35,0.15
2016-12-05,1.5207509285043792,1.5485167651440883,-0.01793060124675209,False,0.35,0.15,0.35,0.0,0.15
2016-12-12,1.5217597927684599,1.5485167651440883,0.0006633987493750223,False,0.3213891418810487,0.1377382036633066,0.3213891418810487,0.0,0.1377382036633066
2016-12-19,1.506859675722153,1.5485167651440883,-0.009791372539288773,False,0.35,0.15,0.35,0.0,0.15
2016-12-26,1.5211729090202064,1.5485167651440883,0.009498716787410051,False,0.35,0.15,0.0,0.35,0.15
2017-01-02,1.5177393572577644,1.5485167651440883,-0.002257173883443396,False,0.35,0.15,0.0,0.35,0.15
2017-01-09,1.5260629218839163,1.5485167651440883,0.005484185796691052,False,0.35,0.15,0.0,0.35,0.15
2017-01-16,1.5395736271968457,1.5485167651440883,0.008853308156029584,False,0.35,0.15,0.0,0.35,0.15
2017-01-23,1.5383259801349611,1.5485167651440883,-0.0008103847973520286,False,0.0,0.15,0.35,0.35,0.15
2017-01-30,1.5359794747609758,1.5485167651440883,-0.0015253628972575453,False,0.0,0.15,0.35,0.35,0.15
2017-02-06,1.5433197782198247,1.5485167651440883,0.004778907257202168,False,0.0,0.15,0.35,0.35,0.15
2017-02-13,1.5602857525374398,1.5602857525374398,0.010993168465180184,False,0.0,0.15,0.35,0.35,0.15
2017-02-20,1.572697236650516,1.572697236650516,0.007954622474051156,False,0.35,0.15,0.35,0.0,0.15
2017-02-27,1.5696611727880894,1.572697236650516,-0.0019304820989531285,False,0.35,0.15,0.35,0.0,0.15
2017-03-06,1.5901396488466113,1.5901396488466113,0.013046430919959202,False,0.35,0.15,0.35,0.0,0.15
2017-03-13,1.5892103544676421,1.5901396488466113,-0.000584410545101039,False,0.35,0.15,0.35,0.0,0.15
2017-03-20,1.5929826989040916,1.5929826989040916,0.002373722538268453,False,0.0,0.15,0.35,0.35,0.15
2017-03-27,1.6075207381971104,1.6075207381971104,0.009126300808552756,False,0.0,0.15,0.35,0.35,0.15
2017-04-03,1.5958675956162982,1.6075207381971104,-0.007249139811335592,False,0.0,0.15,0.35,0.35,0.15
2017-04-10,1.6173730861462836,1.6173730861462836,0.013475736075510895,False,0.0,0.15,0.35,0.35,0.15
2017-04-17,1.6173085946369687,1.6173730861462836,-3.9874231781945706e-05,False,0.0,0.15,0.35,0.35,0.15
2017-04-24,1.5959112682380658,1.6173730861462836,-0.0132302063254081,False,0.0,0.15,0.35,0.35,0.15
2017-05-01,1.597985852987535,1.6173730861462836,0.0012999374030109078,False,0.0,0.15,0.35,0.35,0.15
2017-05-08,1.5639159558697076,1.6173730861462836,-0.02132052486830953,False,0.0,0.15,0.35,0.35,0.15
2017-05-15,1.5775974834327016,1.6173730861462836,0.008748249873431146,False,0.35,0.15,0.35,0.0,0.15
2017-05-22,1.5746161285497298,1.6173730861462836,-0.0018898070732749313,False,0.35,0.15,0.0,0.35,0.15
2017-05-29,1.5975858679970212,1.6173730861462836,0.014587516938777445,False,0.0,0.15,0.35,0.35,0.15
2017-06-05,1.5989082920448023,1.6173730861462836,0.0008277639870707867,False,0.0,0.15,0.35,0.35,0.15
2017-06-12,1.6168552239200495,1.6173730861462836,0.011224491088413426,False,0.0,0.15,0.35,0.35,0.15
2017-06-19,1.609802526061316,1.6173730861462836,-0.004361984767958603,False,0.0,0.15,0.35,0.35,0.15
2017-06-26,1.6365965503101336,1.6365965503101336,0.01664429258560949,False,0.0,0.15,0.35,0.35,0.15
2017-07-03,1.6224835963632052,1.6365965503101336,-0.008623355551039257,False,0.0,0.15,0.35,0.35,0.15
2017-07-10,1.6168544335142883,1.6365965503101336,-0.0034694728880678236,False,0.0,0.15,0.35,0.35,0.15
2017-07-17,1.6308164407561434,1.6365965503101336,0.008635290198331855,False,0.0,0.15,0.35,0.35,0.15
2017-07-24,1.6570565839211513,1.6570565839211513,0.016090188024374747,False,0.0,0.15,0.35,0.35,0.15
2017-07-31,1.6563404985589405,1.6570565839211513,-0.0004321429751760865,False,0.0,0.15,0.35,0.35,0.15
2017-08-07,1.6508186852253057,1.6570565839211513,-0.0033337428737864336,False,0.35,0.15,0.0,0.35,0.15
2017-08-14,1.6413915684498155,1.6570565839211513,-0.005710570676151326,False,0.35,0.15,0.0,0.35,0.15
2017-08-21,1.641730488352148,1.6570565839211513,0.00020648327239343608,False,0.35,0.15,0.0,0.35,0.15
2017-08-28,1.6491735623478112,1.6570565839211513,0.004533675928217643,False,0.0,0.15,0.35,0.35,0.15
2017-09-04,1.6547493465370073,1.6570565839211513,0.003380956569094015,False,0.0,0.15,0.35,0.35,0.15
2017-09-11,1.6501880881035436,1.6570565839211513,-0.002756464864608941,False,0.0,0.15,0.35,0.35,0.15
2017-09-18,1.6474454263931488,1.6570565839211513,-0.0016620297590115905,False,0.0,0.15,0.35,0.35,0.15
2017-09-25,1.639047311660856,1.6570565839211513,-0.005097658834550581,False,0.0,0.15,0.35,0.35,0.15
2017-10-02,1.6445402093657442,1.6570565839211513,0.003351274649492781,False,0.35,0.15,0.35,0.0,0.15
2017-10-09,1.658726246150909,1.658726246150909,0.008626141643952881,False,0.35,0.15,0.35,0.0,0.15
2017-10-16,1.6689785721617583,1.6689785721617583,0.006180842700620453,False,0.35,0.15,0.35,0.0,0.15
2017-10-23,1.6781705210889473,1.6781705210889473,0.0055075296235127455,False,0.35,0.15,0.35,0.0,0.15
2017-10-30,1.7001673342008965,1.7001673342008965,0.01310761501022886,False,0.35,0.15,0.35,0.0,0.15
2017-11-06,1.7041920824944878,1.7041920824944878,0.002367265981782477,False,0.35,0.15,0.35,0.0,0.15
2017-11-13,1.7302184418269844,1.7302184418269844,0.01527196353030878,False,0.35,0.15,0.35,0.0,0.15
2017-11-20,1.7332693619314206,1.7332693619314206,0.001763314984213577,False,0.0,0.15,0.35,0.35,0.15
2017-11-27,1.7087087244107324,1.7332693619314206,-0.014170121540324035,False,0.0,0.15,0.35,0.35,0.15
2017-12-04,1.698470262618823,1.7332693619314206,-0.00599192925373527,False,0.35,0.15,0.0,0.35,0.15
2017-12-11,1.6774625880956089,1.7332693619314206,-0.012368585418047334,False,0.35,0.15,0.0,0.35,0.15
2017-12-18,1.6895148626432959,1.7332693619314206,0.007184824647189153,False,0.35,0.15,0.0,0.35,0.15
2017-12-25,1.695823447161436,1.7332693619314206,0.003733962131750605,False,0.35,0.15,0.0,0.35,0.15
2018-01-01,1.6926900550583477,1.7332693619314206,-0.0018477112746219096,False,0.35,0.15,0.0,0.35,0.15
2018-01-08,1.7179084728153018,1.7332693619314206,0.014898426136310542,False,0.35,0.15,0.0,0.35,0.15
2018-01-15,1.740503434488248,1.740503434488248,0.013152599239421518,False,0.35,0.15,0.0,0.35,0.15
2018-01-22,1.7399699206608414,1.740503434488248,-0.0003065284542591322,False,0.35,0.15,0.0,0.35,0.15
2018-01-29,1.7563579940859375,1.7563579940859375,0.009418595821973717,False,0.0,0.15,0.35,0.35,0.15
2018-02-05,1.7434142810961715,1.7563579940859375,-0.007369632519879562,False,0.0,0.15,0.35,0.35,0.15
2018-02-12,1.6623114869525537,1.7563579940859375,-0.046519519211821736,False,0.35,0.15,0.0,0.35,0.15
2018-02-19,1.690975124421614,1.7563579940859375,0.017243240929296667,False,0.0,0.12155728259957194,0.2836336593990012,0.2836336593990012,0.12155728259957194
2018-02-26,1.7152028203287493,1.7563579940859375,0.014327647732501116,False,0.0,0.15,0.35,0.35,0.15
2018-03-05,1.6912823823048546,1.7563579940859375,-0.013946127968300479,False,0.0,0.10947383354796043,0.255438944945241,0.255438944945241,0.10947383354796043
2018-03-12,1.703666741688347,1.7563579940859375,0.0073224669712547786,False,0.0,0.10978202333675062,0.2561580544524181,0.2561580544524181,0.10978202333675062
2018-03-19,1.6913794499200945,1.7563579940859375,-0.007212262508614721,False,0.0,0.10913453515838688,0.25464724870290273,0.25464724870290273,0.10913453515838688
2018-03-26,1.6739442305118943,1.7563579940859375,-0.010308283814742901,False,0.35,0.15,0.0,0.35,0.15
2018-04-02,1.6608475772192046,1.7563579940859375,-0.007823828926896065,False,0.0,0.15,0.35,0.35,0.15
2018-04-09,1.6558798281417764,1.7563579940859375,-0.002991092708065331,False,0.0,0.15,0.35,0.35,0.15
2018-04-16,1.6517784594603444,1.7563579940859375,-0.002476851648126232,False,0.0,0.15,0.35,0.35,0.15
2018-04-23,1.6390382322617398,1.7563579940859375,-0.007713036288635712,False,0.0,0.14925683935783537,0.3482659585016159,0.3482659585016159,0.14925683935783537
2018-04-30,1.6346567643605843,1.7563579940859375,-0.0026731944471541824,False,0.0,0.13815736830408218,0.3223671927095251,0.3223671927095251,0.13815736830408218
2018-05-07,1.6504845462842477,1.7563579940859375,0.009682633240657391,False,0.0,0.15,0.35,0.35,0.15
2018-05-14,1.6648736305605394,1.7563579940859375,0.008718096942310705,False,0.35,0.15,0.0,0.35,0.15
2018-05-21,1.6579356233365268,1.7563579940859375,-0.004167287592678427,False,0.35,0.15,0.0,0.35,0.15
2018-05-28,1.662663314427896,1.7563579940859375,0.00285155287384135,False,0.0,0.15,0.35,0.35,0.15
2018-06-04,1.6593335599468793,1.7563579940859375,-0.0020026631081124157,False,0.35,0.15,0.0,0.35,0.15
2018-06-11,1.6684865699805713,1.7563579940859375,0.005516076004625215,False,0.35,0.15,0.0,0.35,0.15
2018-06-18,1.681687655383828,1.7563579940859375,0.007912011784074646,False,0.35,0.15,0.0,0.35,0.15
2018-06-25,1.6667509011167883,1.7563579940859375,-0.008882002682971887,False,0.35,0.15,0.0,0.35,0.15
2018-07-02,1.6502643901298557,1.7563579940859375,-0.00989140667383831,False,0.35,0.15,0.0,0.35,0.15
2018-07-09,1.690405467649691,1.7563579940859375,0.02432402817385925,False,0.35,0.15,0.0,0.35,0.15
2018-07-16,1.6916793697011716,1.7563579940859375,0.0007536073893867109,False,0.35,0.15,0.0,0.35,0.15
2018-07-23,1.7053010339174723,1.7563579940859375,0.008052154835172387,False,0.30843888058537194,0.13218809167944512,0.0,0.30843888058537194,0.13218809167944512
2018-07-30,1.7145709461353176,1.7563579940859375,0.005435938894935299,False,0.31366657249777175,0.13442853107047362,0.0,0.31366657249777175,0.13442853107047362
2018-08-06,1.7291063130521669,1.7563579940859375,0.008477553495008361,False,0.34651903238420784,0.14850815673608908,0.0,0.34651903238420784,0.14850815673608908
2018-08-13,1.7082089803450193,1.7563579940859375,-0.012085626285326712,False,0.33612351760033526,0.1440529361144294,0.0,0.33612351760033526,0.1440529361144294
2018-08-20,1.6891719379346704,1.7563579940859375,-0.011144445808090713,False,0.34766792298126326,0.1490005384205414,0.0,0.34766792298126326,0.1490005384205414
2018-08-27,1.709014025432696,1.7563579940859375,0.011746635764199567,False,0.32976157587396193,0.14132638966026942,0.0,0.32976157587396193,0.14132638966026942
2018-09-03,1.7186122310555825,1.7563579940859375,0.005616224021599909,False,0.32674707906502476,0.1400344624564392,0.0,0.32674707906502476,0.1400344624564392
2018-09-10,1.7018317711574364,1.7563579940859375,-0.009763959312589936,False,0.35,0.15,0.0,0.35,0.15
2018-09-17,1.710430067743925,1.7563579940859375,0.005052377521804572,False,0.35,0.15,0.0,0.35,0.15
2018-09-24,1.7302773493502992,1.7563579940859375,0.011603679086718229,False,0.35,0.15,0.0,0.35,0.15
2018-10-01,1.7333191389545628,1.7563579940859375,0.0017579780521345505,False,0.35,0.15,0.0,0.35,0.15
2018-10-08,1.7158861482902266,1.7563579940859375,-0.010057576976188445,False,0.35,0.15,0.0,0.35,0.15
2018-10-15,1.6926954883207093,1.7563579940859375,-0.013515267311077295,False,0.35,0.15,0.0,0.35,0.15
2018-10-22,1.7106715861477417,1.7563579940859375,0.010619806073250724,False,0.2447368495536685,0.10488722123728651,0.0,0.2447368495536685,0.10488722123728651
2018-10-29,1.690557789917383,1.7563579940859375,-0.01175783615816812,False,0.22739002477887096,0.09745286776237327,0.0,0.22739002477887096,0.09745286776237327
2018-11-05,1.6965661440817836,1.7563579940859375,0.0035540661196172972,False,0.21524379811137057,0.09224734204773025,0.0,0.21524379811137057,0.09224734204773025
2018-11-12,1.700615470230216,1.7563579940859375,0.002386777646458417,False,0.21232761672902262,0.09099755002672398,0.0,0.21232761672902262,0.09099755002672398
2018-11-19,1.6939290627685006,1.7563579940859375,-0.003931757401225058,False,0.29007111962896864,0.12431619412670085,0.0,0.29007111962896864,0.12431619412670085
2018-11-26,1.6670462492395424,1.7563579940859375,-0.015870094043384485,False,0.3092018983270201,0.1325150992830086,0.0,0.3092018983270201,0.1325150992830086
2018-12-03,1.709673664001382,1.7563579940859375,0.025570625158891174,False,0.3237332258572507,0.13874281108167885,0.0,0.3237332258572507,0.13874281108167885
2018-12-10,1.6768831624013922,1.7563579940859375,-0.01917939212050904,False,0.0,0.15,0.35,0.35,0.15
2018-12-17,1.6797165556461557,1.7563579940859375,0.0016896783916095727,False,0.0,0.14830934027815804,0.34605512731570204,0.34605512731570204,0.14830934027815804
2018-12-24,1.6639907237027296,1.7563579940859375,-0.009362193812143964,False,0.0,0.14642425002203785,0.34165658338475496,0.34165658338475496,0.14642425002203785
2018-12-31,1.6621876164577039,1.7563579940859375,-0.0010836041447475366,False,0.0,0.15,0.35,0.35,0.15
2019-01-07,1.6752727065926003,1.7563579940859375,0.007872210095501857,False,0.0,0.15,0.35,0.35,0.15
2019-01-14,1.6741790807427603,1.7563579940859375,-0.0006528046720609467,False,0.0,0.15,0.35,0.35,0.15
2019-01-21,1.6984995269458396,1.7563579940859375,0.01452678896948672,False,0.0,0.15,0.35,0.35,0.15
2019-01-28,1.704961137833152,1.7563579940859375,0.003804305379425877,False,0.0,0.15,0.35,0.35,0.15
2019-02-04,1.729624169524472,1.7563579940859375,0.014465450938468086,False,0.0,0.15,0.35,0.35,0.15
2019-02-11,1.7387293324076516,1.7563579940859375,0.005264243552796117,False,0.0,0.15,0.35,0.35,0.15
2019-02-18,1.7756543192094283,1.7756543192094283,0.02123676532830219,False,0.0,0.15,0.35,0.35,0.15
2019-02-25,1.8434554604649622,1.8434554604649622,0.03818375036292029,False,0.0,0.15,0.35,0.35,0.15
2019-03-04,1.8306497773828998,1.8434554604649622,-0.006946564946479576,False,0.0,0.15,0.35,0.35,0.15
2019-03-11,1.8198886675469004,1.8434554604649622,-0.005878300682604436,False,0.35,0.15,0.0,0.35,0.15
2019-03-18,1.8596918979011279,1.8596918979011279,0.021871244688764432,False,0.35,0.15,0.0,0.35,0.15
2019-03-25,1.864430562359119,1.864430562359119,0.002548091145280098,False,0.35,0.15,0.0,0.35,0.15
2019-04-01,1.8780045563000218,1.8780045563000218,0.007280503878743108,False,0.35,0.15,0.0,0.35,0.15
2019-04-08,1.8993940372204385,1.8993940372204385,0.011389472325113838,False,0.30276152159177866,0.129754937825048,0.0,0.30276152159177866,0.129754937825048
2019-04-15,1.8945951477220844,1.8993940372204385,-0.0025265370977877247,False,0.31602061814597227,0.13543740777684526,0.0,0.31602061814597227,0.13543740777684526
2019-04-22,1.8923476960375332,1.8993940372204385,-0.0011862437667770102,False,0.35,0.15,0.0,0.35,0.15
2019-04-29,1.9121638297397108,1.9121638297397108,0.010471719200267252,False,0.35,0.15,0.0,0.35,0.15
2019-05-06,1.890371455521457,1.9121638297397108,-0.011396708733487587,False,0.35,0.15,0.0,0.35,0.15
2019-05-13,1.8864614069767256,1.9121638297397108,-0.0020684022356086467,False,0.35,0.15,0.0,0.35,0.15
2019-05-20,1.8878564504412314,1.9121638297397108,0.0007395027851332551,False,0.34418991476406174,0.14750996347031217,0.0,0.34418991476406174,0.14750996347031217
2019-05-27,1.8781324839477134,1.9121638297397108,-0.0051507976102977875,False,0.3159359014593385,0.1354011006254308,0.0,0.3159359014593385,0.1354011006254308
2019-06-03,1.873270771629226,1.9121638297397108,-0.0025885885900169938,False,0.3210338278502021,0.1375859262215152,0.0,0.3210338278502021,0.1375859262215152
2019-06-10,1.911741971839701,1.9121638297397108,0.02053691371964123,False,0.33957215616607284,0.14553092407117407,0.0,0.33957215616607284,0.14553092407117407
2019-06-17,1.922423602814734,1.922423602814734,0.0055873811070609805,False,0.3439319519448561,0.1473994079763669,0.0,0.3439319519448561,0.1473994079763669
2019-06-24,1.9750881150963222,1.9750881150963222,0.027394853144998278,False,0.0,0.14238664956232439,0.3322355156454236,0.3322355156454236,0.14238664956232439
2019-07-01,1.9806232022754777,1.9806232022754777,0.0028024507549049096,False,0.0,0.13860769524722563,0.32341795557685976,0.32341795557685976,0.13860769524722563
2019-07-08,1.9741825798963053,1.9806232022754777,-0.00325181608080367,False,0.0,0.1265004223390931,0.29516765212455054,0.29516765212455054,0.1265004223390931
2019-07-15,1.9830529132822703,1.9830529132822703,0.004493167691931985,False,0.28518521122949825,0.12222223338407069,0.28518521122949825,0.0,0.12222223338407069
2019-07-22,1.9706514760113358,1.9830529132822703,-0.006253709715898693,False,0.3127603884560555,0.13404016648116665,0.3127603884560555,0.0,0.13404016648116665
2019-07-29,1.9996747757198394,1.9996747757198394,0.014727768995077516,False,0.33438985784495806,0.1433099390764106,0.33438985784495806,0.0,0.1433099390764106
2019-08-05,1.9427974399091419,1.9996747757198394,-0.028443293130115635,False,0.3379047957637245,0.1448163410415962,0.3379047957637245,0.0,0.1448163410415962
2019-08-12,1.9542374073775322,1.9996747757198394,0.005888399497235048,False,0.35,0.15,0.0,0.35,0.15
2019-08-19,1.9578824355078548,1.9996747757198394,0.0018651920777701587,False,0.30185636466760063,0.1293670134289717,0.0,0.30185636466760063,0.1293670134289717
2019-08-26,1.9704922363488133,1.9996747757198394,0.006440530142295172,False,0.0,0.11908452901310332,0.2778639010305744,0.2778639010305744,0.11908452901310332
2019-09-02,1.9786463570975403,1.9996747757198394,0.0041381136135994765,False,0.0,0.11411602112903857,0.26627071596775664,0.26627071596775664,0.11411602112903857
2019-09-09,1.9940246998145288,1.9996747757198394,0.00777215325104727,False,0.0,0.1103779507725005,0.25754855180250114,0.25754855180250114,0.1103779507725005
2019-09-16,1.9879620937562874,1.9996747757198394,-0.003040386640549338,False,0.3261831200339746,0.13979276572884627,0.3261831200339746,0.0,0.13979276572884627
2019-09-23,1.975554810214131,1.9996747757198394,-0.00624120730527245,False,0.35,0.15,0.35,0.0,0.15
2019-09-30,1.9447718786858326,1.9996747757198394,-0.015581917226058513,False,0.35,0.15,0.35,0.0,0.15
2019-10-14,1.989124733285851,1.9996747757198394,0.02280619906432916,False,0.35,0.15,0.35,0.0,0.15
2019-10-21,1.9743787603752538,1.9996747757198394,-0.007413297247698533,False,0.35,0.15,0.35,0.0,0.15
2019-10-28,1.9964599291098062,1.9996747757198394,0.011183856500945843,False,0.35,0.15,0.0,0.35,0.15
2019-11-04,2.0036846941404645,2.0036846941404645,0.0036187878981771607,False,0.35,0.15,0.35,0.0,0.15
2019-11-11,1.9876677238092018,2.0036846941404645,-0.007993757889203982,False,0.35,0.15,0.35,0.0,0.15
2019-11-18,2.0018711469075683,2.0036846941404645,0.007145773374609643,False,0.35,0.15,0.35,0.0,0.15
2019-11-25,2.004054308552089,2.004054308552089,0.0010905605227855323,False,0.35,0.15,0.35,0.0,0.15
2019-12-02,2.0137637958554646,2.0137637958554646,0.004844922246837893,False,0.35,0.15,0.0,0.35,0.15
2019-12-09,2.0103585765729455,2.0137637958554646,-0.0016909725408348986,False,0.35,0.15,0.35,0.0,0.15
2019-12-16,2.0405045379858002,2.0405045379858002,0.014995315643761609,False,0.35,0.15,0.0,0.35,0.15
2019-12-23,2.0539242111033955,2.0539242111033955,0.006576644583619557,False,0.35,0.15,0.0,0.35,0.15
2019-12-30,2.0827862078614796,2.0827862078614796,0.014052123540906661,False,0.35,0.15,0.35,0.0,0.15
2020-01-06,2.095519357738705,2.095519357738705,0.0061135174744117796,False,0.0,0.15,0.35,0.35,0.15
2020-01-13,2.093741243446331,2.095519357738705,-0.0008485315517640452,False,0.35,0.15,0.0,0.35,0.15
2020-01-20,2.1009926863789707,2.1009926863789707,0.003463390213732261,False,0.3350793884061097,0.143605452174047,0.3350793884061097,0.0,0.143605452174047
2020-01-27,2.0711521335304113,2.1009926863789707,-0.014203073167279414,False,0.35,0.15,0.35,0.0,0.15
2020-02-03,1.9488740515788332,2.1009926863789707,-0.059038677059008365,False,0.35,0.15,0.35,0.0,0.15
2020-02-10,2.099374151901883,2.1009926863789707,0.07722412856855783,False,0.27612317537921427,0.11833850373394897,0.27612317537921427,0.0,0.11833850373394897
2020-02-17,2.168619442214119,2.168619442214119,0.03298377768893889,False,0.175,0.075,0.0,0.175,0.075
2020-02-24,2.151686559132135,2.168619442214119,-0.007808139479140774,False,0.175,0.075,0.0,0.175,0.075
2020-03-02,2.134111998408841,2.168619442214119,-0.00816780708542543,False,0.0,0.075,0.175,0.175,0.075
2020-03-09,2.137556132859472,2.168619442214119,0.0016138489700631108,False,0.0,0.075,0.175,0.175,0.075
2020-03-16,2.0782738085230217,2.168619442214119,-0.027733692428065795,False,0.0,0.09397591434024467,0.2192771334605709,0.2192771334605709,0.09397591434024467
2020-03-23,2.0352262312346907,2.168619442214119,-0.0207131404494405,False,0.0,0.07748499178070699,0.180798314154983,0.180798314154983,0.07748499178070699
2020-03-30,2.0840660658567263,2.168619442214119,0.023997250955441144,False,0.0,0.075,0.175,0.175,0.075
2020-04-06,2.086514539136488,2.168619442214119,0.0011748539645049967,False,0.0,0.075,0.175,0.175,0.075
2020-04-13,2.1038926623298124,2.168619442214119,0.008328781260501695,False,0.0,0.15,0.35,0.35,0.15
2020-04-20,2.1223838852564274,2.168619442214119,0.00878905243489863,False,0.0,0.075,0.175,0.175,0.075
2020-04-27,2.12881180390858,2.168619442214119,0.0030286314821767776,False,0.0,0.0896612635999065,0.2092096150664485,0.2092096150664485,0.0896612635999065
2020-05-04,2.147449588452614,2.168619442214119,0.008755017474919295,False,0.0,0.13721589808408238,0.3201704288628589,0.3201704288628589,0.13721589808408238
2020-05-11,2.155110657456935,2.168619442214119,0.0035675198363289804,False,0.35,0.15,0.35,0.0,0.15
2020-05-18,2.129442053554252,2.168619442214119,-0.011910573507613889,False,0.29272913439810017,0.1254553433134715,0.29272913439810017,0.0,0.1254553433134715
2020-05-25,2.1194443513665755,2.168619442214119,-0.004694986731848183,False,0.0,0.15,0.35,0.35,0.15
2020-06-01,2.1608052936570585,2.168619442214119,0.019514993287658045,False,0.0,0.14264844723875603,0.33284637689043073,0.33284637689043073,0.14264844723875603
2020-06-08,2.1508596115389027,2.168619442214119,-0.004602766453484105,False,0.0,0.1485660399190234,0.34665409314438794,0.34665409314438794,0.1485660399190234
2020-06-15,2.1473667026487733,2.168619442214119,-0.0016239594957247888,False,0.0,0.14224407638347164,0.3319028448947672,0.3319028448947672,0.14224407638347164
2020-06-22,2.1846424987090045,2.1846424987090045,0.017358840487864326,False,0.0,0.14241259323302796,0.33229605087706526,0.33229605087706526,0.14241259323302796
2020-06-29,2.19162578344858,2.19162578344858,0.003196534327104858,False,0.0,0.15,0.35,0.35,0.15
2020-07-06,2.3602781642926263,2.3602781642926263,0.07695309213722952,False,0.0,0.15,0.35,0.35,0.15
2020-07-13,2.3882366602354277,2.3882366602354277,0.011845424139311335,False,0.0,0.15,0.35,0.35,0.15
2020-07-20,2.3623709857808817,2.3882366602354277,-0.010830448625638284,False,0.2915783768880753,0.12496216152346086,0.0,0.2915783768880753,0.12496216152346086
2020-07-27,2.399445405587395,2.399445405587395,0.015693733130682702,False,0.3171499209827997,0.13592139470691417,0.0,0.3171499209827997,0.13592139470691417
2020-08-03,2.4311790423502395,2.4311790423502395,0.01322540479101908,False,0.23664876821578892,0.10142090066390953,0.0,0.23664876821578892,0.10142090066390953
2020-08-10,2.4639393856817087,2.4639393856817087,0.013475084623878421,False,0.2319137810158918,0.0993916204353822,0.0,0.2319137810158918,0.0993916204353822
2020-08-17,2.452499569688002,2.4639393856817087,-0.004642896680082716,False,0.24066510451384446,0.10314218764879048,0.0,0.24066510451384446,0.10314218764879048
2020-08-24,2.486291095909202,2.486291095909202,0.013778402507731618,False,0.21221334181467377,0.09094857506343161,0.21221334181467377,0.0,0.09094857506343161
2020-08-31,2.5694616501692535,2.5694616501692535,0.03345165592110096,False,0.2946736014065213,0.12628868631708057,0.2946736014065213,0.0,0.12628868631708057
2020-09-07,2.4504995425317464,2.5694616501692535,-0.046298456188155604,False,0.21787044578819525,0.09337304819494083,0.21787044578819525,0.0,0.09337304819494083
2020-09-14,2.4656859330711716,2.5694616501692535,0.006197263160365619,False,0.0,0.09325129418448051,0.2175863530971212,0.2175863530971212,0.09325129418448051
2020-09-21,2.4763389451196676,2.5694616501692535,0.004320506478790363,False,0.0,0.11605023593452493,0.27078388384722485,0.27078388384722485,0.11605023593452493
2020-09-28,2.4257960327563213,2.5694616501692535,-0.02041033698676655,False,0.0,0.13455110809267776,0.3139525855495814,0.3139525855495814,0.13455110809267776
2020-10-05,2.433305839464735,2.5694616501692535,0.003095811274734506,False,0.0,0.12906215094201817,0.30114501886470907,0.30114501886470907,0.12906215094201817
2020-10-12,2.488664112895915,2.5694616501692535,0.022750232434142793,False,0.0,0.15,0.35,0.35,0.15
2020-10-19,2.467196274293398,2.5694616501692535,-0.00862624991909243,False,0.0,0.12701526042460787,0.2963689409907517,0.2963689409907517,0.12701526042460787
2020-10-26,2.447633052263666,2.5694616501692535,-0.007929333484153067,False,0.0,0.12693259030634294,0.29617604404813347,0.29617604404813347,0.12693259030634294
2020-11-02,2.4524667243111384,2.5694616501692535,0.001974835256862394,False,0.0,0.12578188426055018,0.2934910632746171,0.2934910632746171,0.12578188426055018
2020-11-09,2.5168944169896075,2.5694616501692535,0.026270567522813315,False,0.0,0.14982669366367776,0.34959561854858145,0.34959561854858145,0.14982669366367776
2020-11-16,2.4903572264687535,2.5694616501692535,-0.010543624850419563,False,0.0,0.15,0.35,0.35,0.15
2020-11-23,2.506588751413695,2.5694616501692535,0.006517749651505879,False,0.0,0.14681238672034766,0.3425622356808112,0.3425622356808112,0.14681238672034766
2020-11-30,2.4487801705011867,2.5694616501692535,-0.02306265073594742,False,0.0,0.1420951778813635,0.3315554150565148,0.3315554150565148,0.1420951778813635
2020-12-07,2.4744253706063883,2.5694616501692535,0.01047264283422911,False,0.0,0.13734617201189325,0.32047440136108424,0.32047440136108424,0.13734617201189325
2020-12-14,2.4492836070029558,2.5694616501692535,-0.010160647357601037,False,0.2820051812246261,0.12085936338198262,0.2820051812246261,0.0,0.12085936338198262
2020-12-21,2.4890643778814563,2.5694616501692535,0.016241798526213984,False,0.3411479845962088,0.14620627911266093,0.3411479845962088,0.0,0.14620627911266093
2020-12-28,2.4846995956472995,2.5694616501692535,-0.0017535835042852479,False,0.35,0.15,0.35,0.0,0.15
2021-01-04,2.515446134064639,2.5694616501692535,0.012374348380464608,False,0.35,0.15,0.0,0.35,0.15
2021-01-11,2.488814318522293,2.5694616501692535,-0.010587312994578954,False,0.35,0.15,0.0,0.35,0.15
2021-01-18,2.47563794189525,2.5694616501692535,-0.005294238517104941,False,0.0,0.15,0.35,0.35,0.15
2021-01-25,2.4881782581756777,2.5694616501692535,0.005065488805211671,False,0.3155799096329474,0.1352485326998346,0.3155799096329474,0.0,0.1352485326998346
2021-02-01,2.4267323035359505,2.5694616501692535,-0.024695157767667085,False,0.2937670660148822,0.12590017114923524,0.2937670660148822,0.0,0.12590017114923524
2021-02-08,2.483900936324067,2.5694616501692535,0.023557865325654865,False,0.0,0.12084945100729383,0.2819820523503523,0.2819820523503523,0.12084945100729383
2021-02-15,2.5271941755966174,2.5694616501692535,0.017429535389048345,False,0.2750485410474047,0.11787794616317346,0.0,0.2750485410474047,0.11787794616317346
2021-02-22,2.5166994350446052,2.5694616501692535,-0.004152724255758678,False,0.35,0.15,0.0,0.35,0.15
2021-03-01,2.4705915511226255,2.5694616501692535,-0.01832077493241173,False,0.0,0.11867469058568869,0.27690761136660696,0.27690761136660696,0.11867469058568869
2021-03-08,2.4137621816200645,2.5694616501692535,-0.023002332974359163,False,0.0,0.0983927711220607,0.22958313261814164,0.22958313261814164,0.0983927711220607
2021-03-15,2.422567080733593,2.5694616501692535,0.0036477906483806453,False,0.0,0.0933042516153831,0.2177099204358939,0.2177099204358939,0.0933042516153831
2021-03-22,2.4257195285138353,2.5694616501692535,0.0013012839996519138,False,0.21880253781734343,0.0937725162074329,0.0,0.21880253781734343,0.0937725162074329
2021-03-29,2.4286505740296365,2.5694616501692535,0.0012083200392079584,False,0.21896758997360494,0.0938432528458307,0.0,0.21896758997360494,0.0938432528458307
2021-04-05,2.4521159057385264,2.5694616501692535,0.009661880535558592,False,0.25676590604949173,0.11004253116406788,0.0,0.25676590604949173,0.11004253116406788
2021-04-12,2.475654526358985,2.5694616501692535,0.009599309953241781,False,0.35,0.15,0.0,0.35,0.15
2021-04-19,2.505168901675969,2.5694616501692535,0.011921847334810312,False,0.3025542896867152,0.12966612415144937,0.0,0.3025542896867152,0.12966612415144937
2021-04-26,2.486604482120701,2.5694616501692535,-0.0074104462748393616,False,0.3067920625930125,0.1314823125398625,0.0,0.3067920625930125,0.1314823125398625
2021-05-03,2.483915587708256,2.5694616501692535,-0.0010813518723136765,False,0.3439311553772848,0.14739906659026492,0.0,0.3439311553772848,0.14739906659026492
2021-05-10,2.503833186847802,2.5694616501692535,0.00801862963383657,False,0.35,0.15,0.0,0.35,0.15
2021-05-17,2.4981978555157216,2.5694616501692535,-0.002250681619558976,False,0.35,0.15,0.0,0.35,0.15
2021-05-24,2.5126784347653084,2.5694616501692535,0.00579641008722167,False,0.0,0.15,0.35,0.35,0.15
2021-05-31,2.5552874378971406,2.5694616501692535,0.016957602907835764,False,0.0,0.15,0.35,0.35,0.15
2021-06-07,2.525421133063551,2.5694616501692535,-0.011688041192801271,False,0.0,0.15,0.35,0.35,0.15
2021-06-14,2.5264159365817926,2.5694616501692535,0.00039391589197440005,False,0.0,0.15,0.35,0.35,0.15
2021-06-21,2.461357631554377,2.5694616501692535,-0.025751224921197635,False,0.35,0.15,0.0,0.35,0.15
2021-06-28,2.4861465526370865,2.5694616501692535,0.010071239045036798,False,0.34107604575306094,0.14617544817988326,0.34107604575306094,0.0,0.14617544817988326
2021-07-05,2.4802773300957885,2.5694616501692535,-0.002360770942916526,False,0.35,0.15,0.35,0.0,0.15
2021-07-12,2.4964782206239167,2.5694616501692535,0.006531886709419887,False,0.35,0.15,0.0,0.35,0.15
2021-07-19,2.4952842351839783,2.5694616501692535,-0.0004782679176107105,False,0.35,0.15,0.0,0.35,0.15
2021-07-26,2.520333999000163,2.5694616501692535,0.010038841853356208,False,0.35,0.15,0.0,0.35,0.15
2021-08-02,2.4963400537458464,2.5694616501692535,-0.009520145053725167,False,0.35,0.15,0.0,0.35,0.15
2021-08-09,2.4812754813079425,2.5694616501692535,-0.006034663592926422,False,0.35,0.15,0.0,0.35,0.15
2021-08-16,2.5141232965840072,2.5694616501692535,0.013238278265962525,False,0.35,0.15,0.0,0.35,0.15
2021-08-23,2.5231288467104136,2.5694616501692535,0.0035819842800242597,False,0.35,0.15,0.0,0.35,0.15
2021-08-30,2.5629313308325843,2.5694616501692535,0.015775050162049477,False,0.3319833490408874,0.1422785781603803,0.0,0.3319833490408874,0.1422785781603803
2021-09-06,2.5924648903903518,2.5924648903903518,0.011523351875437574,False,0.35,0.15,0.0,0.35,0.15
2021-09-13,2.5982070953530685,2.5982070953530685,0.0022149595869174355,False,0.35,0.15,0.0,0.35,0.15
2021-09-20,2.568371694584257,2.5982070953530685,-0.011483072624261771,False,0.35,0.15,0.0,0.35,0.15
2021-09-27,2.55072696413016,2.5982070953530685,-0.006870006584834727,False,0.35,0.15,0.0,0.35,0.15
2021-10-04,2.5184691278900346,2.5982070953530685,-0.012646526536847936,False,0.33074765600973083,0.1417489954327418,0.0,0.33074765600973083,0.1417489954327418
2021-10-11,2.5137952366930314,2.5982070953530685,-0.0018558461349569542,False,0.0,0.15,0.35,0.35,0.15
2021-10-18,2.5007213490334794,2.5982070953530685,-0.0052008562466491,False,0.0,0.1296979518777853,0.30262855438149905,0.30262855438149905,0.1296979518777853
2021-10-25,2.521328624049799,2.5982070953530685,0.008240532286527812,False,0.0,0.13374149950937686,0.3120634988552127,0.3120634988552127,0.13374149950937686
2021-11-01,2.4893918574455633,2.5982070953530685,-0.012666641825109813,False,0.0,0.13611195106388,0.31759455248238666,0.31759455248238666,0.13611195106388
2021-11-08,2.489201686378253,2.5982070953530685,-7.639258027695009e-05,False,0.0,0.1490673214551551,0.3478237500620286,0.3478237500620286,0.1490673214551551
2021-11-15,2.513208120241024,2.5982070953530685,0.009644230113671359,False,0.34700925785928877,0.14871825336826663,0.0,0.34700925785928877,0.14871825336826663
2021-11-22,2.5286349317988233,2.5982070953530685,0.006138294490438099,False,0.35,0.15,0.0,0.35,0.15
2021-11-29,2.487790157671841,2.5982070953530685,-0.01615289483402259,False,0.35,0.15,0.0,0.35,0.15
2021-12-06,2.466620827616442,2.5982070953530685,-0.008509290862059614,False,0.35,0.15,0.35,0.0,0.15
2021-12-13,2.5333417850398416,2.5982070953530685,0.027049539465647875,False,0.0,0.15,0.35,0.35,0.15
2021-12-20,2.512348903040984,2.5982070953530685,-0.00828663630104195,False,0.0,0.15,0.35,0.35,0.15
2021-12-27,2.5281440949543716,2.5982070953530685,0.006287021637109721,False,0.0,0.15,0.35,0.35,0.15
2022-01-03,2.533159405976718,2.5982070953530685,0.00198379160126034,False,0.0,0.15,0.35,0.35,0.15
2022-01-10,2.521372366001757,2.5982070953530685,-0.004653098398446989,False,0.0,0.15,0.35,0.35,0.15
2022-01-17,2.510455143732128,2.5982070953530685,-0.004329873055181049,False,0.0,0.15,0.35,0.35,0.15
2022-01-24,2.5289459904988374,2.5982070953530685,0.007365535613283333,False,0.0,0.15,0.35,0.35,0.15
2022-01-31,2.454078117976489,2.5982070953530685,-0.02960437779360425,False,0.0,0.15,0.35,0.35,0.15
2022-02-07,2.4828586553231333,2.5982070953530685,0.011727637003819347,False,0.0,0.15,0.35,0.35,0.15
2022-02-14,2.496669747297229,2.5982070953530685,0.005562576808182402,False,0.0,0.14053023585922267,0.3279038836715195,0.3279038836715195,0.14053023585922267
2022-02-21,2.5292258961374454,2.5982070953530685,0.013039829907604007,False,0.0,0.1330440327087669,0.3104360763204561,0.3104360763204561,0.1330440327087669
2022-02-28,2.514555476631199,2.5982070953530685,-0.005800359520535782,False,0.0,0.1250745202187278,0.29184054717703156,0.29184054717703156,0.1250745202187278
2022-03-07,2.5105812734781026,2.5982070953530685,-0.0015804794087982158,False,0.0,0.1142645006587641,0.2666171682037829,0.2666171682037829,0.1142645006587641
2022-03-14,2.469554722247018,2.5982070953530685,-0.0163414551301288,False,0.0,0.12961011883828794,0.30242361062267187,0.30242361062267187,0.12961011883828794
2022-03-21,2.468394400823699,2.5982070953530685,-0.000469850460435741,False,0.0,0.10081203101680093,0.23522807237253548,0.23522807237253548,0.10081203101680093
2022-03-28,2.468266870173179,2.5982070953530685,-5.1665426917828774e-05,False,0.0,0.075,0.175,0.175,0.075
2022-04-04,2.486285634905606,2.5982070953530685,0.007300168774360623,False,0.17636627312724998,0.07558554562596427,0.0,0.17636627312724998,0.07558554562596427
2022-04-11,2.471289678817009,2.5982070953530685,-0.006031469545600477,False,0.35,0.15,0.0,0.35,0.15
2022-04-18,2.4558663244373706,2.5982070953530685,-0.006241014362598395,False,0.20413320484245442,0.08748565921819475,0.0,0.20413320484245442,0.08748565921819475
2022-04-25,2.429342478809256,2.5982070953530685,-0.010800199247078828,False,0.0,0.12461836885875494,0.29077619400376153,0.29077619400376153,0.12461836885875494
2022-05-02,2.483106600324787,2.5982070953530685,0.02213114123862999,False,0.0,0.118661161751429,0.27687604408666766,0.27687604408666766,0.118661161751429
2022-05-09,2.451504740625865,2.5982070953530685,-0.012726743062415587,False,0.0,0.15,0.35,0.35,0.15
2022-05-16,2.464051747715407,2.5982070953530685,0.005118083959461794,False,0.0,0.09810344995918194,0.22890804990475783,0.22890804990475783,0.09810344995918194
2022-05-23,2.478839303821058,2.5982070953530685,0.0060013171879857025,False,0.0,0.10041454325378006,0.23430060092548682,0.23430060092548682,0.10041454325378006
2022-05-30,2.4808142863764324,2.5982070953530685,0.0007967368245009431,False,0.0,0.09736937174156522,0.22719520073031885,0.22719520073031885,0.09736937174156522
2022-06-06,2.497075610127601,2.5982070953530685,0.006554833161219955,False,0.0,0.1254136810410567,0.29263192242913233,0.29263192242913233,0.1254136810410567
2022-06-13,2.5100423559320544,2.5982070953530685,0.0051927725984201,False,0.0,0.14101866446122308,0.3290435504095205,0.3290435504095205,0.14101866446122308
2022-06-20,2.5235253354183067,2.5982070953530685,0.005371614329291289,False,0.0,0.15,0.35,0.35,0.15
2022-06-27,2.5471742500914907,2.5982070953530685,0.009371379926829028,False,0.0,0.14446918350985305,0.33709476152299045,0.33709476152299045,0.14446918350985305
2022-07-04,2.5526462598282484,2.5982070953530685,0.002148266745614831,False,0.0,0.15,0.35,0.35,0.15
2022-07-11,2.486944549219328,2.5982070953530685,-0.025738666435255027,False,0.0,0.15,0.35,0.35,0.15
2022-07-18,2.4691880359008964,2.5982070953530685,-0.007139891126243764,False,0.0,0.14355116057406145,0.33495270800614335,0.33495270800614335,0.14355116057406145
2022-07-25,2.4583704285196295,2.5982070953530685,-0.0043810383105635535,False,0.34689312882663476,0.14866848378284347,0.0,0.34689312882663476,0.14866848378284347
2022-08-01,2.5109233101256008,2.5982070953530685,0.02137712079363774,False,0.0,0.15,0.35,0.35,0.15
2022-08-08,2.50564097369901,2.5982070953530685,-0.002103742637335492,False,0.2824741156096705,0.12106033526128737,0.0,0.2824741156096705,0.12106033526128737
2022-08-15,2.532938213615299,2.5982070953530685,0.01089431415067846,False,0.28932114814685794,0.12399477777722483,0.0,0.28932114814685794,0.12399477777722483
2022-08-22,2.5137779247981804,2.5982070953530685,-0.007564451716242535,False,0.0,0.15,0.35,0.35,0.15
2022-08-29,2.506150962275195,2.5982070953530685,-0.0030340637682215706,False,0.0,0.15,0.35,0.35,0.15
2022-09-05,2.5008462268512166,2.5982070953530685,-0.002116686306543404,False,0.0,0.15,0.35,0.35,0.15
2022-09-12,2.5322291160005466,2.5982070953530685,0.012548907970580787,False,0.0,0.15,0.35,0.35,0.15
2022-09-19,2.470303679120389,2.5982070953530685,-0.02445491069068962,False,0.0,0.15,0.35,0.35,0.15
2022-09-26,2.43941036913714,2.5982070953530685,-0.01250587538866857,False,0.0,0.15,0.35,0.35,0.15
2022-10-03,2.441582037647209,2.5982070953530685,0.0008902432069422157,False,0.0,0.15,0.35,0.35,0.15
2022-10-10,2.4338952258454283,2.5982070953530685,-0.0031482914287769862,False,0.0,0.15,0.35,0.35,0.15
2022-10-17,2.456487874130395,2.5982070953530685,0.009282506512629008,False,0.0,0.15,0.35,0.35,0.15
2022-10-24,2.407283693728938,2.5982070953530685,-0.0200302964731204,False,0.0,0.15,0.35,0.35,0.15
2022-10-31,2.3545643035956405,2.5982070953530685,-0.02189994900502739,False,0.0,0.15,0.35,0.35,0.15
2022-11-07,2.4350923087647582,2.5982070953530685,0.03420080948570567,True,0.0,0.35,0.0,0.3,0.35
2022-11-14,2.4636449746221283,2.5982070953530685,0.011725496300324689,False,0.0,0.35,0.0,0.3,0.35
2022-11-21,2.459379095537801,2.5982070953530685,-0.0017315315835966343,False,0.0,0.1070175523570102,0.2497076221663571,0.2497076221663571,0.1070175523570102
2022-11-28,2.466519282330095,2.5982070953530685,0.002903247736491431,False,0.0,0.10515544595794751,0.24536270723521084,0.24536270723521084,0.10515544595794751
2022-12-05,2.5046120386776094,2.5982070953530685,0.015443932111298188,False,0.0,0.11553993789573641,0.269593188423385,0.269593188423385,0.11553993789573641
2022-12-12,2.494427324331099,2.5982070953530685,-0.004066384010470465,False,0.0,0.12983931377759012,0.3029583988143769,0.3029583988143769,0.12983931377759012
2022-12-19,2.4828509999334294,2.5982070953530685,-0.004640874594642192,False,0.0,0.15,0.35,0.35,0.15
2022-12-26,2.464573626804994,2.5982070953530685,-0.007361445825353884,False,0.0,0.15,0.35,0.35,0.15
2023-01-02,2.485660382593299,2.5982070953530685,0.008555944752050985,False,0.0,0.146611277792729,0.3420929815163677,0.3420929815163677,0.146611277792729
2023-01-09,2.523504271972394,2.5982070953530685,0.015224883352573089,False,0.0,0.15,0.35,0.35,0.15
2023-01-16,2.5631232698586643,2.5982070953530685,0.01569999239799346,False,0.0,0.15,0.35,0.35,0.15
2023-01-23,2.5890856854208035,2.5982070953530685,0.010129210665537186,False,0.0,0.15,0.35,0.35,0.15
2023-01-30,2.59088455518005,2.5982070953530685,0.0006947895812702658,False,0.0,0.15,0.35,0.35,0.15
2023-02-06,2.546967557563489,2.5982070953530685,-0.016950580653528467,False,0.0,0.15,0.35,0.35,0.15
2023-02-13,2.5657459448970226,2.5982070953530685,0.007372841196099621,False,0.0,0.15,0.35,0.35,0.15
2023-02-20,2.569357857983439,2.5982070953530685,0.0014077438546088836,False,0.0,0.15,0.35,0.35,0.15
2023-02-27,2.55166810833126,2.5982070953530685,-0.006884891334702305,False,0.0,0.15,0.35,0.35,0.15
2023-03-06,2.5879927415386654,2.5982070953530685,0.014235641809687173,False,0.0,0.15,0.35,0.35,0.15
2023-03-13,2.566718525064858,2.5982070953530685,-0.008220353995722185,False,0.0,0.15,0.35,0.35,0.15
2023-03-20,2.60810179001301,2.60810179001301,0.01612302422101637,False,0.0,0.15,0.35,0.35,0.15
2023-03-27,2.602730729509991,2.60810179001301,-0.0020593753371077744,False,0.0,0.15,0.35,0.35,0.15
2023-04-03,2.6204365545792814,2.6204365545792814,0.006802787882949354,False,0.0,0.15,0.35,0.35,0.15
2023-04-10,2.638657089749879,2.638657089749879,0.006953244160312297,False,0.0,0.15,0.35,0.35,0.15
2023-04-17,2.672681046284177,2.672681046284177,0.012894421433716068,False,0.0,0.14681264400167565,0.34256283600390985,0.34256283600390985,0.14681264400167565
2023-04-24,2.626998813714518,2.672681046284177,-0.017092287399265636,False,0.35,0.15,0.35,0.0,0.15
2023-05-01,2.668261492222798,2.672681046284177,0.015707155364084575,False,0.35,0.15,0.0,0.35,0.15
2023-05-08,2.712677921121671,2.712677921121671,0.016646205414399543,False,0.35,0.15,0.0,0.35,0.15
2023-05-15,2.7103173418772966,2.712677921121671,-0.0008702025500315425,False,0.35,0.15,0.0,0.35,0.15
2023-05-22,2.7348458774719657,2.7348458774719657,0.009050060380634075,False,0.35,0.15,0.0,0.35,0.15
2023-05-29,2.768056369356101,2.768056369356101,0.01214346013342232,False,0.3401247328798158,0.14576774266277823,0.0,0.3401247328798158,0.14576774266277823
2023-06-05,2.7920999059050104,2.7920999059050104,0.00868607186439001,False,0.31657657879031903,0.13567567662442245,0.0,0.31657657879031903,0.13567567662442245
2023-06-12,2.813578890300601,2.813578890300601,0.007692770717181217,False,0.33048046944637716,0.14163448690559022,0.0,0.33048046944637716,0.14163448690559022
2023-06-19,2.833133134792871,2.833133134792871,0.006949954223668747,False,0.3221218641167528,0.13805222747860835,0.0,0.3221218641167528,0.13805222747860835
2023-06-26,2.8138755363367425,2.833133134792871,-0.006797279739392412,False,0.0,0.15,0.35,0.35,0.15
2023-07-03,2.853344033331889,2.853344033331889,0.01402638335828062,False,0.339668012704319,0.14557200544470814,0.0,0.339668012704319,0.14557200544470814
2023-07-10,2.835750659094098,2.853344033331889,-0.006165879064098358,False,0.0,0.15,0.35,0.35,0.15
2023-07-17,2.85892047702672,2.85892047702672,0.00817061184780732,False,0.0,0.15,0.35,0.35,0.15
2023-07-24,2.854908342851975,2.85892047702672,-0.001403373828333157,False,0.35,0.15,0.0,0.35,0.15
2023-07-31,2.879036768357372,2.879036768357372,0.008451558721949477,False,0.0,0.15,0.35,0.35,0.15
2023-08-07,2.867691661157638,2.879036768357372,-0.003940591285399498,False,0.35,0.15,0.0,0.35,0.15
2023-08-14,2.850200171687028,2.879036768357372,-0.0060995014587965695,False,0.0,0.15,0.35,0.35,0.15
2023-08-21,2.8201428715426506,2.879036768357372,-0.010545680420258616,False,0.35,0.15,0.0,0.35,0.15
2023-08-28,2.84626223444234,2.879036768357372,0.009261716192911164,False,0.35,0.15,0.0,0.35,0.15
2023-09-04,2.8959145957278682,2.8959145957278682,0.017444759897626286,False,0.0,0.15,0.35,0.35,0.15
2023-09-11,2.8775729087009974,2.8959145957278682,-0.006333642246884232,False,0.0,0.15,0.35,0.35,0.15
2023-09-18,2.866003342561823,2.8959145957278682,-0.0040205987845489625,False,0.0,0.15,0.35,0.35,0.15
2023-09-25,2.879058401567177,2.8959145957278682,0.0045551443752625785,False,0.0,0.15,0.35,0.35,0.15
2023-10-02,2.838239123539421,2.8959145957278682,-0.014177995835560793,False,0.0,0.15,0.35,0.35,0.15
2023-10-09,2.827674632977064,2.8959145957278682,-0.003722198906617301,False,0.0,0.15,0.35,0.35,0.15
2023-10-16,2.824104727327478,2.8959145957278682,-0.0012624881264460047,False,0.0,0.15,0.35,0.35,0.15
2023-10-23,2.7926857558832983,2.8959145957278682,-0.01112528552505648,False,0.0,0.15,0.35,0.35,0.15
2023-10-30,2.83474531218335,2.8959145957278682,0.015060611889986567,False,0.0,0.15,0.35,0.35,0.15
2023-11-06,2.841393246160473,2.8959145957278682,0.0023451609386390963,False,0.0,0.1439902695712365,0.33597729566621853,0.33597729566621853,0.1439902695712365
2023-11-13,2.8196019356020123,2.8959145957278682,-0.007669234305355893,False,0.0,0.15,0.35,0.35,0.15
2023-11-20,2.818925358552261,2.8959145957278682,-0.0002399548110705573,False,0.0,0.15,0.35,0.35,0.15
2023-11-27,2.804968692010398,2.8959145957278682,-0.004951059274953892,False,0.0,0.15,0.35,0.35,0.15
2023-12-04,2.8112214392652892,2.8959145957278682,0.002229168287225899,False,0.35,0.15,0.0,0.35,0.15
2023-12-11,2.8022653718281725,2.8959145957278682,-0.003185827808519318,False,0.35,0.15,0.0,0.35,0.15
2023-12-18,2.835575802778863,2.8959145957278682,0.011886965198074447,False,0.35,0.15,0.0,0.35,0.15
2023-12-25,2.8502224224528248,2.8959145957278682,0.005165307046141541,False,0.35,0.15,0.0,0.35,0.15
2024-01-01,2.8634759355447157,2.8959145957278682,0.004649992571627191,False,0.35,0.15,0.0,0.35,0.15
2024-01-08,2.846347204377852,2.8959145957278682,-0.0059817967925772375,False,0.35,0.15,0.0,0.35,0.15
2024-01-15,2.893954116193537,2.8959145957278682,0.016725616517360344,False,0.35,0.15,0.0,0.35,0.15
2024-01-22,2.908324204434268,2.908324204434268,0.004965554968657467,False,0.35,0.15,0.0,0.35,0.15
2024-01-29,2.9390355231860905,2.9390355231860905,0.01055979890584327,False,0.35,0.15,0.0,0.35,0.15
2024-02-05,2.9474618098542162,2.9474618098542162,0.0028670244376601778,False,0.34332774245259695,0.14714046105111298,0.0,0.34332774245259695,0.14714046105111298
2024-02-12,2.9769310133933105,2.9769310133933105,0.009998162975537345,False,0.31866507294863994,0.13657074554941712,0.0,0.31866507294863994,0.13657074554941712
2024-02-19,2.9776673476274915,2.9776673476274915,0.00024734675774087933,False,0.35,0.15,0.0,0.35,0.15
2024-02-26,2.9864805166150927,2.9864805166150927,0.0029597560636259583,False,0.3136131096054297,0.13440561840232704,0.0,0.3136131096054297,0.13440561840232704
2024-03-04,3.0283753125723574,3.0283753125723574,0.014028149764977661,False,0.0,0.14842983993795614,0.34633629318856435,0.34633629318856435,0.14842983993795614
2024-03-11,3.0885006846954925,3.0885006846954925,0.019854002862037617,False,0.0,0.15,0.35,0.35,0.15
2024-03-18,3.0731169323544503,3.0885006846954925,-0.0049809774746930905,False,0.0,0.15,0.35,0.35,0.15
2024-03-25,3.0753696076175148,3.0885006846954925,0.0007330262117095105,False,0.0,0.15,0.35,0.35,0.15
2024-04-01,3.144110830467509,3.144110830467509,0.022352182540832106,False,0.0,0.15,0.35,0.35,0.15
2024-04-08,3.1806924770523373,3.1806924770523373,0.011634973624447166,False,0.0,0.15,0.35,0.35,0.15
2024-04-15,3.210509610691972,3.210509610691972,0.009374415745865354,False,0.0,0.15,0.35,0.35,0.15
2024-04-22,3.195029433005599,3.210509610691972,-0.004821719777701133,False,0.35,0.15,0.0,0.35,0.15
2024-04-29,3.2029528894602852,3.210509610691972,0.002479932226237011,False,0.0,0.13721868351595953,0.3201769282039056,0.3201769282039056,0.13721868351595953
2024-05-06,3.2108668394024416,3.2108668394024416,0.0024708293300842177,False,0.0,0.1177322823222386,0.27470865875189004,0.27470865875189004,0.1177322823222386
2024-05-13,3.23605263229957,3.23605263229957,0.007843923201067936,False,0.0,0.11768296046812912,0.2745935744256346,0.2745935744256346,0.11768296046812912
2024-05-20,3.2840074748305836,3.2840074748305836,0.014818931574959093,False,0.28409180364925596,0.12175363013539542,0.28409180364925596,0.0,0.12175363013539542
2024-05-27,3.285594285196078,3.285594285196078,0.000483193286756052,False,0.33744857218707813,0.14462081665160492,0.33744857218707813,0.0,0.14462081665160492
2024-06-03,3.250452361008889,3.285594285196078,-0.010695758860285388,False,0.35,0.15,0.35,0.0,0.15
2024-06-10,3.278420680852987,3.285594285196078,0.008604439240394661,False,0.35,0.15,0.35,0.0,0.15
2024-06-17,3.292922335604854,3.292922335604854,0.004423366054442403,False,0.35,0.15,0.35,0.0,0.15
2024-06-24,3.277601887636991,3.292922335604854,-0.004652538507273707,False,0.35,0.15,0.35,0.0,0.15
2024-07-01,3.3217748906788755,3.3217748906788755,0.013477232609763854,False,0.35,0.15,0.35,0.0,0.15
2024-07-08,3.3494568807073413,3.3494568807073413,0.008333493671152605,False,0.35,0.15,0.35,0.0,0.15
2024-07-15,3.3749298343131127,3.3749298343131127,0.007605099726016435,False,0.35,0.15,0.35,0.0,0.15
2024-07-22,3.321438854283732,3.3749298343131127,-0.015849508776607728,False,0.0,0.15,0.35,0.35,0.15
2024-07-29,3.2710083531324132,3.3749298343131127,-0.015183329684446027,False,0.0,0.15,0.35,0.35,0.15
2024-08-05,3.249573355268912,3.3749298343131127,-0.006553024495634293,False,0.0,0.1472058764253477,0.34348037832581124,0.34348037832581124,0.1472058764253477
2024-08-12,3.256757556139005,3.3749298343131127,0.0022108135698628733,False,0.0,0.13554652813397802,0.3162752323126154,0.3162752323126154,0.13554652813397802
2024-08-19,3.295118086939148,3.3749298343131127,0.01177874930475963,False,0.0,0.1342078604577135,0.31315167440133146,0.31315167440133146,0.1342078604577135
2024-08-26,3.2860624464568517,3.3749298343131127,-0.0027481990761392713,False,0.0,0.14534431686843977,0.3391367393596928,0.3391367393596928,0.14534431686843977
2024-09-02,3.2452143685236594,3.3749298343131127,-0.012430706536705114,False,0.0,0.15,0.35,0.35,0.15
2024-09-09,3.2002937735498898,3.3749298343131127,-0.013842104056196873,False,0.0,0.15,0.35,0.35,0.15
2024-09-16,3.2074777227100344,3.3749298343131127,0.002244778032416573,False,0.0,0.15,0.35,0.35,0.15
2024-09-23,3.2592546375779983,3.3749298343131127,0.01614256414046634,False,0.0,0.15,0.35,0.35,0.15
2024-09-30,3.6636438837831045,3.6636438837831045,0.12407414920658479,False,0.0,0.15,0.35,0.35,0.15
2024-10-14,3.621362484133915,3.6636438837831045,-0.011540804999182743,False,0.0,0.09311985536667637,0.21727966252224484,0.21727966252224484,0.09311985536667637
2024-10-21,3.640394986438381,3.6636438837831045,0.0052556192283573205,False,0.239614101697022,0.10269175787015229,0.0,0.239614101697022,0.10269175787015229
2024-10-28,3.645380210421952,3.6636438837831045,0.0013694184290834277,False,0.2296909175109834,0.09843896464756431,0.0,0.2296909175109834,0.09843896464756431
2024-11-04,3.626599207444541,3.6636438837831045,-0.0051520011338508165,False,0.24520919009025804,0.10508965289582488,0.0,0.24520919009025804,0.10508965289582488
2024-11-11,3.669814709269632,3.669814709269632,0.011916260759220402,False,0.24995046445059538,0.10712162762168374,0.0,0.24995046445059538,0.10712162762168374
2024-11-18,3.6288247337131265,3.669814709269632,-0.011169494594091731,False,0.2786287682038855,0.11941232923023665,0.0,0.2786287682038855,0.11941232923023665
2024-11-25,3.672922498596494,3.672922498596494,0.012152079011610367,False,0.29638201866966973,0.12702086514414418,0.0,0.29638201866966973,0.12702086514414418
2024-12-02,3.675498544598013,3.675498544598013,0.0007013613825239377,False,0.2682093381695362,0.11494685921551552,0.0,0.2682093381695362,0.11494685921551552
2024-12-09,3.744164949824216,3.744164949824216,0.01868220171849178,False,0.28009165941137343,0.12003928260487433,0.0,0.28009165941137343,0.12003928260487433
2024-12-16,3.776626645739788,3.776626645739788,0.00866994279114112,False,0.3320284178430497,0.14229789336130702,0.0,0.3320284178430497,0.14229789336130702
2024-12-23,3.7728356468969557,3.776626645739788,-0.0010038055647118367,False,0.3430397158500865,0.1470170210786085,0.0,0.3430397158500865,0.1470170210786085
2024-12-30,3.7675614071422996,3.776626645739788,-0.0013979511031692766,False,0.0,0.15,0.35,0.35,0.15
2025-01-06,3.6884477281550994,3.776626645739788,-0.02099864353563602,False,0.0,0.15,0.35,0.35,0.15
2025-01-13,3.6836999757339646,3.776626645739788,-0.0012871952569352585,False,0.0,0.14942308071621327,0.3486538550044976,0.3486538550044976,0.14942308071621327
2025-01-20,3.736563340798742,3.776626645739788,0.014350616340367037,False,0.0,0.15,0.35,0.35,0.15
2025-01-27,3.7566508029521044,3.776626645739788,0.005375919078911805,False,0.0,0.15,0.35,0.35,0.15
2025-02-10,3.8420143643921554,3.8420143643921554,0.02272331550565465,False,0.35,0.15,0.0,0.35,0.15
2025-02-17,3.8626649970106635,3.8626649970106635,0.005374949352063481,False,0.0,0.13765218766384432,0.3211884378823034,0.3211884378823034,0.13765218766384432
2025-02-24,3.8760221523903424,3.8760221523903424,0.0034580154867211335,False,0.0,0.1384153339613868,0.3229691125765692,0.3229691125765692,0.1384153339613868
2025-03-03,3.8302326787457113,3.8760221523903424,-0.011813522174116794,False,0.35,0.15,0.35,0.0,0.15
2025-03-10,3.7992834551930574,3.8760221523903424,-0.008080246331872635,False,0.0,0.1368157314674777,0.319236706757448,0.319236706757448,0.1368157314674777
2025-03-17,3.8568979304506126,3.8760221523903424,0.015164563512313056,False,0.0,0.15,0.35,0.35,0.15
2025-03-24,3.8579950948564825,3.8760221523903424,0.000284468094736888,False,0.0,0.15,0.35,0.35,0.15
2025-03-31,3.8932901712275565,3.8932901712275565,0.009148553977720018,False,0.0,0.15,0.35,0.35,0.15
2025-04-07,3.7472909122423412,3.8932901712275565,-0.037500225404257896,False,0.0,0.15,0.35,0.35,0.15
2025-04-14,3.9039010805235392,3.9039010805235392,0.041792903713334675,False,0.0,0.15,0.35,0.35,0.15
2025-04-21,3.997010118497908,3.997010118497908,0.023850255437794624,False,0.0,0.09155121096514889,0.21361949225201404,0.21361949225201404,0.09155121096514889
2025-04-28,3.973573481443434,3.997010118497908,-0.005863542087624657,False,0.0,0.09292133052944611,0.21681643790204091,0.21681643790204091,0.09292133052944611
2025-05-05,3.965922362553606,3.997010118497908,-0.0019255007930666116,False,0.0,0.075,0.175,0.175,0.075
2025-05-12,3.9858263838203127,3.997010118497908,0.005018762206401542,False,0.0,0.15,0.35,0.35,0.15
2025-05-19,3.95755122770177,3.997010118497908,-0.007093925674565351,False,0.0,0.11837061867431431,0.27619811024006674,0.27619811024006674,0.11837061867431431
2025-05-26,3.9862394225240583,3.997010118497908,0.0072489762410347285,False,0.3333959750518168,0.14288398930792148,0.3333959750518168,0.0,0.14288398930792148
2025-06-02,4.000432140220551,4.000432140220551,0.00356042780980419,False,0.3344055238975529,0.14331665309895125,0.3344055238975529,0.0,0.14331665309895125
2025-06-09,4.031706860517326,4.031706860517326,0.00781783547390727,False,0.35,0.15,0.35,0.0,0.15
2025-06-16,4.029618694483238,4.031706860517326,-0.0005179359775723519,False,0.35,0.15,0.35,0.0,0.15
2025-06-23,4.026817308747759,4.031706860517326,-0.0006951987142889301,False,0.0,0.15,0.35,0.35,0.15
2025-06-30,4.029339732811615,4.031706860517326,0.0006264063826228548,False,0.0,0.15,0.35,0.35,0.15
2025-07-07,4.065569055354789,4.065569055354789,0.008991379467993965,False,0.0,0.15,0.35,0.35,0.15
2025-07-14,4.107714427201324,4.107714427201324,0.010366413968795963,False,0.35,0.15,0.35,0.0,0.15
2025-07-21,4.163265884316511,4.163265884316511,0.013523690144408428,False,0.35,0.15,0.35,0.0,0.15
2025-07-28,4.193277247686484,4.193277247686484,0.007208610788715059,False,0.35,0.15,0.35,0.0,0.15
2025-08-04,4.135299286758994,4.193277247686484,-0.01382640772428704,False,0.35,0.15,0.35,0.0,0.15
2025-08-11,4.212283298469567,4.212283298469567,0.018616309575723047,False,0.0,0.15,0.35,0.35,0.15
2025-08-18,4.250071248428249,4.250071248428249,0.008970894709862266,False,0.0,0.15,0.35,0.35,0.15
2025-08-25,4.346836911610258,4.346836911610258,0.022768009646378193,False,0.0,0.15,0.35,0.35,0.15
2025-09-01,4.3944729716216075,4.3944729716216075,0.010958787039862097,False,0.0,0.15,0.35,0.35,0.15
2025-09-08,4.411016129435121,4.411016129435121,0.0037645373905688144,False,0.0,0.15,0.35,0.35,0.15
2025-09-15,4.4469787847017335,4.4469787847017335,0.008152918559202155,False,0.35,0.15,0.0,0.35,0.15
2025-09-22,4.4964627948517375,4.4964627948517375,0.011127557055193645,False,0.35,0.15,0.0,0.35,0.15
2025-09-29,4.560645539491617,4.560645539491617,0.01427405219795565,False,0.35,0.15,0.0,0.35,0.15
2025-10-06,4.583876924584774,4.583876924584774,0.005093880875413741,False,0.35,0.15,0.0,0.35,0.15
2025-10-13,4.708862364380625,4.708862364380625,0.02726631666865109,False,0.35,0.15,0.0,0.35,0.15
2025-10-20,4.830843850781055,4.830843850781055,0.02590466167011761,False,0.3182516402518243,0.1363935601079247,0.0,0.3182516402518243,0.1363935601079247
2025-10-27,4.858610768158227,4.858610768158227,0.005747839970584648,False,0.2555521420110791,0.10952234657617678,0.0,0.2555521420110791,0.10952234657617678
2025-11-03,4.859276118366057,4.859276118366057,0.00013694247997605362,False,0.29616733425769437,0.12692885753901187,0.29616733425769437,0.0,0.12692885753901187
2025-11-10,4.865940161890154,4.865940161890154,0.0013714066378960658,False,0.27234346036802837,0.11671862587201216,0.27234346036802837,0.0,0.11671862587201216
2025-11-17,4.809393535020829,4.865940161890154,-0.011620904694265717,False,0.27003282044166604,0.11572835161785687,0.27003282044166604,0.0,0.11572835161785687
2025-11-24,4.721205655579007,4.865940161890154,-0.0183365904244805,False,0.28226824243667836,0.12097210390143359,0.28226824243667836,0.0,0.12097210390143359
2025-12-01,4.820583725843529,4.865940161890154,0.021049299165158818,False,0.0,0.12000729283159015,0.28001701660704365,0.28001701660704365,0.12000729283159015
2025-12-08,4.8155259977366445,4.865940161890154,-0.0010491941214027856,False,0.0,0.1391224201016253,0.32461898023712565,0.32461898023712565,0.1391224201016253
2025-12-15,4.827408861640008,4.865940161890154,0.002467614941534727,False,0.0,0.14033413443798157,0.32744631368862365,0.32744631368862365,0.14033413443798157
2025-12-22,4.875362569914937,4.875362569914937,0.009933633062652405,False,0.0,0.15,0.35,0.35,0.15
2025-12-29,4.898752249806572,4.898752249806572,0.004797526246759174,False,0.0,0.15,0.35,0.35,0.15
2026-01-05,4.913052037881428,4.913052037881428,0.0029190674166918104,False,0.0,0.15,0.35,0.35,0.15
2026-01-12,4.982947000870847,4.982947000870847,0.014226383610534313,False,0.0,0.15,0.35,0.35,0.15
2026-01-19,4.993938801461574,4.993938801461574,0.0022058835040401903,False,0.0,0.15,0.35,0.35,0.15
2026-01-26,5.152885878884739,5.152885878884739,0.03182799864841058,False,0.35,0.15,0.35,0.0,0.15
2026-02-02,5.062330298842754,5.152885878884739,-0.01757376005804025,False,0.35,0.15,0.35,0.0,0.15
2026-02-09,5.1438446533853766,5.152885878884739,0.016102140660647135,False,0.35,0.15,0.35,0.0,0.15
2026-02-16,5.0977413214204095,5.152885878884739,-0.008962815767506576,False,0.3408991223692887,0.1460996238725523,0.3408991223692887,0.0,0.1460996238725523
2026-03-02,5.106517825375448,5.152885878884739,0.0017216456076657378,False,0.35,0.15,0.35,0.0,0.15
2026-03-09,5.021532151388556,5.152885878884739,-0.01664258833379161,False,0.3231670678141811,0.13850017192036332,0.3231670678141811,0.0,0.13850017192036332
2026-03-16,5.066278411487335,5.152885878884739,0.00891087794517182,False,0.2919872917391688,0.12513741074535806,0.2919872917391688,0.0,0.12513741074535806
2026-03-23,4.884666565177503,5.152885878884739,-0.03584719029614395,False,0.33061067823572704,0.14169029067245445,0.33061067823572704,0.0,0.14169029067245445
2026-03-30,4.93514145688478,5.152885878884739,0.01033333412501674,False,0.3429529802650681,0.1469798486850292,0.3429529802650681,0.0,0.1469798486850292
2026-04-06,4.96306272350254,5.152885878884739,0.005657642615047773,False,0.24248051868403853,0.10392022229315938,0.24248051868403853,0.0,0.10392022229315938
2026-04-13,5.057730956551157,5.152885878884739,0.019074559062152465,False,0.35,0.15,0.35,0.0,0.15
2026-04-20,5.190111889406091,5.190111889406091,0.026173976827190557,False,0.18657946148566829,0.0799626263510007,0.18657946148566829,0.0,0.0799626263510007
