mom_w,vol_w,val_w,top_n,defensive_allocation,total_return,annual_return,max_drawdown,defensive_weeks,total_weeks
0.2,0.6,0.1,2,0.55,3.159847366539376,0.11625302223666956,-0.12330799401092087,53,674
0.3,0.6,0.0,2,0.55,3.100585118170489,0.11501798936925867,-0.10953231064207414,28,674
0.2,0.4,0.0,2,0.55,3.100585118170489,0.11501798936925867,-0.10953231064207414,28,674
0.2,0.5,0.0,2,0.55,3.0913596413358713,0.11482424924453483,-0.10953231064207479,28,674
0.2,0.6,0.0,2,0.55,3.0323334414120957,0.11357503947237091,-0.1095323106420742,28,674
0.2,0.5,0.1,2,0.55,2.9657817616436093,0.11214616018924106,-0.12434935531737015,58,674
0.5,0.6,0.0,2,0.55,2.9269091838255616,0.11130128598419331,-0.10953231064207457,48,674
0.2,0.6,0.1,2,0.6,2.9209802699028407,0.11117174646001549,-0.12729899499054284,54,674
0.3,0.6,0.0,2,0.6,2.9182338707279025,0.11111167972252978,-0.11502377396296207,30,674
0.2,0.4,0.0,2,0.6,2.9182338707279025,0.11111167972252978,-0.11502377396296207,30,674
0.3,0.5,0.1,2,0.55,2.896472840748034,0.110634363997546,-0.12434935531737015,54,674
0.4,0.4,0.0,2,0.55,2.889189112746335,0.11047404997674937,-0.1230051076387836,51,674
0.5,0.5,0.0,2,0.55,2.889189112746335,0.11047404997674937,-0.1230051076387836,51,674
0.2,0.2,0.0,2,0.55,2.889189112746335,0.11047404997674937,-0.1230051076387836,51,674
0.3,0.3,0.0,2,0.55,2.889189112746335,0.11047404997674937,-0.1230051076387836,51,674
0.6,0.6,0.0,2,0.55,2.889189112746335,0.11047404997674937,-0.1230051076387836,51,674
0.4,0.5,0.1,2,0.55,2.8827892952935525,0.1103329618830029,-0.1243493553173699,54,674
0.3,0.6,0.1,2,0.55,2.871346288445829,0.11008015766690793,-0.13207091362868595,75,674
0.3,0.5,0.0,2,0.55,2.8588296632296863,0.10980284367717519,-0.10953231064207494,40,674
0.2,0.5,0.0,2,0.6,2.8479810705940736,0.10956181367416984,-0.11502377396296168,34,674
0.2,0.3,0.0,2,0.55,2.8431442821611044,0.10945414952020482,-0.11596722780191077,51,674
0.4,0.6,0.0,2,0.55,2.8431442821611044,0.10945414952020482,-0.11596722780191077,51,674
0.3,0.5,0.0,2,0.6,2.842814241440012,0.10944679844520211,-0.11502377396296189,34,674
0.3,0.4,0.0,2,0.55,2.8341400678058206,0.1092533873402477,-0.11596722780191142,55,674
0.2,0.4,0.1,2,0.55,2.825462371085914,0.10905949320562036,-0.12263572321760423,60,674
0.3,0.6,0.2,2,0.55,2.8135901112229003,0.10879356128927298,-0.1474727824024422,70,674
0.3,0.4,0.1,2,0.55,2.8110605516466483,0.10873680186261603,-0.14747278240244216,68,674
0.4,0.5,0.0,2,0.55,2.7991116910634806,0.10846821691954789,-0.11596722780191103,55,674
0.2,0.6,0.0,2,0.6,2.7975043757494675,0.1084320284255722,-0.11502377396296218,34,674
0.2,0.5,0.1,2,0.6,2.754028901581327,0.10744778254840348,-0.13195576393263717,62,674
0.3,0.3,0.0,2,0.6,2.7211554249257746,0.10669654741941614,-0.12730388105577845,53,674
0.4,0.4,0.0,2,0.6,2.7211554249257746,0.10669654741941614,-0.12730388105577845,53,674
0.6,0.6,0.0,2,0.6,2.7211554249257746,0.10669654741941614,-0.12730388105577845,53,674
0.2,0.2,0.0,2,0.6,2.7211554249257746,0.10669654741941614,-0.12730388105577845,53,674
0.5,0.5,0.0,2,0.6,2.7211554249257746,0.10669654741941614,-0.12730388105577845,53,674
0.5,0.6,0.0,2,0.6,2.719993720508688,0.1066698878947534,-0.11502377396296197,48,674
0.2,0.6,0.2,2,0.55,2.717886677312097,0.1066215145291991,-0.14747278240244208,70,674
0.4,0.6,0.2,2,0.55,2.7136088765399853,0.10652322717484397,-0.14747278240244255,73,674
0.2,0.3,0.1,2,0.55,2.7136088765399853,0.10652322717484397,-0.14747278240244255,73,674
0.2,0.6,0.1,2,0.65,2.704747788139782,0.10631930074257667,-0.1347927358946035,55,674
0.4,0.5,0.1,2,0.6,2.700145247838996,0.10621320157601666,-0.13195576393263703,58,674
0.3,0.5,0.1,2,0.6,2.696804113807833,0.10613610440770582,-0.13195576393263717,58,674
0.4,0.6,0.1,2,0.55,2.696330539458885,0.10612517140590261,-0.1320709136286858,75,674
0.3,0.6,0.0,2,0.65,2.6961957225411974,0.10612205876783332,-0.1205882471634938,38,674
0.2,0.4,0.0,2,0.65,2.6961957225411974,0.10612205876783332,-0.1205882471634938,38,674
0.2,0.5,0.0,2,0.65,2.691669970878033,0.10601750787333875,-0.1205882471634944,38,674
0.5,0.6,0.0,2,0.65,2.691011008902471,0.10600227510954219,-0.12058824716349378,51,674
0.5,0.3,0.0,2,0.55,2.6897329714307254,0.10597272445451744,-0.13207091362868562,71,674
0.2,0.4,0.1,2,0.6,2.6885648666934028,0.10594570738991638,-0.1264506165995078,58,674
0.4,0.6,0.0,2,0.6,2.683574944195932,0.10583020662118647,-0.11502377396296165,42,674
0.2,0.3,0.0,2,0.6,2.683574944195932,0.10583020662118647,-0.11502377396296165,42,674
0.3,0.6,0.1,2,0.6,2.6775406400483748,0.1056903387125172,-0.13491554989013121,84,674
0.5,0.4,0.1,2,0.55,2.665899041939609,0.10541990098676512,-0.1479186416097725,69,674
0.3,0.4,0.0,2,0.6,2.6631457898301383,0.10535582626080187,-0.11502377396296184,49,674
0.6,0.4,0.1,2,0.55,2.6577656775622205,0.10523048986972183,-0.14791864160977258,69,674
0.4,0.4,0.1,2,0.55,2.6521479590481016,0.10509943644812458,-0.14791864160977228,67,674
0.3,0.2,0.0,2,0.55,2.649591494164217,0.10503973613811146,-0.13207091362868562,70,674
0.6,0.4,0.0,2,0.55,2.649591494164217,0.10503973613811146,-0.13207091362868562,70,674
0.2,0.6,0.0,2,0.65,2.642865613675775,0.10488248426730307,-0.12058824716349367,43,674
0.3,0.4,0.0,2,0.65,2.6413095049649242,0.10484606410004593,-0.1205882471634942,51,674
0.3,0.6,0.2,2,0.6,2.6400471243591106,0.10481650797998165,-0.1453187453763073,68,674
0.4,0.5,0.0,2,0.6,2.633474062367252,0.10466245984086187,-0.11502377396296179,49,674
0.3,0.5,0.0,2,0.65,2.6325076025035026,0.10463978793084117,-0.12058824716349394,42,674
0.4,0.3,0.0,2,0.55,2.631899977068799,0.10462553096644478,-0.12405503171791804,58,674
0.5,0.6,0.1,2,0.55,2.6317178898126175,0.10462125814993395,-0.13207091362868545,75,674
0.3,0.4,0.1,2,0.6,2.627845952099326,0.10453035334410288,-0.14531874537630707,68,674
0.5,0.5,0.1,2,0.55,2.6251949527673624,0.10446806190531732,-0.15106334437983543,69,674
0.4,0.5,0.0,2,0.65,2.6155877287018745,0.10424196490019533,-0.12058824716349356,51,674
0.6,0.6,0.0,2,0.65,2.612164908666411,0.10416127807264086,-0.13504756594980016,61,674
0.5,0.5,0.0,2,0.65,2.612164908666411,0.10416127807264086,-0.13504756594980016,61,674
0.2,0.2,0.0,2,0.65,2.612164908666411,0.10416127807264086,-0.13504756594980016,61,674
0.4,0.4,0.0,2,0.65,2.612164908666411,0.10416127807264086,-0.13504756594980016,61,674
0.3,0.3,0.0,2,0.65,2.612164908666411,0.10416127807264086,-0.13504756594980016,61,674
0.4,0.6,0.0,2,0.65,2.6034438173657732,0.10395537466772642,-0.12058824716349371,42,674
0.2,0.3,0.0,2,0.65,2.6034438173657732,0.10395537466772642,-0.12058824716349371,42,674
0.2,0.3,0.1,2,0.6,2.6013339581112613,0.10390549218549383,-0.14531874537630735,69,674
0.4,0.6,0.2,2,0.6,2.6013339581112613,0.10390549218549383,-0.14531874537630735,69,674
0.2,0.6,0.1,2,0.7,2.596613463002518,0.10379378983613607,-0.13837132474599237,48,674
0.5,0.6,0.2,2,0.55,2.593486632057409,0.103719724276228,-0.14747278240244213,76,674
0.6,0.5,0.1,2,0.55,2.5904697850369938,0.10364820752118908,-0.15106334437983582,68,674
0.2,0.5,0.1,2,0.65,2.5832949359543242,0.10347789899906834,-0.13541754439320886,60,674
0.6,0.5,0.0,2,0.55,2.559444459667201,0.10290949245445602,-0.1240550317179176,58,674
0.2,0.6,0.2,2,0.6,2.558273149525487,0.10288148723647761,-0.14531874537630687,68,674
0.5,0.3,0.0,2,0.6,2.551038021554444,0.10270831150364068,-0.13491554989013121,74,674
0.5,0.6,0.2,2,0.6,2.548274798393154,0.102642086693991,-0.1453187453763073,69,674
0.6,0.6,0.1,2,0.55,2.542458058037991,0.10250252405466687,-0.132070913628685,75,674
0.5,0.4,0.0,2,0.55,2.5350979602797667,0.1023256278091389,-0.12405503171791737,58,674
0.2,0.4,0.1,2,0.65,2.529879641119399,0.10220000209999935,-0.13404764163137436,70,674
0.4,0.4,0.1,2,0.6,2.5289335214362927,0.10217720688185183,-0.14687056732980355,69,674
0.4,0.6,0.1,2,0.6,2.5261194584431053,0.10210937325123637,-0.1349155498901314,84,674
0.3,0.5,0.1,2,0.65,2.526023101498689,0.10210704966060069,-0.13541754439320886,60,674
0.5,0.5,0.1,2,0.6,2.5217871491759687,0.10200484422405887,-0.1486358377793464,70,674
0.4,0.5,0.1,2,0.65,2.5201648460339396,0.10196567110214882,-0.13541754439320935,60,674
0.5,0.3,0.1,2,0.55,2.5093773963101,0.10170476624086189,-0.14784138578854256,97,674
0.6,0.4,0.0,2,0.6,2.5080274244687137,0.10167206378188354,-0.13491554989013155,74,674
0.3,0.2,0.0,2,0.6,2.5080274244687137,0.10167206378188354,-0.13491554989013155,74,674
0.5,0.4,0.1,2,0.6,2.5039532142145444,0.10157329741255072,-0.14687056732980383,70,674
0.3,0.6,0.1,2,0.65,2.5005368270408503,0.10149039615944178,-0.13810238053568127,80,674
0.6,0.4,0.1,2,0.6,2.499323512829626,0.10146093619193364,-0.1468705673298038,70,674
0.2,0.5,0.2,2,0.55,2.4939659711320323,0.1013307391815661,-0.1431092507015381,92,674
0.6,0.5,0.1,2,0.6,2.484255639058553,0.10109429197650344,-0.14863583777934652,70,674
0.5,0.3,0.0,2,0.65,2.4819557478151517,0.10103820041133571,-0.13810238053568147,68,674
0.3,0.6,0.0,2,0.7,2.480534611993153,0.10100352353445041,-0.1260564089316789,40,674
0.2,0.4,0.0,2,0.7,2.480534611993153,0.10100352353445041,-0.1260564089316789,40,674
0.2,0.5,0.0,2,0.7,2.478482089742565,0.10095341724109286,-0.12605640893167902,40,674
0.5,0.6,0.0,2,0.7,2.4759035093797137,0.10089043010147591,-0.12605640893167958,59,674
0.4,0.3,0.0,2,0.6,2.474991107910587,0.10086813248633364,-0.132010725410725,57,674
0.5,0.6,0.1,2,0.6,2.473221325927443,0.10082486647104849,-0.13491554989013116,84,674
0.4,0.2,0.0,2,0.55,2.471397831099017,0.10078026604699031,-0.14024536412390323,109,674
0.6,0.3,0.0,2,0.55,2.471397831099017,0.10078026604699031,-0.14024536412390323,109,674
0.6,0.6,0.0,2,0.7,2.465907548350633,0.10064584986663228,-0.13881579780299447,59,674
0.5,0.5,0.0,2,0.7,2.465907548350633,0.10064584986663228,-0.13881579780299447,59,674
0.2,0.2,0.0,2,0.7,2.465907548350633,0.10064584986663228,-0.13881579780299447,59,674
0.4,0.4,0.0,2,0.7,2.465907548350633,0.10064584986663228,-0.13881579780299447,59,674
0.3,0.3,0.0,2,0.7,2.465907548350633,0.10064584986663228,-0.13881579780299447,59,674
0.3,0.3,0.1,2,0.55,2.4628723693449674,0.10057145654742228,-0.14747278240244205,96,674
0.6,0.6,0.2,2,0.55,2.4628723693449674,0.10057145654742228,-0.14747278240244205,96,674
0.6,0.4,0.0,2,0.65,2.4618183373466733,0.10054560777004218,-0.13810238053568122,67,674
0.3,0.2,0.0,2,0.65,2.4618183373466733,0.10054560777004218,-0.13810238053568122,67,674
0.3,0.5,0.2,2,0.55,2.4585466517592782,0.10046532760806892,-0.1447053546123741,94,674
0.3,0.6,0.2,2,0.65,2.4544995382210306,0.10036592307943715,-0.14669758368825953,86,674
0.2,0.5,0.1,2,0.7,2.453401300349899,0.10033892980483539,-0.1390783918266999,70,674
0.3,0.4,0.1,2,0.65,2.453101585689386,0.10033156182791503,-0.14669758368826027,70,674
0.5,0.2,0.0,2,0.55,2.451125320111697,0.10028296390761016,-0.15897403970856286,123,674
0.4,0.3,0.0,2,0.65,2.4448468162002825,0.10012839999008794,-0.13559863557581311,52,674
0.2,0.4,0.1,2,0.7,2.440101393426091,0.10001140479491433,-0.1379159841649828,66,674
0.3,0.4,0.0,2,0.7,2.4357481010405833,0.09990394625127763,-0.12605640893167896,59,674
0.2,0.6,0.1,2,0.75,2.435436483579827,0.09989624933340369,-0.1386887960750821,45,674
0.3,0.6,0.1,2,0.7,2.434233927689232,0.09986654028976627,-0.14146713751426998,72,674
0.3,0.5,0.0,2,0.7,2.4283265848905806,0.0997204603152324,-0.12605640893167924,48,674
0.2,0.2,0.2,2,0.6,2.4256336127203793,0.09965378994102791,-0.17232370765304003,75,674
0.2,0.6,0.0,2,0.7,2.422350085929916,0.09957243363302992,-0.12605640893167894,46,674
0.4,0.3,0.1,2,0.55,2.418764841638376,0.09948351932910682,-0.14784138578854264,97,674
0.4,0.5,0.2,2,0.55,2.418743958383516,0.09948300117093156,-0.14470535461237427,98,674
0.2,0.2,0.2,2,0.55,2.4170296949767165,0.09944045666846435,-0.17862946504134558,90,674
0.4,0.2,0.0,2,0.65,2.416165991586036,0.09941901385881668,-0.14444655740048398,86,674
0.6,0.3,0.0,2,0.65,2.416165991586036,0.09941901385881668,-0.14444655740048398,86,674
0.4,0.5,0.0,2,0.7,2.415039624744506,0.09939104249352138,-0.1260564089316787,59,674
0.6,0.3,0.1,2,0.55,2.414053189964271,0.09936653910415072,-0.1574741384486863,119,674
0.6,0.6,0.1,2,0.6,2.4094007332227374,0.09925088228087842,-0.1349155498901313,84,674
0.6,0.5,0.2,2,0.55,2.4072128012343224,0.0991964414592037,-0.14784138578854264,101,674
0.6,0.5,0.0,2,0.6,2.406821106130198,0.09918669177197215,-0.13201072541072467,57,674
0.5,0.6,0.2,2,0.65,2.405817427630417,0.09916170447689132,-0.14669758368826016,81,674
0.4,0.6,0.0,2,0.7,2.40471762442774,0.09913431628435987,-0.12605640893167885,48,674
0.2,0.3,0.0,2,0.7,2.40471762442774,0.09913431628435987,-0.12605640893167885,48,674
0.3,0.5,0.1,2,0.7,2.404713879303877,0.09913422300629637,-0.1390783918266999,70,674
0.4,0.5,0.1,2,0.7,2.400803766541234,0.09903678394584214,-0.13907839182669965,70,674
0.4,0.6,0.2,2,0.65,2.3956944314144657,0.09890930462308156,-0.14669758368826005,86,674
0.2,0.3,0.1,2,0.65,2.3956944314144657,0.09890930462308156,-0.14669758368826005,86,674
0.2,0.6,0.2,2,0.65,2.3860764825094924,0.09866885316407092,-0.14669758368826014,86,674
0.5,0.4,0.0,2,0.6,2.3855877159313206,0.09865661703849793,-0.13201072541072476,57,674
0.6,0.5,0.0,2,0.65,2.3853898754636256,0.09865166369788292,-0.13559863557581303,52,674
0.4,0.5,0.2,2,0.6,2.380730771165124,0.09853493620645537,-0.14547568226925137,93,674
0.4,0.6,0.1,2,0.65,2.377478543174667,0.09845336806440952,-0.13810238053568152,80,674
0.5,0.3,0.0,2,0.7,2.376821724547934,0.0984368857988378,-0.14146713751426956,63,674
0.3,0.5,0.2,2,0.6,2.369831533596056,0.09826128979013027,-0.14547568226925164,93,674
0.6,0.5,0.2,2,0.6,2.3689444063820284,0.09823898081618765,-0.1483237265013866,96,674
0.3,0.6,0.2,2,0.7,2.368093641606722,0.09821758117120671,-0.14821366279117099,80,674
0.2,0.5,0.2,2,0.6,2.3678663103327615,0.09821186216729783,-0.14130714728860963,90,674
0.5,0.4,0.0,2,0.65,2.3669425260137253,0.0981886187332206,-0.13559863557581278,52,674
0.4,0.4,0.1,2,0.65,2.363310182271297,0.0980971678489273,-0.14804747473652505,69,674
0.5,0.3,0.1,2,0.6,2.3632243578044707,0.09809500595926801,-0.14832372650138684,100,674
0.5,0.5,0.2,2,0.55,2.3618454063346066,0.09806026364991194,-0.14784138578854256,101,674
0.4,0.2,0.0,2,0.6,2.361701343205683,0.09805663325964087,-0.1421746453491593,102,674
0.6,0.3,0.0,2,0.6,2.361701343205683,0.09805663325964087,-0.1421746453491593,102,674
0.5,0.5,0.1,2,0.65,2.358535538032225,0.0979768187163026,-0.14962524929276005,70,674
0.4,0.5,0.2,2,0.65,2.348145010639752,0.09771436965575653,-0.14362459731113564,84,674
0.3,0.2,0.2,2,0.55,2.34751474391623,0.09769842589969646,-0.1786294650413459,97,674
0.3,0.4,0.2,2,0.6,2.346598033638758,0.09767523108143394,-0.17232370765304023,103,674
0.3,0.2,0.0,2,0.7,2.3456214271900726,0.09765051430474303,-0.14146713751426962,63,674
0.6,0.4,0.0,2,0.7,2.3456214271900726,0.09765051430474303,-0.14146713751426962,63,674
0.5,0.4,0.1,2,0.65,2.342486371680882,0.09757112466629003,-0.1480474747365251,70,674
0.6,0.4,0.1,2,0.65,2.3395426236158388,0.09749651696386996,-0.14804747473652533,70,674
0.3,0.2,0.2,2,0.6,2.337734257069382,0.09745065479291282,-0.1723237076530406,83,674
0.3,0.5,0.0,3,0.55,2.3373894407546025,0.09744190726771418,-0.16264480901429643,78,674
0.4,0.2,0.0,3,0.55,2.3373894407546025,0.09744190726771418,-0.16264480901429657,78,674
0.3,0.6,0.2,3,0.55,2.3373894407546025,0.09744190726771418,-0.16264480901429657,78,674
0.3,0.6,0.1,3,0.55,2.3373894407546025,0.09744190726771418,-0.16264480901429657,78,674
0.3,0.5,0.2,3,0.55,2.3373894407546025,0.09744190726771418,-0.16264480901429657,78,674
0.3,0.5,0.1,3,0.55,2.3373894407546025,0.09744190726771418,-0.16264480901429657,78,674
0.3,0.6,0.0,3,0.55,2.3373894407546025,0.09744190726771418,-0.16264480901429643,78,674
0.5,0.2,0.2,3,0.55,2.3373894407546025,0.09744190726771418,-0.16264480901429643,78,674
0.4,0.2,0.1,3,0.55,2.3373894407546025,0.09744190726771418,-0.16264480901429643,78,674
0.6,0.3,0.2,3,0.55,2.3373894407546025,0.09744190726771418,-0.16264480901429643,78,674
0.5,0.6,0.0,3,0.55,2.3373894407546025,0.09744190726771418,-0.16264480901429643,78,674
0.5,0.6,0.1,3,0.55,2.3373894407546025,0.09744190726771418,-0.16264480901429657,78,674
0.5,0.6,0.2,3,0.55,2.3373894407546025,0.09744190726771418,-0.16264480901429657,78,674
0.6,0.2,0.0,3,0.55,2.3373894407546025,0.09744190726771418,-0.16264480901429643,78,674
0.6,0.2,0.1,3,0.55,2.3373894407546025,0.09744190726771418,-0.16264480901429643,78,674
0.6,0.2,0.2,3,0.55,2.3373894407546025,0.09744190726771418,-0.16264480901429643,78,674
0.6,0.3,0.0,3,0.55,2.3373894407546025,0.09744190726771418,-0.16264480901429657,78,674
0.6,0.3,0.1,3,0.55,2.3373894407546025,0.09744190726771418,-0.16264480901429643,78,674
0.6,0.4,0.0,3,0.55,2.3373894407546025,0.09744190726771418,-0.16264480901429657,78,674
0.5,0.5,0.1,3,0.55,2.3373894407546025,0.09744190726771418,-0.16264480901429657,78,674
0.6,0.4,0.1,3,0.55,2.3373894407546025,0.09744190726771418,-0.16264480901429643,78,674
0.6,0.4,0.2,3,0.55,2.3373894407546025,0.09744190726771418,-0.16264480901429643,78,674
0.6,0.5,0.0,3,0.55,2.3373894407546025,0.09744190726771418,-0.16264480901429657,78,674
0.6,0.5,0.1,3,0.55,2.3373894407546025,0.09744190726771418,-0.16264480901429657,78,674
0.6,0.5,0.2,3,0.55,2.3373894407546025,0.09744190726771418,-0.16264480901429643,78,674
0.6,0.6,0.0,3,0.55,2.3373894407546025,0.09744190726771418,-0.16264480901429643,78,674
0.6,0.6,0.1,3,0.55,2.3373894407546025,0.09744190726771418,-0.16264480901429657,78,674
0.6,0.6,0.2,3,0.55,2.3373894407546025,0.09744190726771418,-0.16264480901429657,78,674
0.5,0.5,0.2,3,0.55,2.3373894407546025,0.09744190726771418,-0.16264480901429657,78,674
0.5,0.5,0.0,3,0.55,2.3373894407546025,0.09744190726771418,-0.16264480901429643,78,674
0.4,0.2,0.2,3,0.55,2.3373894407546025,0.09744190726771418,-0.16264480901429643,78,674
0.4,0.6,0.0,3,0.55,2.3373894407546025,0.09744190726771418,-0.16264480901429643,78,674
0.4,0.3,0.0,3,0.55,2.3373894407546025,0.09744190726771418,-0.16264480901429657,78,674
0.4,0.3,0.1,3,0.55,2.3373894407546025,0.09744190726771418,-0.16264480901429643,78,674
0.4,0.3,0.2,3,0.55,2.3373894407546025,0.09744190726771418,-0.16264480901429643,78,674
0.4,0.4,0.0,3,0.55,2.3373894407546025,0.09744190726771418,-0.16264480901429643,78,674
0.4,0.4,0.2,3,0.55,2.3373894407546025,0.09744190726771418,-0.16264480901429643,78,674
0.4,0.5,0.0,3,0.55,2.3373894407546025,0.09744190726771418,-0.16264480901429643,78,674
0.4,0.5,0.1,3,0.55,2.3373894407546025,0.09744190726771418,-0.16264480901429657,78,674
0.4,0.5,0.2,3,0.55,2.3373894407546025,0.09744190726771418,-0.16264480901429657,78,674
0.4,0.6,0.1,3,0.55,2.3373894407546025,0.09744190726771418,-0.16264480901429657,78,674
0.5,0.4,0.2,3,0.55,2.3373894407546025,0.09744190726771418,-0.16264480901429643,78,674
0.4,0.6,0.2,3,0.55,2.3373894407546025,0.09744190726771418,-0.16264480901429657,78,674
0.5,0.2,0.0,3,0.55,2.3373894407546025,0.09744190726771418,-0.16264480901429643,78,674
0.5,0.2,0.1,3,0.55,2.3373894407546025,0.09744190726771418,-0.16264480901429643,78,674
0.5,0.3,0.0,3,0.55,2.3373894407546025,0.09744190726771418,-0.16264480901429657,78,674
0.5,0.3,0.1,3,0.55,2.3373894407546025,0.09744190726771418,-0.16264480901429643,78,674
0.5,0.3,0.2,3,0.55,2.3373894407546025,0.09744190726771418,-0.16264480901429643,78,674
0.5,0.4,0.0,3,0.55,2.3373894407546025,0.09744190726771418,-0.16264480901429657,78,674
0.5,0.4,0.1,3,0.55,2.3373894407546025,0.09744190726771418,-0.16264480901429657,78,674
0.3,0.4,0.2,3,0.55,2.3373894407546025,0.09744190726771418,-0.16264480901429657,78,674
0.4,0.4,0.1,3,0.55,2.3373894407546025,0.09744190726771418,-0.16264480901429657,78,674
0.3,0.3,0.0,3,0.55,2.3373894407546025,0.09744190726771418,-0.16264480901429643,78,674
0.2,0.2,0.2,3,0.55,2.3373894407546025,0.09744190726771418,-0.16264480901429643,78,674
0.2,0.2,0.0,3,0.55,2.3373894407546025,0.09744190726771418,-0.16264480901429643,78,674
0.2,0.5,0.0,3,0.55,2.3373894407546025,0.09744190726771418,-0.16264480901429643,78,674
0.3,0.4,0.0,3,0.55,2.3373894407546025,0.09744190726771418,-0.16264480901429643,78,674
0.2,0.6,0.1,3,0.55,2.3373894407546025,0.09744190726771418,-0.16264480901429657,78,674
0.2,0.4,0.1,3,0.55,2.3373894407546025,0.09744190726771418,-0.16264480901429657,78,674
0.2,0.2,0.1,3,0.55,2.3373894407546025,0.09744190726771418,-0.16264480901429643,78,674
0.2,0.3,0.1,3,0.55,2.3373894407546025,0.09744190726771418,-0.16264480901429657,78,674
0.2,0.3,0.0,3,0.55,2.3373894407546025,0.09744190726771418,-0.16264480901429643,78,674
0.2,0.3,0.2,3,0.55,2.3373894407546025,0.09744190726771418,-0.16264480901429643,78,674
0.3,0.3,0.2,3,0.55,2.3373894407546025,0.09744190726771418,-0.16264480901429643,78,674
0.3,0.3,0.1,3,0.55,2.3373894407546025,0.09744190726771418,-0.16264480901429657,78,674
0.2,0.5,0.1,3,0.55,2.3373894407546025,0.09744190726771418,-0.16264480901429657,78,674
0.2,0.6,0.2,3,0.55,2.3373894407546025,0.09744190726771418,-0.16264480901429657,78,674
0.3,0.2,0.1,3,0.55,2.3373894407546025,0.09744190726771418,-0.16264480901429643,78,674
0.2,0.5,0.2,3,0.55,2.3373894407546025,0.09744190726771418,-0.16264480901429657,78,674
0.2,0.4,0.0,3,0.55,2.3373894407546025,0.09744190726771418,-0.16264480901429643,78,674
0.2,0.6,0.0,3,0.55,2.3373894407546025,0.09744190726771418,-0.16264480901429643,78,674
0.3,0.2,0.2,3,0.55,2.3373894407546025,0.09744190726771418,-0.16264480901429643,78,674
0.3,0.2,0.0,3,0.55,2.3373894407546025,0.09744190726771418,-0.16264480901429657,78,674
0.3,0.4,0.1,3,0.55,2.3373894407546025,0.09744190726771418,-0.16264480901429657,78,674
0.2,0.4,0.2,3,0.55,2.3373894407546025,0.09744190726771418,-0.16264480901429657,78,674
0.3,0.3,0.2,2,0.6,2.3357281115007718,0.09739974989014089,-0.1723237076530406,79,674
0.5,0.6,0.1,2,0.65,2.334753147928506,0.0973750004928966,-0.13810238053568177,80,674
0.6,0.2,0.0,2,0.55,2.3345323461315237,0.09736939452391269,-0.15897403970856328,123,674
0.3,0.5,0.2,2,0.65,2.3343962330430887,0.09736593855820463,-0.14362459731113586,85,674
0.3,0.4,0.2,2,0.55,2.3320081545962554,0.09730528310266551,-0.17862946504134625,117,674
0.6,0.5,0.2,2,0.65,2.33141784541218,0.0972902834947551,-0.147439569364538,86,674
0.4,0.6,0.1,2,0.7,2.3303326543660594,0.09726270266290338,-0.1414671375142696,72,674
0.5,0.5,0.2,2,0.6,2.3301896063353156,0.09725906638606374,-0.14832372650138653,96,674
0.4,0.3,0.0,2,0.7,2.3295001227733056,0.09724153771166799,-0.13916254706175418,49,674
0.6,0.6,0.2,2,0.6,2.328662642626526,0.09722024202817736,-0.1453187453763075,96,674
0.3,0.3,0.1,2,0.6,2.328662642626526,0.09722024202817736,-0.1453187453763075,96,674
0.3,0.4,0.1,2,0.7,2.3282688764415957,0.09721022752056507,-0.14821366279117112,80,674
0.5,0.2,0.0,2,0.6,2.3261316165453336,0.09715585231086554,-0.15569436575417708,114,674
0.6,0.5,0.1,2,0.65,2.325409197299805,0.0971374655521764,-0.14962524929276041,70,674
0.3,0.6,0.0,2,0.75,2.3240948910220633,0.09710400483874992,-0.12846699367382092,41,674
0.2,0.4,0.0,2,0.75,2.3240948910220633,0.09710400483874992,-0.12846699367382092,41,674
0.3,0.3,0.2,2,0.55,2.3219257102009543,0.09704875329774221,-0.1786294650413459,93,674
0.2,0.5,0.1,2,0.75,2.320486353090791,0.09701207283033719,-0.13962707843360955,66,674
0.2,0.2,0.1,2,0.6,2.3181057394942677,0.09695137323742564,-0.17232370765304034,103,674
0.4,0.4,0.2,2,0.6,2.3181057394942677,0.09695137323742564,-0.17232370765304034,103,674
0.4,0.6,0.2,2,0.7,2.3177757336683373,0.09694295575652379,-0.14821366279117054,80,674
0.2,0.3,0.1,2,0.7,2.3177757336683373,0.09694295575652379,-0.14821366279117054,80,674
0.2,0.5,0.0,2,0.75,2.31508566544208,0.09687431116996459,-0.12846699367382095,46,674
0.6,0.2,0.0,2,0.6,2.3119531163236444,0.09679431063709543,-0.15569436575417683,109,674
0.5,0.2,0.0,2,0.65,2.310437239613901,0.0967555723803235,-0.1557989527995482,102,674
0.2,0.6,0.2,2,0.7,2.310434877637043,0.0967555120071899,-0.148213662791171,80,674
0.2,0.3,0.2,2,0.6,2.31003324002038,0.09674524540063034,-0.17232370765304048,79,674
0.6,0.4,0.2,2,0.55,2.308909961042575,0.09671652619006466,-0.1786294650413456,116,674
0.3,0.2,0.1,2,0.55,2.308909961042575,0.09671652619006466,-0.1786294650413456,116,674
0.3,0.6,0.1,2,0.75,2.3065203697994403,0.09665540085334956,-0.14140168289440969,69,674
0.3,0.5,0.0,2,0.75,2.3032523903477577,0.09657174046387107,-0.1284669936738207,53,674
0.5,0.6,0.0,2,0.75,2.3023031828569636,0.09654742640372427,-0.12846699367382108,65,674
0.2,0.2,0.1,2,0.55,2.30141263112523,0.09652460895286707,-0.1786294650413456,117,674
0.4,0.4,0.2,2,0.55,2.30141263112523,0.09652460895286707,-0.1786294650413456,117,674
0.5,0.5,0.2,2,0.65,2.2985012610292404,0.0964499750383323,-0.1474395693645382,86,674
0.2,0.2,0.0,2,0.75,2.29837099914796,0.09644663431219702,-0.13930361010009432,66,674
0.5,0.5,0.0,2,0.75,2.29837099914796,0.09644663431219702,-0.13930361010009432,66,674
0.4,0.4,0.0,2,0.75,2.29837099914796,0.09644663431219702,-0.13930361010009432,66,674
0.6,0.6,0.0,2,0.75,2.29837099914796,0.09644663431219702,-0.13930361010009432,66,674
0.3,0.3,0.0,2,0.75,2.29837099914796,0.09644663431219702,-0.13930361010009432,66,674
0.2,0.4,0.1,2,0.75,2.2962839976633855,0.09639309398385243,-0.13866677907200123,69,674
0.6,0.2,0.1,2,0.55,2.295787113527612,0.09638034221426639,-0.1631601508658614,122,674
0.5,0.6,0.1,2,0.7,2.2949612487470517,0.0963591437352278,-0.14146713751426956,72,674
0.2,0.5,0.2,2,0.65,2.2933505319841574,0.09631778539152935,-0.14287929145423806,89,674
0.2,0.3,0.2,2,0.55,2.2919412286675955,0.09628158342259896,-0.17862946504134591,93,674
0.4,0.3,0.1,2,0.6,2.285681306254398,0.09612060643065301,-0.1483237265013866,100,674
0.3,0.5,0.1,2,0.75,2.2810366990465694,0.09600098505739174,-0.13962707843360955,66,674
0.4,0.2,0.0,2,0.7,2.280057567416591,0.09597574768168982,-0.14689894731199254,85,674
0.6,0.3,0.0,2,0.7,2.280057567416591,0.09597574768168982,-0.14689894731199254,85,674
0.6,0.5,0.0,2,0.7,2.27994308182871,0.0959727963315351,-0.13916254706175435,49,674
0.5,0.6,0.2,2,0.7,2.2791647161111235,0.09595272814292288,-0.14821366279117082,80,674
0.4,0.5,0.1,2,0.75,2.279041415278935,0.09594954873992179,-0.13962707843360944,66,674
0.4,0.2,0.1,2,0.55,2.278801813539419,0.09594337011662835,-0.17366978345988177,127,674
0.4,0.2,0.2,2,0.6,2.277498551404053,0.09590975552514647,-0.17232370765304011,113,674
0.2,0.6,0.0,2,0.75,2.2773563802603225,0.09590608780761078,-0.12846699367382056,47,674
0.5,0.2,0.2,3,0.6,2.276546280443179,0.09588518612782271,-0.16200079031302614,78,674
0.6,0.2,0.1,3,0.6,2.276546280443179,0.09588518612782271,-0.16200079031302614,78,674
0.4,0.4,0.1,3,0.6,2.276546280443179,0.09588518612782271,-0.16200079031302614,78,674
0.6,0.3,0.2,3,0.6,2.276546280443179,0.09588518612782271,-0.16200079031302614,78,674
0.6,0.2,0.2,3,0.6,2.276546280443179,0.09588518612782271,-0.16200079031302614,78,674
0.5,0.4,0.0,3,0.6,2.276546280443179,0.09588518612782271,-0.16200079031302614,78,674
0.6,0.3,0.1,3,0.6,2.276546280443179,0.09588518612782271,-0.16200079031302614,78,674
0.5,0.4,0.1,3,0.6,2.276546280443179,0.09588518612782271,-0.16200079031302614,78,674
0.4,0.6,0.2,3,0.6,2.276546280443179,0.09588518612782271,-0.16200079031302614,78,674
0.4,0.4,0.0,3,0.6,2.276546280443179,0.09588518612782271,-0.16200079031302614,78,674
0.6,0.5,0.0,3,0.6,2.276546280443179,0.09588518612782271,-0.16200079031302614,78,674
0.4,0.3,0.2,3,0.6,2.276546280443179,0.09588518612782271,-0.16200079031302614,78,674
0.2,0.4,0.2,3,0.6,2.276546280443179,0.09588518612782271,-0.16200079031302614,78,674
0.3,0.2,0.1,3,0.6,2.276546280443179,0.09588518612782271,-0.16200079031302614,78,674
0.5,0.2,0.0,3,0.6,2.276546280443179,0.09588518612782271,-0.16200079031302614,78,674
0.5,0.3,0.1,3,0.6,2.276546280443179,0.09588518612782271,-0.16200079031302614,78,674
0.2,0.5,0.2,3,0.6,2.276546280443179,0.09588518612782271,-0.16200079031302614,78,674
0.5,0.3,0.2,3,0.6,2.276546280443179,0.09588518612782271,-0.16200079031302614,78,674
0.4,0.5,0.2,3,0.6,2.276546280443179,0.09588518612782271,-0.16200079031302614,78,674
0.2,0.3,0.2,3,0.6,2.276546280443179,0.09588518612782271,-0.16200079031302614,78,674
0.4,0.5,0.1,3,0.6,2.276546280443179,0.09588518612782271,-0.16200079031302614,78,674
0.2,0.3,0.1,3,0.6,2.276546280443179,0.09588518612782271,-0.16200079031302614,78,674
0.2,0.6,0.1,3,0.6,2.276546280443179,0.09588518612782271,-0.16200079031302614,78,674
0.6,0.4,0.0,3,0.6,2.276546280443179,0.09588518612782271,-0.16200079031302614,78,674
0.2,0.6,0.2,3,0.6,2.276546280443179,0.09588518612782271,-0.16200079031302614,78,674
0.4,0.6,0.0,3,0.6,2.276546280443179,0.09588518612782271,-0.16200079031302614,78,674
0.6,0.3,0.0,3,0.6,2.276546280443179,0.09588518612782271,-0.16200079031302614,78,674
0.6,0.4,0.1,3,0.6,2.276546280443179,0.09588518612782271,-0.16200079031302614,78,674
0.4,0.5,0.0,3,0.6,2.276546280443179,0.09588518612782271,-0.16200079031302614,78,674
0.6,0.4,0.2,3,0.6,2.276546280443179,0.09588518612782271,-0.16200079031302614,78,674
0.2,0.3,0.0,3,0.6,2.276546280443179,0.09588518612782271,-0.16200079031302614,78,674
0.2,0.6,0.0,3,0.6,2.276546280443179,0.09588518612782271,-0.16200079031302614,78,674
0.3,0.2,0.0,3,0.6,2.276546280443179,0.09588518612782271,-0.16200079031302614,78,674
0.4,0.6,0.1,3,0.6,2.276546280443179,0.09588518612782271,-0.16200079031302614,78,674
0.4,0.4,0.2,3,0.6,2.276546280443179,0.09588518612782271,-0.16200079031302614,78,674
0.2,0.5,0.0,3,0.6,2.276546280443179,0.09588518612782271,-0.16200079031302614,78,674
0.2,0.2,0.2,3,0.6,2.276546280443179,0.09588518612782271,-0.16200079031302614,78,674
0.5,0.3,0.0,3,0.6,2.276546280443179,0.09588518612782271,-0.16200079031302614,78,674
0.4,0.3,0.1,3,0.6,2.276546280443179,0.09588518612782271,-0.16200079031302614,78,674
0.2,0.5,0.1,3,0.6,2.276546280443179,0.09588518612782271,-0.16200079031302614,78,674
0.3,0.4,0.1,3,0.6,2.276546280443179,0.09588518612782271,-0.16200079031302614,78,674
0.5,0.2,0.1,3,0.6,2.276546280443179,0.09588518612782271,-0.16200079031302614,78,674
0.3,0.5,0.2,3,0.6,2.276546280443179,0.09588518612782271,-0.16200079031302614,78,674
0.3,0.5,0.1,3,0.6,2.276546280443179,0.09588518612782271,-0.16200079031302614,78,674
0.4,0.2,0.2,3,0.6,2.276546280443179,0.09588518612782271,-0.16200079031302614,78,674
0.3,0.3,0.2,3,0.6,2.276546280443179,0.09588518612782271,-0.16200079031302614,78,674
0.3,0.3,0.0,3,0.6,2.276546280443179,0.09588518612782271,-0.16200079031302614,78,674
0.2,0.2,0.1,3,0.6,2.276546280443179,0.09588518612782271,-0.16200079031302614,78,674
0.2,0.2,0.0,3,0.6,2.276546280443179,0.09588518612782271,-0.16200079031302614,78,674
0.5,0.5,0.2,3,0.6,2.276546280443179,0.09588518612782271,-0.16200079031302614,78,674
0.4,0.2,0.0,3,0.6,2.276546280443179,0.09588518612782271,-0.16200079031302614,78,674
0.5,0.5,0.0,3,0.6,2.276546280443179,0.09588518612782271,-0.16200079031302614,78,674
0.3,0.6,0.0,3,0.6,2.276546280443179,0.09588518612782271,-0.16200079031302614,78,674
0.6,0.6,0.0,3,0.6,2.276546280443179,0.09588518612782271,-0.16200079031302614,78,674
0.5,0.5,0.1,3,0.6,2.276546280443179,0.09588518612782271,-0.16200079031302614,78,674
0.6,0.2,0.0,3,0.6,2.276546280443179,0.09588518612782271,-0.16200079031302614,78,674
0.4,0.2,0.1,3,0.6,2.276546280443179,0.09588518612782271,-0.16200079031302614,78,674
0.2,0.4,0.0,3,0.6,2.276546280443179,0.09588518612782271,-0.16200079031302614,78,674
0.5,0.6,0.2,3,0.6,2.276546280443179,0.09588518612782271,-0.16200079031302614,78,674
0.6,0.6,0.1,3,0.6,2.276546280443179,0.09588518612782271,-0.16200079031302614,78,674
0.6,0.5,0.1,3,0.6,2.276546280443179,0.09588518612782271,-0.16200079031302614,78,674
0.6,0.5,0.2,3,0.6,2.276546280443179,0.09588518612782271,-0.16200079031302614,78,674
0.3,0.5,0.0,3,0.6,2.276546280443179,0.09588518612782271,-0.16200079031302614,78,674
0.5,0.6,0.1,3,0.6,2.276546280443179,0.09588518612782271,-0.16200079031302614,78,674
0.3,0.4,0.2,3,0.6,2.276546280443179,0.09588518612782271,-0.16200079031302614,78,674
0.6,0.6,0.2,3,0.6,2.276546280443179,0.09588518612782271,-0.16200079031302614,78,674
0.5,0.4,0.2,3,0.6,2.276546280443179,0.09588518612782271,-0.16200079031302614,78,674
0.5,0.6,0.0,3,0.6,2.276546280443179,0.09588518612782271,-0.16200079031302614,78,674
0.3,0.4,0.0,3,0.6,2.276546280443179,0.09588518612782271,-0.16200079031302614,78,674
0.4,0.3,0.0,3,0.6,2.276546280443179,0.09588518612782271,-0.16200079031302614,78,674
0.3,0.6,0.1,3,0.6,2.276546280443179,0.09588518612782271,-0.16200079031302614,78,674
0.3,0.6,0.2,3,0.6,2.276546280443179,0.09588518612782271,-0.16200079031302614,78,674
0.3,0.3,0.1,3,0.6,2.276546280443179,0.09588518612782271,-0.16200079031302614,78,674
0.3,0.2,0.2,3,0.6,2.276546280443179,0.09588518612782271,-0.16200079031302614,78,674
0.2,0.4,0.1,3,0.6,2.276546280443179,0.09588518612782271,-0.16200079031302614,78,674
0.6,0.3,0.1,2,0.6,2.275207112414707,0.09585062330647243,-0.15696156435669878,119,674
0.3,0.4,0.2,2,0.65,2.275136320150681,0.09584879585366268,-0.17070372255418495,97,674
0.5,0.4,0.2,2,0.55,2.2744241346244323,0.09583040925384134,-0.1786294650413456,112,674
0.2,0.2,0.2,2,0.65,2.2726316737165884,0.09578411668532572,-0.17070372255418512,84,674
0.5,0.4,0.2,2,0.6,2.271844709760749,0.09576378495440308,-0.17232370765304034,106,674
0.6,0.6,0.1,2,0.65,2.2712198045219365,0.09574763690200427,-0.13810238053568163,80,674
0.3,0.4,0.0,2,0.75,2.270498086864227,0.09572898359619875,-0.12846699367382014,65,674
0.5,0.3,0.1,2,0.65,2.2701611926758303,0.0957202750259416,-0.14743956936453806,92,674
0.4,0.6,0.0,2,0.75,2.2652032659701105,0.0955920189065611,-0.12846699367382047,63,674
0.2,0.3,0.0,2,0.75,2.2652032659701105,0.0955920189065611,-0.12846699367382047,63,674
0.5,0.4,0.0,2,0.7,2.2647356063013944,0.09557991179050163,-0.13916254706175427,49,674
0.3,0.3,0.2,2,0.65,2.264455162128422,0.09557265067864207,-0.17070372255418526,72,674
0.4,0.5,0.0,2,0.75,2.25417668897703,0.0953061279167835,-0.12846699367382095,65,674
0.4,0.5,0.2,2,0.7,2.2525965044364087,0.09526508455067928,-0.1448511523163416,82,674
0.2,0.5,0.2,2,0.7,2.2521955225052257,0.09525466660692294,-0.14453704581861487,82,674
0.6,0.2,0.0,2,0.65,2.2520637921411413,0.09525124385107553,-0.15579895279954875,97,674
0.4,0.4,0.2,2,0.65,2.2500824072351397,0.09519974599834513,-0.17070372255418478,97,674
0.2,0.2,0.1,2,0.65,2.2500824072351397,0.09519974599834513,-0.17070372255418478,97,674
0.6,0.4,0.2,2,0.6,2.2495625254551115,0.09518622903727603,-0.17232370765304034,102,674
0.3,0.2,0.1,2,0.6,2.2495625254551115,0.09518622903727603,-0.17232370765304034,102,674
0.4,0.4,0.1,2,0.7,2.2479920120931567,0.09514538346087775,-0.14936218537868015,80,674
0.5,0.3,0.0,2,0.75,2.247033185376972,0.09512043753873844,-0.14140168289440977,64,674
0.4,0.2,0.2,2,0.65,2.2454994836785422,0.09508052088058605,-0.17070372255418492,102,674
0.3,0.5,0.2,2,0.7,2.2435751663250607,0.09503041329242956,-0.1448511523163415,82,674
0.5,0.5,0.1,2,0.7,2.242705501947664,0.0950077589699474,-0.15073033794157545,82,674
0.5,0.3,0.2,2,0.6,2.2385098063918023,0.09489838435729236,-0.17232370765304011,104,674
0.6,0.6,0.2,2,0.65,2.2384386104855416,0.09489652727361131,-0.14669758368826008,92,674
0.3,0.3,0.1,2,0.65,2.2384386104855416,0.09489652727361131,-0.14669758368826008,92,674
0.3,0.2,0.2,2,0.65,2.237260678970591,0.09486579647836568,-0.17070372255418526,89,674
0.6,0.4,0.1,2,0.7,2.2372290736411347,0.09486497179175823,-0.14936218537867993,80,674
0.6,0.5,0.2,2,0.7,2.2359423801276503,0.09483139143148889,-0.14852641931894847,84,674
0.5,0.4,0.1,2,0.7,2.2344827073439357,0.09479328170520018,-0.14936218537868032,80,674
0.3,0.6,0.2,2,0.75,2.2344563015148022,0.09479259214500835,-0.1514507672136544,78,674
0.5,0.3,0.1,2,0.7,2.234303495292599,0.09478860167073289,-0.14852641931894864,84,674
0.2,0.4,0.2,2,0.6,2.2296088167825787,0.0946659171269959,-0.17232370765304028,107,674
0.4,0.3,0.0,2,0.75,2.226891910961915,0.09459484188530443,-0.13947840145318913,62,674
0.5,0.2,0.2,2,0.6,2.226432523906976,0.09458281869533236,-0.17232370765304011,113,674
0.5,0.3,0.2,2,0.65,2.226298844002276,0.09457931969553468,-0.17070372255418492,96,674
0.2,0.3,0.2,2,0.65,2.224912218719483,0.09454301762887507,-0.17070372255418448,76,674
0.4,0.6,0.1,2,0.75,2.222778574574172,0.09448713034648115,-0.14140168289440927,69,674
0.6,0.6,0.1,2,0.7,2.2227465535332334,0.09448629134819142,-0.14146713751426926,72,674
0.5,0.2,0.1,2,0.55,2.222606711245197,0.09448262718474765,-0.17366978345988188,127,674
0.6,0.4,0.0,2,0.75,2.22081270395092,0.09443560738225676,-0.14140168289440944,64,674
0.3,0.2,0.0,2,0.75,2.22081270395092,0.09443560738225676,-0.14140168289440944,64,674
0.3,0.2,0.1,2,0.65,2.220458221704213,0.0944263137659831,-0.17070372255418478,97,674
0.6,0.4,0.2,2,0.65,2.220458221704213,0.0944263137659831,-0.17070372255418478,97,674
0.6,0.5,0.1,2,0.7,2.213292659969128,0.09423824839590234,-0.15073033794157598,82,674
0.5,0.3,0.2,2,0.55,2.2109712760514637,0.09417723898359043,-0.17862946504134558,114,674
0.5,0.5,0.2,2,0.7,2.2090781288373296,0.09412745412614254,-0.1485264193189482,84,674
0.5,0.2,0.0,2,0.7,2.207190378121708,0.0940777841871534,-0.15601767571505581,95,674
0.6,0.6,0.2,2,0.7,2.206639542268409,0.09406328567200228,-0.1482136627911711,84,674
0.3,0.3,0.1,2,0.7,2.206639542268409,0.09406328567200228,-0.1482136627911711,84,674
0.2,0.4,0.2,2,0.65,2.20393724850916,0.0939921254588807,-0.17070372255418464,98,674
0.4,0.3,0.1,2,0.65,2.203850756606266,0.09398984693018009,-0.147439569364538,92,674
0.5,0.2,0.2,2,0.65,2.202552879452123,0.0939556490456197,-0.17070372255418492,102,674
0.3,0.4,0.1,2,0.75,2.202278884562747,0.09394842789405278,-0.15145076721365444,75,674
0.4,0.3,0.2,2,0.55,2.2021203951557116,0.09394425063602108,-0.17862946504134558,110,674
0.2,0.4,0.2,2,0.55,2.201684562530062,0.09393276254164262,-0.17862946504134566,121,674
0.4,0.3,0.2,2,0.6,2.1983453481794952,0.09384469640918236,-0.17232370765304011,101,674
0.3,0.4,0.2,2,0.7,2.196779283784818,0.09380336487607899,-0.1668919693878102,91,674
0.5,0.6,0.1,2,0.75,2.1951651642959167,0.09376074551495472,-0.14140168289440874,69,674
0.2,0.5,0.0,3,0.65,2.1940596040542655,0.09373154273287532,-0.16124748422524393,74,674
0.2,0.3,0.2,3,0.65,2.194059604054266,0.09373154273287532,-0.16124748422524393,74,674
0.5,0.4,0.1,3,0.65,2.194059604054266,0.09373154273287532,-0.16124748422524393,74,674
0.5,0.2,0.2,3,0.65,2.194059604054266,0.09373154273287532,-0.16124748422524393,74,674
0.5,0.3,0.1,3,0.65,2.194059604054266,0.09373154273287532,-0.16124748422524393,74,674
0.5,0.5,0.1,3,0.65,2.194059604054266,0.09373154273287532,-0.16124748422524393,74,674
0.5,0.2,0.1,3,0.65,2.194059604054266,0.09373154273287532,-0.16124748422524393,74,674
0.6,0.2,0.1,3,0.65,2.194059604054266,0.09373154273287532,-0.16124748422524393,74,674
0.5,0.5,0.0,3,0.65,2.1940596040542655,0.09373154273287532,-0.16124748422524393,74,674
0.3,0.4,0.1,3,0.65,2.194059604054266,0.09373154273287532,-0.16124748422524393,74,674
0.5,0.6,0.2,3,0.65,2.194059604054266,0.09373154273287532,-0.16124748422524393,74,674
0.5,0.4,0.2,3,0.65,2.194059604054266,0.09373154273287532,-0.16124748422524393,74,674
0.5,0.3,0.2,3,0.65,2.194059604054266,0.09373154273287532,-0.16124748422524393,74,674
0.6,0.3,0.0,3,0.65,2.1940596040542655,0.09373154273287532,-0.16124748422524393,74,674
0.2,0.5,0.1,3,0.65,2.194059604054266,0.09373154273287532,-0.16124748422524393,74,674
0.5,0.6,0.0,3,0.65,2.1940596040542655,0.09373154273287532,-0.16124748422524393,74,674
0.6,0.2,0.2,3,0.65,2.194059604054266,0.09373154273287532,-0.16124748422524393,74,674
0.2,0.4,0.1,3,0.65,2.194059604054266,0.09373154273287532,-0.16124748422524393,74,674
0.2,0.4,0.2,3,0.65,2.194059604054266,0.09373154273287532,-0.16124748422524393,74,674
0.5,0.3,0.0,3,0.65,2.1940596040542655,0.09373154273287532,-0.16124748422524393,74,674
0.2,0.3,0.1,3,0.65,2.194059604054266,0.09373154273287532,-0.16124748422524393,74,674
0.6,0.2,0.0,3,0.65,2.1940596040542655,0.09373154273287532,-0.16124748422524393,74,674
0.2,0.4,0.0,3,0.65,2.1940596040542655,0.09373154273287532,-0.16124748422524393,74,674
0.5,0.4,0.0,3,0.65,2.1940596040542655,0.09373154273287532,-0.16124748422524393,74,674
0.5,0.5,0.2,3,0.65,2.194059604054266,0.09373154273287532,-0.16124748422524393,74,674
0.4,0.5,0.1,3,0.65,2.194059604054266,0.09373154273287532,-0.16124748422524393,74,674
0.6,0.3,0.1,3,0.65,2.194059604054266,0.09373154273287532,-0.16124748422524393,74,674
0.6,0.5,0.0,3,0.65,2.1940596040542655,0.09373154273287532,-0.16124748422524393,74,674
0.4,0.2,0.2,3,0.65,2.194059604054266,0.09373154273287532,-0.16124748422524393,74,674
0.6,0.5,0.1,3,0.65,2.194059604054266,0.09373154273287532,-0.16124748422524393,74,674
0.3,0.2,0.2,3,0.65,2.194059604054266,0.09373154273287532,-0.16124748422524393,74,674
0.2,0.2,0.1,3,0.65,2.194059604054266,0.09373154273287532,-0.16124748422524393,74,674
0.4,0.3,0.0,3,0.65,2.1940596040542655,0.09373154273287532,-0.16124748422524393,74,674
0.4,0.3,0.1,3,0.65,2.194059604054266,0.09373154273287532,-0.16124748422524393,74,674
0.4,0.3,0.2,3,0.65,2.194059604054266,0.09373154273287532,-0.16124748422524393,74,674
0.6,0.5,0.2,3,0.65,2.194059604054266,0.09373154273287532,-0.16124748422524393,74,674
0.3,0.2,0.1,3,0.65,2.194059604054266,0.09373154273287532,-0.16124748422524393,74,674
0.4,0.4,0.0,3,0.65,2.1940596040542655,0.09373154273287532,-0.16124748422524393,74,674
0.4,0.4,0.1,3,0.65,2.194059604054266,0.09373154273287532,-0.16124748422524393,74,674
0.6,0.4,0.2,3,0.65,2.194059604054266,0.09373154273287532,-0.16124748422524393,74,674
0.4,0.4,0.2,3,0.65,2.194059604054266,0.09373154273287532,-0.16124748422524393,74,674
0.3,0.2,0.0,3,0.65,2.1940596040542655,0.09373154273287532,-0.16124748422524393,74,674
0.4,0.2,0.1,3,0.65,2.194059604054266,0.09373154273287532,-0.16124748422524393,74,674
0.4,0.2,0.0,3,0.65,2.1940596040542655,0.09373154273287532,-0.16124748422524393,74,674
0.6,0.4,0.1,3,0.65,2.194059604054266,0.09373154273287532,-0.16124748422524393,74,674
0.6,0.6,0.1,3,0.65,2.194059604054266,0.09373154273287532,-0.16124748422524393,74,674
0.6,0.6,0.2,3,0.65,2.194059604054266,0.09373154273287532,-0.16124748422524393,74,674
0.3,0.4,0.2,3,0.65,2.194059604054266,0.09373154273287532,-0.16124748422524393,74,674
0.3,0.4,0.0,3,0.65,2.1940596040542655,0.09373154273287532,-0.16124748422524393,74,674
0.3,0.5,0.0,3,0.65,2.1940596040542655,0.09373154273287532,-0.16124748422524393,74,674
0.3,0.3,0.2,3,0.65,2.194059604054266,0.09373154273287532,-0.16124748422524393,74,674
0.3,0.5,0.1,3,0.65,2.194059604054266,0.09373154273287532,-0.16124748422524393,74,674
0.3,0.5,0.2,3,0.65,2.194059604054266,0.09373154273287532,-0.16124748422524393,74,674
0.3,0.3,0.0,3,0.65,2.1940596040542655,0.09373154273287532,-0.16124748422524393,74,674
0.3,0.6,0.0,3,0.65,2.1940596040542655,0.09373154273287532,-0.16124748422524393,74,674
0.2,0.2,0.0,3,0.65,2.1940596040542655,0.09373154273287532,-0.16124748422524393,74,674
0.3,0.3,0.1,3,0.65,2.194059604054266,0.09373154273287532,-0.16124748422524393,74,674
0.3,0.6,0.1,3,0.65,2.194059604054266,0.09373154273287532,-0.16124748422524393,74,674
0.6,0.6,0.0,3,0.65,2.1940596040542655,0.09373154273287532,-0.16124748422524393,74,674
0.3,0.6,0.2,3,0.65,2.194059604054266,0.09373154273287532,-0.16124748422524393,74,674
0.4,0.5,0.0,3,0.65,2.1940596040542655,0.09373154273287532,-0.16124748422524393,74,674
0.5,0.6,0.1,3,0.65,2.194059604054266,0.09373154273287532,-0.16124748422524393,74,674
0.2,0.2,0.2,3,0.65,2.194059604054266,0.09373154273287532,-0.16124748422524393,74,674
0.4,0.5,0.2,3,0.65,2.194059604054266,0.09373154273287532,-0.16124748422524393,74,674
0.2,0.3,0.0,3,0.65,2.1940596040542655,0.09373154273287532,-0.16124748422524393,74,674
0.4,0.6,0.1,3,0.65,2.194059604054266,0.09373154273287532,-0.16124748422524393,74,674
0.2,0.6,0.0,3,0.65,2.1940596040542655,0.09373154273287532,-0.16124748422524393,74,674
0.4,0.6,0.0,3,0.65,2.1940596040542655,0.09373154273287532,-0.16124748422524393,74,674
0.6,0.3,0.2,3,0.65,2.194059604054266,0.09373154273287532,-0.16124748422524393,74,674
0.2,0.6,0.1,3,0.65,2.194059604054266,0.09373154273287532,-0.16124748422524393,74,674
0.2,0.5,0.2,3,0.65,2.194059604054266,0.09373154273287532,-0.16124748422524393,74,674
0.6,0.4,0.0,3,0.65,2.1940596040542655,0.09373154273287532,-0.16124748422524393,74,674
0.4,0.6,0.2,3,0.65,2.194059604054266,0.09373154273287532,-0.16124748422524393,74,674
0.5,0.2,0.0,3,0.65,2.1940596040542655,0.09373154273287532,-0.16124748422524393,74,674
0.2,0.6,0.2,3,0.65,2.194059604054266,0.09373154273287532,-0.16124748422524393,74,674
0.4,0.6,0.2,2,0.75,2.193211685342353,0.09370913909257217,-0.15145076721365386,78,674
0.2,0.3,0.1,2,0.75,2.193211685342353,0.09370913909257217,-0.15145076721365386,78,674
0.2,0.2,0.2,2,0.7,2.192669537319924,0.09369481162342708,-0.1668919693878101,85,674
0.6,0.5,0.0,2,0.75,2.1920287669081575,0.09367787494262969,-0.1394784014531895,64,674
0.4,0.2,0.1,2,0.6,2.1888370449439725,0.09359346539238866,-0.16908135259212118,120,674
0.2,0.6,0.2,2,0.75,2.187853602217816,0.0935674411611529,-0.15145076721365455,78,674
0.6,0.3,0.1,2,0.65,2.1855020016839966,0.09350518217125203,-0.15509708935712302,107,674
0.2,0.2,0.1,2,0.7,2.181424861414013,0.0933971386615049,-0.16689196938781,91,674
0.4,0.4,0.2,2,0.7,2.181424861414013,0.0933971386615049,-0.16689196938781,91,674
0.6,0.3,0.0,2,0.75,2.180212743878704,0.09336499311560753,-0.1458995835060745,81,674
0.4,0.2,0.0,2,0.75,2.180212743878704,0.09336499311560753,-0.1458995835060745,81,674
0.5,0.4,0.0,2,0.75,2.1799203783917522,0.09335723784483596,-0.13947840145318954,64,674
0.4,0.3,0.1,2,0.7,2.177755646580466,0.09329979580667636,-0.14852641931894847,84,674
0.6,0.2,0.1,2,0.6,2.1756011885445576,0.09324259052142048,-0.15759605864740256,114,674
0.3,0.3,0.2,2,0.7,2.175451935718809,0.09323862622596346,-0.16689196938780965,72,674
0.5,0.3,0.2,2,0.7,2.1748020629709597,0.0932213629897991,-0.1668919693878098,89,674
0.6,0.3,0.2,2,0.6,2.174096584912857,0.09320261896078641,-0.17232370765304011,117,674
0.6,0.4,0.2,2,0.7,2.174085410455559,0.09320232203280998,-0.16689196938781,87,674
0.3,0.2,0.1,2,0.7,2.174085410455559,0.09320232203280998,-0.16689196938781,87,674
0.4,0.3,0.2,2,0.65,2.1678379138320323,0.09303616215477573,-0.17070372255418492,96,674
0.4,0.2,0.2,2,0.7,2.1616351051093345,0.09287089136106275,-0.1668919693878098,95,674
0.5,0.6,0.2,2,0.75,2.1612459797089807,0.0928605133338205,-0.1514507672136543,78,674
0.3,0.2,0.2,2,0.7,2.1585711482629173,0.09278914329540067,-0.16689196938780965,89,674
0.4,0.2,0.2,2,0.55,2.15484508814085,0.09268963127918606,-0.17862946504134558,139,674
0.6,0.3,0.2,2,0.55,2.1546399301043535,0.09268414896657817,-0.17862946504134558,132,674
0.6,0.2,0.0,2,0.7,2.1533828405675224,0.09265054934597372,-0.15601767571505554,96,674
0.4,0.5,0.2,2,0.75,2.1490069326784607,0.0925334931383377,-0.14786457126102934,79,674
0.2,0.5,0.2,2,0.75,2.1488899346249,0.09253036136247705,-0.14786457126102995,79,674
0.2,0.4,0.2,2,0.7,2.148509316981908,0.09252017233765386,-0.16689196938781012,93,674
0.6,0.3,0.2,2,0.65,2.147399516719669,0.09249045681331336,-0.17070372255418492,109,674
0.6,0.3,0.1,2,0.7,2.144654600816637,0.09241691859573375,-0.1550976944959634,98,674
0.6,0.2,0.2,2,0.6,2.1439294003370595,0.09239748007489723,-0.17232370765304025,120,674
0.5,0.4,0.2,2,0.65,2.1426709334506517,0.09236373787669305,-0.17070372255418478,102,674
0.3,0.5,0.2,2,0.75,2.141130375345602,0.09232241522804308,-0.14786457126102978,79,674
0.5,0.2,0.1,2,0.6,2.139381726414817,0.09227548825509624,-0.16908135259212148,120,674
0.4,0.3,0.2,2,0.7,2.1381803485737,0.09224323393995282,-0.1668919693878098,87,674
0.5,0.5,0.1,2,0.75,2.1368022669297195,0.09220622148640523,-0.15323011623056831,76,674
0.6,0.6,0.1,2,0.75,2.136471696135213,0.09219734079966391,-0.14140168289440921,69,674
0.4,0.4,0.1,2,0.75,2.136330929081171,0.09219355887211278,-0.15239681372241495,75,674
0.5,0.4,0.2,2,0.7,2.1354706793553855,0.09217044351052461,-0.16689196938781,91,674
0.5,0.2,0.2,2,0.7,2.1288542097689844,0.09199245962598157,-0.1668919693878098,95,674
0.6,0.5,0.2,2,0.75,2.127056603187413,0.09194404377526633,-0.15145076721365427,80,674
0.5,0.3,0.1,2,0.75,2.126272855265183,0.09192292665362656,-0.15145076721365414,80,674
0.5,0.4,0.1,2,0.75,2.1244385173032456,0.09187348357378178,-0.15239681372241412,75,674
0.6,0.4,0.1,2,0.75,2.1243452513005616,0.09187096894936175,-0.1523968137224147,75,674
0.2,0.3,0.2,2,0.7,2.1176300211549783,0.09168973158385851,-0.1668919693878101,84,674
0.6,0.3,0.2,2,0.7,2.1129303741516328,0.09156267838445276,-0.1668919693878098,99,674
0.6,0.5,0.1,2,0.75,2.1114051614564553,0.09152140678170229,-0.15323011623056848,76,674
0.5,0.5,0.2,2,0.75,2.1058837968446253,0.09137184472323212,-0.15145076721365455,80,674
0.3,0.3,0.1,2,0.75,2.1033853669110893,0.09130408690428649,-0.15145076721365436,80,674
0.6,0.6,0.2,2,0.75,2.1033853669110893,0.09130408690428649,-0.15145076721365436,80,674
0.3,0.4,0.2,2,0.75,2.103306552435276,0.09130194862415042,-0.16479793632309642,86,674
0.6,0.2,0.2,3,0.7,2.1013472345400923,0.09124877513499463,-0.16062692045802995,77,674
0.2,0.2,0.2,3,0.7,2.1013472345400923,0.09124877513499463,-0.16062692045802995,77,674
0.6,0.6,0.1,3,0.7,2.1013472345400923,0.09124877513499463,-0.16062692045802995,77,674
0.6,0.4,0.1,3,0.7,2.1013472345400923,0.09124877513499463,-0.16062692045802995,77,674
0.2,0.3,0.1,3,0.7,2.1013472345400923,0.09124877513499463,-0.16062692045802995,77,674
0.6,0.6,0.2,3,0.7,2.1013472345400923,0.09124877513499463,-0.16062692045802995,77,674
0.6,0.3,0.2,3,0.7,2.1013472345400923,0.09124877513499463,-0.16062692045802995,77,674
0.6,0.4,0.0,3,0.7,2.1013472345400923,0.09124877513499463,-0.16062692045802995,77,674
0.6,0.4,0.2,3,0.7,2.1013472345400923,0.09124877513499463,-0.16062692045802995,77,674
0.6,0.2,0.1,3,0.7,2.1013472345400923,0.09124877513499463,-0.16062692045802995,77,674
0.5,0.6,0.2,3,0.7,2.1013472345400923,0.09124877513499463,-0.16062692045802995,77,674
0.6,0.3,0.1,3,0.7,2.1013472345400923,0.09124877513499463,-0.16062692045802995,77,674
0.2,0.2,0.0,3,0.7,2.1013472345400923,0.09124877513499463,-0.16062692045802995,77,674
0.6,0.6,0.0,3,0.7,2.1013472345400923,0.09124877513499463,-0.16062692045802995,77,674
0.6,0.5,0.0,3,0.7,2.1013472345400923,0.09124877513499463,-0.16062692045802995,77,674
0.6,0.3,0.0,3,0.7,2.1013472345400923,0.09124877513499463,-0.16062692045802995,77,674
0.2,0.2,0.1,3,0.7,2.1013472345400923,0.09124877513499463,-0.16062692045802995,77,674
0.6,0.2,0.0,3,0.7,2.1013472345400923,0.09124877513499463,-0.16062692045802995,77,674
0.2,0.3,0.0,3,0.7,2.1013472345400923,0.09124877513499463,-0.16062692045802995,77,674
0.6,0.5,0.2,3,0.7,2.1013472345400923,0.09124877513499463,-0.16062692045802995,77,674
0.6,0.5,0.1,3,0.7,2.1013472345400923,0.09124877513499463,-0.16062692045802995,77,674
0.5,0.3,0.0,3,0.7,2.1013472345400923,0.09124877513499463,-0.16062692045802995,77,674
0.5,0.3,0.1,3,0.7,2.1013472345400923,0.09124877513499463,-0.16062692045802995,77,674
0.5,0.4,0.0,3,0.7,2.1013472345400923,0.09124877513499463,-0.16062692045802995,77,674
0.3,0.6,0.0,3,0.7,2.1013472345400923,0.09124877513499463,-0.16062692045802995,77,674
0.5,0.3,0.2,3,0.7,2.1013472345400923,0.09124877513499463,-0.16062692045802995,77,674
0.4,0.4,0.1,3,0.7,2.1013472345400923,0.09124877513499463,-0.16062692045802995,77,674
0.3,0.3,0.1,3,0.7,2.1013472345400923,0.09124877513499463,-0.16062692045802995,77,674
0.2,0.5,0.0,3,0.7,2.1013472345400923,0.09124877513499463,-0.16062692045802995,77,674
0.3,0.6,0.1,3,0.7,2.1013472345400923,0.09124877513499463,-0.16062692045802995,77,674
0.2,0.5,0.1,3,0.7,2.1013472345400923,0.09124877513499463,-0.16062692045802995,77,674
0.5,0.2,0.2,3,0.7,2.1013472345400923,0.09124877513499463,-0.16062692045802995,77,674
0.3,0.3,0.0,3,0.7,2.1013472345400923,0.09124877513499463,-0.16062692045802995,77,674
0.5,0.2,0.1,3,0.7,2.1013472345400923,0.09124877513499463,-0.16062692045802995,77,674
0.3,0.6,0.2,3,0.7,2.1013472345400923,0.09124877513499463,-0.16062692045802995,77,674
0.4,0.2,0.0,3,0.7,2.1013472345400923,0.09124877513499463,-0.16062692045802995,77,674
0.5,0.2,0.0,3,0.7,2.1013472345400923,0.09124877513499463,-0.16062692045802995,77,674
0.4,0.4,0.2,3,0.7,2.1013472345400923,0.09124877513499463,-0.16062692045802995,77,674
0.4,0.3,0.0,3,0.7,2.1013472345400923,0.09124877513499463,-0.16062692045802995,77,674
0.4,0.6,0.2,3,0.7,2.1013472345400923,0.09124877513499463,-0.16062692045802995,77,674
0.2,0.5,0.2,3,0.7,2.1013472345400923,0.09124877513499463,-0.16062692045802995,77,674
0.3,0.2,0.0,3,0.7,2.1013472345400923,0.09124877513499463,-0.16062692045802995,77,674
0.4,0.6,0.1,3,0.7,2.1013472345400923,0.09124877513499463,-0.16062692045802995,77,674
0.4,0.2,0.1,3,0.7,2.1013472345400923,0.09124877513499463,-0.16062692045802995,77,674
0.4,0.6,0.0,3,0.7,2.1013472345400923,0.09124877513499463,-0.16062692045802995,77,674
0.2,0.6,0.0,3,0.7,2.1013472345400923,0.09124877513499463,-0.16062692045802995,77,674
0.4,0.5,0.2,3,0.7,2.1013472345400923,0.09124877513499463,-0.16062692045802995,77,674
0.5,0.6,0.1,3,0.7,2.1013472345400923,0.09124877513499463,-0.16062692045802995,77,674
0.2,0.6,0.1,3,0.7,2.1013472345400923,0.09124877513499463,-0.16062692045802995,77,674
0.4,0.5,0.0,3,0.7,2.1013472345400923,0.09124877513499463,-0.16062692045802995,77,674
0.3,0.2,0.2,3,0.7,2.1013472345400923,0.09124877513499463,-0.16062692045802995,77,674
0.4,0.5,0.1,3,0.7,2.1013472345400923,0.09124877513499463,-0.16062692045802995,77,674
0.2,0.6,0.2,3,0.7,2.1013472345400923,0.09124877513499463,-0.16062692045802995,77,674
0.4,0.3,0.1,3,0.7,2.1013472345400923,0.09124877513499463,-0.16062692045802995,77,674
0.4,0.2,0.2,3,0.7,2.1013472345400923,0.09124877513499463,-0.16062692045802995,77,674
0.3,0.5,0.1,3,0.7,2.1013472345400923,0.09124877513499463,-0.16062692045802995,77,674
0.5,0.6,0.0,3,0.7,2.1013472345400923,0.09124877513499463,-0.16062692045802995,77,674
0.3,0.5,0.0,3,0.7,2.1013472345400923,0.09124877513499463,-0.16062692045802995,77,674
0.2,0.4,0.1,3,0.7,2.1013472345400923,0.09124877513499463,-0.16062692045802995,77,674
0.5,0.5,0.1,3,0.7,2.1013472345400923,0.09124877513499463,-0.16062692045802995,77,674
0.3,0.4,0.0,3,0.7,2.1013472345400923,0.09124877513499463,-0.16062692045802995,77,674
0.3,0.2,0.1,3,0.7,2.1013472345400923,0.09124877513499463,-0.16062692045802995,77,674
0.3,0.3,0.2,3,0.7,2.1013472345400923,0.09124877513499463,-0.16062692045802995,77,674
0.5,0.5,0.2,3,0.7,2.1013472345400923,0.09124877513499463,-0.16062692045802995,77,674
0.2,0.4,0.0,3,0.7,2.1013472345400923,0.09124877513499463,-0.16062692045802995,77,674
0.5,0.5,0.0,3,0.7,2.1013472345400923,0.09124877513499463,-0.16062692045802995,77,674
0.5,0.4,0.2,3,0.7,2.1013472345400923,0.09124877513499463,-0.16062692045802995,77,674
0.3,0.4,0.2,3,0.7,2.1013472345400923,0.09124877513499463,-0.16062692045802995,77,674
0.5,0.4,0.1,3,0.7,2.1013472345400923,0.09124877513499463,-0.16062692045802995,77,674
0.4,0.3,0.2,3,0.7,2.1013472345400923,0.09124877513499463,-0.16062692045802995,77,674
0.2,0.4,0.2,3,0.7,2.1013472345400923,0.09124877513499463,-0.16062692045802995,77,674
0.4,0.4,0.0,3,0.7,2.1013472345400923,0.09124877513499463,-0.16062692045802995,77,674
0.3,0.4,0.1,3,0.7,2.1013472345400923,0.09124877513499463,-0.16062692045802995,77,674
0.3,0.5,0.2,3,0.7,2.1013472345400923,0.09124877513499463,-0.16062692045802995,77,674
0.2,0.3,0.2,3,0.7,2.1013472345400923,0.09124877513499463,-0.16062692045802995,77,674
0.5,0.2,0.2,2,0.55,2.0987038555325,0.09117698791728235,-0.17862946504134558,139,674
0.6,0.2,0.2,2,0.65,2.0964090209127466,0.09111462040535567,-0.17070372255418498,110,674
0.5,0.2,0.0,2,0.75,2.0911303810333313,0.09097099892595284,-0.157580114710523,94,674
0.4,0.2,0.1,2,0.7,2.090640757196614,0.09095766574952102,-0.16312498128257785,101,674
0.2,0.2,0.1,2,0.75,2.0890926643978904,0.09091549607920135,-0.16479793632309614,86,674
0.4,0.4,0.2,2,0.75,2.0890926643978904,0.09091549607920135,-0.16479793632309614,86,674
0.4,0.2,0.1,2,0.65,2.0861233945850124,0.09083455928813544,-0.16767048540822163,114,674
0.6,0.2,0.2,2,0.55,2.0860018395879196,0.09083124439326684,-0.1786294650413456,139,674
0.5,0.3,0.2,2,0.75,2.083794702161456,0.09077103315257151,-0.16479793632309658,86,674
0.4,0.3,0.1,2,0.75,2.0803944223726285,0.09067819482688444,-0.15145076721365427,80,674
0.6,0.2,0.1,2,0.65,2.0758104418373553,0.09055288795001792,-0.15704503192539376,108,674
0.2,0.2,0.2,2,0.75,2.073559698368469,0.09049129892989605,-0.16479793632309642,86,674
0.3,0.2,0.1,2,0.75,2.0704342138661835,0.09040570455724217,-0.16479793632309614,86,674
0.6,0.4,0.2,2,0.75,2.0704342138661835,0.09040570455724217,-0.16479793632309614,86,674
0.2,0.4,0.2,2,0.75,2.0647034348280378,0.09024855262004139,-0.16479793632309664,88,674
0.6,0.2,0.1,2,0.7,2.0561645235887354,0.09001389104066582,-0.15537825922034396,97,674
0.6,0.3,0.1,2,0.75,2.0554718572339503,0.089994829049443,-0.15692351340378277,93,674
0.5,0.2,0.1,2,0.7,2.054145351738151,0.08995831284203293,-0.16312498128257694,101,674
0.5,0.4,0.2,2,0.75,2.0526055015874873,0.0899159052953089,-0.16479793632309614,86,674
0.4,0.2,0.2,2,0.75,2.049001789342405,0.08981658167353612,-0.16479793632309658,89,674
0.5,0.2,0.2,2,0.75,2.048475582879315,0.08980206958416148,-0.16479793632309658,89,674
0.6,0.2,0.0,2,0.75,2.0449273967077213,0.08970415483674743,-0.15758011471052316,94,674
0.4,0.3,0.2,2,0.75,2.0439692991243503,0.08967769739066722,-0.16479793632309658,86,674
0.5,0.2,0.1,2,0.65,2.043964220294471,0.08967755712052372,-0.1676704854082225,114,674
0.6,0.2,0.2,2,0.7,2.0423975341190137,0.08963427713736238,-0.16689196938781012,105,674
0.3,0.2,0.2,2,0.75,2.0413018783099672,0.08960399722824564,-0.16479793632309644,86,674
0.3,0.5,0.0,3,0.75,2.037442049749094,0.08949724545935278,-0.15996458654357235,79,674
0.2,0.4,0.0,3,0.75,2.037442049749094,0.08949724545935278,-0.15996458654357235,79,674
0.2,0.5,0.0,3,0.75,2.037442049749094,0.08949724545935278,-0.15996458654357235,79,674
0.2,0.6,0.0,3,0.75,2.037442049749094,0.08949724545935278,-0.15996458654357235,79,674
0.3,0.6,0.0,3,0.75,2.037442049749094,0.08949724545935278,-0.15996458654357235,79,674
0.2,0.2,0.1,3,0.75,2.0374420497490893,0.08949724545935256,-0.1599645865435723,79,674
0.6,0.5,0.0,3,0.75,2.0374420497490924,0.08949724545935256,-0.15996458654357226,79,674
0.4,0.2,0.2,3,0.75,2.0374420497490893,0.08949724545935256,-0.1599645865435723,79,674
0.4,0.3,0.0,3,0.75,2.0374420497490924,0.08949724545935256,-0.15996458654357226,79,674
0.5,0.6,0.1,3,0.75,2.0374420497490893,0.08949724545935256,-0.1599645865435723,79,674
0.6,0.5,0.1,3,0.75,2.0374420497490893,0.08949724545935256,-0.1599645865435723,79,674
0.3,0.3,0.1,3,0.75,2.0374420497490893,0.08949724545935256,-0.1599645865435723,79,674
0.3,0.4,0.1,3,0.75,2.0374420497490893,0.08949724545935256,-0.1599645865435723,79,674
0.3,0.4,0.2,3,0.75,2.0374420497490893,0.08949724545935256,-0.1599645865435723,79,674
0.3,0.4,0.0,3,0.75,2.0374420497490924,0.08949724545935256,-0.15996458654357226,79,674
0.3,0.3,0.2,3,0.75,2.0374420497490893,0.08949724545935256,-0.1599645865435723,79,674
0.6,0.6,0.1,3,0.75,2.0374420497490893,0.08949724545935256,-0.1599645865435723,79,674
0.3,0.5,0.1,3,0.75,2.0374420497490893,0.08949724545935256,-0.1599645865435723,79,674
0.3,0.5,0.2,3,0.75,2.0374420497490893,0.08949724545935256,-0.1599645865435723,79,674
0.6,0.6,0.0,3,0.75,2.0374420497490924,0.08949724545935256,-0.15996458654357226,79,674
0.4,0.2,0.1,3,0.75,2.0374420497490893,0.08949724545935256,-0.1599645865435723,79,674
0.3,0.6,0.1,3,0.75,2.0374420497490893,0.08949724545935256,-0.1599645865435723,79,674
0.2,0.2,0.0,3,0.75,2.0374420497490924,0.08949724545935256,-0.15996458654357226,79,674
0.3,0.3,0.0,3,0.75,2.0374420497490924,0.08949724545935256,-0.15996458654357226,79,674
0.3,0.6,0.2,3,0.75,2.0374420497490893,0.08949724545935256,-0.1599645865435723,79,674
0.6,0.5,0.2,3,0.75,2.0374420497490893,0.08949724545935256,-0.1599645865435723,79,674
0.4,0.2,0.0,3,0.75,2.0374420497490924,0.08949724545935256,-0.15996458654357226,79,674
0.3,0.2,0.2,3,0.75,2.0374420497490893,0.08949724545935256,-0.1599645865435723,79,674
0.4,0.3,0.1,3,0.75,2.0374420497490893,0.08949724545935256,-0.1599645865435723,79,674
0.6,0.4,0.0,3,0.75,2.0374420497490924,0.08949724545935256,-0.15996458654357226,79,674
0.3,0.2,0.1,3,0.75,2.0374420497490893,0.08949724545935256,-0.1599645865435723,79,674
0.6,0.2,0.1,3,0.75,2.0374420497490893,0.08949724545935256,-0.1599645865435723,79,674
0.6,0.3,0.0,3,0.75,2.0374420497490924,0.08949724545935256,-0.15996458654357226,79,674
0.2,0.5,0.1,3,0.75,2.0374420497490893,0.08949724545935256,-0.1599645865435723,79,674
0.5,0.3,0.0,3,0.75,2.0374420497490924,0.08949724545935256,-0.15996458654357226,79,674
0.5,0.3,0.1,3,0.75,2.0374420497490893,0.08949724545935256,-0.1599645865435723,79,674
0.2,0.3,0.1,3,0.75,2.0374420497490893,0.08949724545935256,-0.1599645865435723,79,674
0.6,0.2,0.2,3,0.75,2.0374420497490893,0.08949724545935256,-0.1599645865435723,79,674
0.5,0.3,0.2,3,0.75,2.0374420497490893,0.08949724545935256,-0.1599645865435723,79,674
0.2,0.4,0.2,3,0.75,2.0374420497490893,0.08949724545935256,-0.1599645865435723,79,674
0.5,0.4,0.0,3,0.75,2.0374420497490924,0.08949724545935256,-0.15996458654357226,79,674
0.5,0.4,0.1,3,0.75,2.0374420497490893,0.08949724545935256,-0.1599645865435723,79,674
0.5,0.2,0.1,3,0.75,2.0374420497490893,0.08949724545935256,-0.1599645865435723,79,674
0.6,0.2,0.0,3,0.75,2.0374420497490924,0.08949724545935256,-0.15996458654357226,79,674
0.5,0.4,0.2,3,0.75,2.0374420497490893,0.08949724545935256,-0.1599645865435723,79,674
0.2,0.4,0.1,3,0.75,2.0374420497490893,0.08949724545935256,-0.1599645865435723,79,674
0.5,0.5,0.0,3,0.75,2.0374420497490924,0.08949724545935256,-0.15996458654357226,79,674
0.5,0.5,0.1,3,0.75,2.0374420497490893,0.08949724545935256,-0.1599645865435723,79,674
0.5,0.6,0.2,3,0.75,2.0374420497490893,0.08949724545935256,-0.1599645865435723,79,674
0.5,0.5,0.2,3,0.75,2.0374420497490893,0.08949724545935256,-0.1599645865435723,79,674
0.5,0.6,0.0,3,0.75,2.0374420497490924,0.08949724545935256,-0.15996458654357226,79,674
0.2,0.3,0.2,3,0.75,2.0374420497490893,0.08949724545935256,-0.1599645865435723,79,674
0.4,0.3,0.2,3,0.75,2.0374420497490893,0.08949724545935256,-0.1599645865435723,79,674
0.5,0.2,0.2,3,0.75,2.0374420497490893,0.08949724545935256,-0.1599645865435723,79,674
0.2,0.2,0.2,3,0.75,2.0374420497490893,0.08949724545935256,-0.1599645865435723,79,674
0.6,0.3,0.1,3,0.75,2.0374420497490893,0.08949724545935256,-0.1599645865435723,79,674
0.6,0.4,0.2,3,0.75,2.0374420497490893,0.08949724545935256,-0.1599645865435723,79,674
0.4,0.4,0.0,3,0.75,2.0374420497490924,0.08949724545935256,-0.15996458654357226,79,674
0.4,0.4,0.1,3,0.75,2.0374420497490893,0.08949724545935256,-0.1599645865435723,79,674
0.3,0.2,0.0,3,0.75,2.0374420497490924,0.08949724545935256,-0.15996458654357226,79,674
0.4,0.4,0.2,3,0.75,2.0374420497490893,0.08949724545935256,-0.1599645865435723,79,674
0.6,0.4,0.1,3,0.75,2.0374420497490893,0.08949724545935256,-0.1599645865435723,79,674
0.4,0.5,0.0,3,0.75,2.0374420497490924,0.08949724545935256,-0.15996458654357226,79,674
0.2,0.6,0.2,3,0.75,2.0374420497490893,0.08949724545935256,-0.1599645865435723,79,674
0.4,0.5,0.1,3,0.75,2.0374420497490893,0.08949724545935256,-0.1599645865435723,79,674
0.2,0.6,0.1,3,0.75,2.0374420497490893,0.08949724545935256,-0.1599645865435723,79,674
0.6,0.6,0.2,3,0.75,2.0374420497490893,0.08949724545935256,-0.1599645865435723,79,674
0.4,0.5,0.2,3,0.75,2.0374420497490893,0.08949724545935256,-0.1599645865435723,79,674
0.4,0.6,0.0,3,0.75,2.0374420497490924,0.08949724545935256,-0.15996458654357226,79,674
0.4,0.6,0.1,3,0.75,2.0374420497490893,0.08949724545935256,-0.1599645865435723,79,674
0.2,0.3,0.0,3,0.75,2.0374420497490924,0.08949724545935256,-0.15996458654357226,79,674
0.6,0.3,0.2,3,0.75,2.0374420497490893,0.08949724545935256,-0.1599645865435723,79,674
0.2,0.5,0.2,3,0.75,2.0374420497490893,0.08949724545935256,-0.1599645865435723,79,674
0.4,0.6,0.2,3,0.75,2.0374420497490893,0.08949724545935256,-0.1599645865435723,79,674
0.5,0.2,0.0,3,0.75,2.0374420497490924,0.08949724545935256,-0.15996458654357226,79,674
0.6,0.3,0.2,2,0.75,2.022578492168815,0.08908498949811516,-0.16479793632309658,93,674
0.3,0.3,0.2,2,0.75,2.0225517259234915,0.08908424542286242,-0.16479793632309644,85,674
0.4,0.2,0.1,2,0.75,2.019345138525887,0.08899506142216707,-0.1614304323274788,91,674
0.2,0.3,0.2,2,0.75,2.017766143997278,0.08895111312593262,-0.16479793632309644,85,674
0.5,0.2,0.1,2,0.75,1.9892987159983346,0.08815511470029547,-0.16143043232747875,91,674
0.6,0.2,0.2,2,0.75,1.9870867987287526,0.08809297314133802,-0.16479793632309628,93,674
0.6,0.2,0.1,2,0.75,1.98656497400346,0.08807830681738871,-0.15550973879049612,87,674
