date,premium_513100,premium_513500
2013-05-17,-0.006972,
2013-05-24,-0.003009,
2013-05-31,0.004024,
2013-06-07,-0.020141,
2013-06-14,0.000000,
2013-06-21,0.002088,
2013-06-28,-0.006192,
2013-07-05,0.002026,
2013-07-12,-0.002935,
2013-07-19,0.005923,
2013-07-26,-0.012708,
2013-08-02,-0.021989,
2013-08-09,-0.010608,
2013-08-16,-0.019589,
2013-08-23,-0.023099,
2013-08-30,-0.011753,
2013-09-06,-0.024015,
2013-09-13,-0.024668,
2013-09-18,-0.028918,
2013-09-27,0.000935,
2013-09-30,-0.009381,
2013-10-11,-0.006530,
2013-10-18,-0.007214,
2013-10-25,0.018784,
2013-11-01,-0.000894,
2013-11-08,0.009874,
2013-11-15,0.000884,
2013-11-22,-0.022928,
2013-11-29,-0.013021,
2013-12-06,-0.019913,
2013-12-13,-0.013193,
2013-12-20,-0.023196,
2013-12-27,0.004259,
2014-01-03,-0.001720,
2014-01-10,0.000000,
2014-01-17,0.003393,-0.019179
2014-01-24,0.019776,0.008866
2014-01-30,0.002586,-0.015375
2014-02-07,-0.007699,-0.015382
2014-02-14,-0.014988,-0.016571
2014-02-21,0.000000,-0.011238
2014-02-28,0.029654,-0.003600
2014-03-07,0.012336,-0.003950
2014-03-14,0.001674,-0.002156
2014-03-21,0.013289,-0.003377
2014-03-28,-0.004244,-0.003972
2014-04-04,0.025663,0.011474
2014-04-11,0.003515,0.004756
2014-04-18,-0.011140,-0.002989
2014-04-25,0.009434,0.006660
2014-04-30,-0.010152,-0.007065
2014-05-09,-0.012777,-0.003828
2014-05-16,-0.005902,-0.002391
2014-05-23,-0.012325,-0.008592
2014-05-30,0.001617,-0.004850
2014-06-06,0.000797,-0.001566
2014-06-13,-0.004013,-0.005017
2014-06-20,-0.000797,0.000183
2014-06-27,0.000000,0.001285
2014-07-04,0.007722,0.002995
2014-07-11,-0.003888,0.002476
2014-07-18,-0.006163,-0.008746
2014-07-25,0.003060,0.001821
2014-08-01,0.003900,0.005795
2014-08-08,-0.008574,-0.009143
2014-08-15,-0.003042,0.000829
2014-08-22,-0.003737,0.000633
2014-08-29,-0.009637,-0.006640
2014-09-05,-0.009615,-0.008856
2014-09-12,0.000746,0.004720
2014-09-19,0.003706,0.002331
2014-09-26,-0.016479,-0.011897
2014-09-30,-0.007491,0.002191
2014-10-10,0.016471,0.015123
2014-10-17,0.000000,-0.005736
2014-10-24,-0.012066,-0.011009
2014-10-31,-0.010287,-0.011254
2014-11-07,-0.002196,-0.004777
2014-11-14,-0.013015,-0.007424
2014-11-21,-0.009346,-0.012669
2014-11-28,-0.011997,-0.006368
2014-12-05,-0.013485,-0.013375
2014-12-12,-0.001463,-0.000632
2014-12-19,0.006456,-0.008373
2014-12-26,-0.007829,-0.008822
2014-12-31,0.008696,0.006488
2015-01-09,0.010182,0.007403
2015-01-16,0.000741,-0.005634
2015-01-23,-0.001433,0.011147
2015-01-30,0.013304,0.013172
2015-02-06,0.005801,-0.004295
2015-02-13,-0.006998,-0.006696
2015-02-17,0.004193,-0.004626
2015-02-27,-0.002066,-0.002302
2015-03-06,0.016678,0.018607
2015-03-13,0.012023,0.006799
2015-03-20,-0.003427,-0.009101
2015-03-27,0.017680,-0.003484
2015-04-03,0.004255,-0.006600
2015-04-10,-0.007628,-0.017933
2015-04-17,0.016973,-0.002677
2015-04-24,-0.009485,-0.013236
2015-04-30,0.018868,0.001036
2015-05-08,0.001381,-0.018525
2015-05-15,0.004115,-0.013476
2015-05-22,-0.001361,-0.010144
2015-05-29,0.008202,-0.004340
2015-06-05,0.007571,-0.004881
2015-06-12,0.008287,-0.000257
2015-06-19,-0.002048,-0.015126
2015-06-26,0.009615,-0.012104
2015-07-03,0.001388,-0.008621
2015-07-10,-0.034146,-0.031813
2015-07-17,-0.023825,-0.018605
2015-07-24,0.013532,0.009599
2015-07-31,0.024849,-0.002796
2015-08-07,0.018367,-0.000086
2015-08-14,0.009759,-0.012638
2015-08-21,0.042777,0.031794
2015-08-28,0.004752,-0.004455
2015-09-02,-0.009028,-0.007647
2015-09-11,0.001366,-0.005930
2015-09-18,0.011628,0.013910
2015-09-25,0.011863,0.001415
2015-09-30,-0.014144,-0.014361
2015-10-09,-0.016949,-0.011410
2015-10-16,-0.008021,-0.013430
2015-10-23,-0.017330,-0.016678
2015-10-30,0.003197,0.000248
2015-11-06,-0.005057,-0.004088
2015-11-13,0.014464,0.008794
2015-11-20,-0.001894,-0.000899
2015-11-27,-0.001261,-0.002689
2015-12-04,-0.015038,-0.016540
2015-12-11,0.023241,0.020837
2015-12-18,0.021263,0.013898
2015-12-25,-0.003781,0.000326
2015-12-31,0.022770,0.011558
2016-01-08,0.032952,0.027941
2016-01-15,0.024931,0.031809
2016-01-22,-0.017544,0.016964
2016-01-29,-0.019502,-0.013096
2016-02-05,0.062410,0.056407
2016-02-19,0.003470,0.022945
2016-02-26,0.002042,0.013998
2016-03-04,0.004664,0.002496
2016-03-11,-0.014628,-0.010589
2016-03-18,0.000000,-0.004836
2016-03-25,-0.005249,-0.006140
2016-04-01,-0.017375,-0.014599
2016-04-08,-0.001300,-0.001720
2016-04-15,-0.007029,-0.009081
2016-04-22,0.003894,-0.002719
2016-04-29,0.010745,0.008301
2016-05-06,-0.003336,-0.008739
2016-05-13,0.000000,0.009100
2016-05-20,-0.010540,-0.007824
2016-05-27,-0.010828,-0.009073
2016-06-03,-0.002540,0.000393
2016-06-08,-0.008895,-0.006788
2016-06-17,0.014398,0.006525
2016-06-24,0.022727,0.019021
2016-07-01,-0.009585,0.003568
2016-07-08,-0.023676,-0.010587
2016-07-15,-0.002462,0.019228
2016-07-22,-0.006675,0.030820
2016-07-29,-0.001200,0.064756
2016-08-05,-0.010676,0.037708
2016-08-12,0.004723,0.035435
2016-08-19,0.002966,0.032751
2016-08-26,0.008309,0.040806
2016-09-02,-0.001179,0.045966
2016-09-09,0.036880,0.102284
2016-09-14,-0.005354,0.078342
2016-09-23,0.033819,0.100346
2016-09-30,-0.009286,0.084662
2016-10-14,0.015222,0.150704
2016-10-21,-0.002885,0.134677
2016-10-28,0.008125,0.131650
2016-11-04,0.024625,0.145585
2016-11-11,-0.001169,0.100250
2016-11-18,0.005718,0.125541
2016-11-25,0.011236,0.200821
2016-12-02,0.017981,0.206463
2016-12-09,0.000000,0.222817
2016-12-16,0.007202,0.270871
2016-12-23,0.013245,0.310934
2016-12-30,0.019641,0.099414
2017-01-06,-0.001653,0.008176
2017-01-13,-0.001088,0.004907
2017-01-20,-0.000545,-0.001111
2017-01-26,0.009120,0.002406
2017-02-03,0.001609,-0.005707
2017-02-10,0.009499,0.000204
2017-02-17,0.005206,-0.001211
2017-02-24,0.012940,0.005062
2017-03-03,0.014879,0.074560
2017-03-10,0.018377,0.049366
2017-03-17,0.037755,0.064420
2017-03-24,0.006176,0.034067
2017-03-31,0.017748,0.045014
2017-04-07,-0.001018,0.027913
2017-04-14,0.001035,0.025173
2017-04-21,-0.000508,0.022826
2017-04-28,-0.001484,0.022652
2017-05-05,-0.008317,0.011001
2017-05-12,-0.004852,0.012467
2017-05-19,-0.005868,-0.006072
2017-05-26,0.008130,0.007166
2017-06-02,0.005701,0.004037
2017-06-09,0.034600,-0.000719
2017-06-16,0.010837,0.001437
2017-06-23,-0.004325,-0.000845
2017-06-30,0.000000,0.001251
2017-07-07,-0.011381,-0.006232
2017-07-14,-0.012488,-0.009465
2017-07-21,-0.001906,-0.001167
2017-07-28,-0.006689,-0.004087
2017-08-04,-0.003841,-0.007862
2017-08-11,-0.006846,0.004248
2017-08-18,0.004423,0.003534
2017-08-25,0.004410,-0.003186
2017-09-01,-0.004331,-0.005686
2017-09-08,0.006417,0.006200
2017-09-15,-0.006302,-0.006264
2017-09-22,-0.003401,-0.004321
2017-09-29,-0.009569,-0.007033
2017-10-13,-0.005206,-0.000706
2017-10-20,-0.001411,-0.006211
2017-10-27,-0.021188,-0.008743
2017-11-03,-0.003202,0.009719
2017-11-10,-0.000910,-0.002269
2017-11-17,0.000454,-0.000631
2017-11-24,-0.004957,-0.000818
2017-12-01,0.017249,-0.002902
2017-12-08,-0.000452,-0.000491
2017-12-15,-0.008000,-0.006522
2017-12-22,0.012494,0.005310
2017-12-29,0.012721,0.007958
2018-01-05,-0.009683,-0.008109
2018-01-12,0.002167,-0.002382
2018-01-19,0.001300,-0.003525
2018-01-26,-0.010239,-0.004493
2018-02-02,0.025481,0.027040
2018-02-09,-0.019222,-0.015743
2018-02-14,-0.016151,-0.015981
2018-02-23,-0.025141,-0.019572
2018-03-02,-0.007926,-0.004611
2018-03-09,-0.023579,-0.019727
2018-03-16,-0.001708,-0.005249
2018-03-23,0.017544,0.024057
2018-03-30,0.005039,-0.005561
2018-04-04,-0.019337,-0.016754
2018-04-13,0.005018,-0.000837
2018-04-20,0.014059,0.004358
2018-04-27,0.006763,-0.000636
2018-05-04,-0.014159,-0.006492
2018-05-11,-0.002153,-0.008511
2018-05-18,0.001736,-0.004789
2018-05-25,-0.003426,0.003653
2018-06-01,-0.017212,-0.013384
2018-06-08,0.000416,-0.006350
2018-06-15,0.008157,0.007103
2018-06-22,0.015096,0.003074
2018-06-29,0.001636,-0.000120
2018-07-06,-0.005575,0.001235
2018-07-13,0.008524,0.002708
2018-07-20,0.001919,0.001364
2018-07-27,0.023095,0.019191
2018-08-03,0.020008,0.002000
2018-08-10,0.003386,0.008174
2018-08-17,0.001878,-0.000165
2018-08-24,-0.011494,-0.010420
2018-08-31,0.000000,0.003155
2018-09-07,0.001505,0.001100
2018-09-14,0.006285,0.003091
2018-09-21,0.007781,0.002904
2018-09-28,0.001091,-0.001773
2018-10-12,-0.010802,-0.000676
2018-10-19,0.006194,-0.000897
2018-10-26,-0.001203,0.000816
2018-11-02,0.006719,0.004787
2018-11-09,0.008222,0.004186
2018-11-16,-0.007621,-0.008953
2018-11-23,-0.002956,0.001769
2018-11-30,-0.011499,-0.010112
2018-12-07,0.026072,0.023308
2018-12-14,0.015158,0.011540
2018-12-21,0.038004,0.024582
2018-12-28,-0.007961,-0.007869
2019-01-04,-0.035141,-0.029606
2019-01-11,-0.005978,-0.005111
2019-01-18,-0.008340,-0.012881
2019-01-25,-0.015365,-0.013275
2019-02-01,0.007472,-0.001299
2019-02-15,-0.014039,-0.017929
2019-02-22,-0.010048,-0.006342
2019-03-01,-0.005995,-0.005421
2019-03-08,-0.008929,-0.007261
2019-03-15,-0.008970,-0.008587
2019-03-22,0.021086,0.016736
2019-03-29,-0.009638,-0.011279
2019-04-04,-0.001515,-0.003273
2019-04-12,-0.008962,-0.009093
2019-04-19,-0.005944,0.000110
2019-04-26,0.010549,-0.004816
2019-04-30,0.027076,0.003782
2019-05-10,-0.001114,-0.006289
2019-05-17,0.006315,0.001305
2019-05-24,0.003049,-0.004281
2019-05-31,0.004294,-0.000113
2019-06-06,-0.009958,-0.009987
2019-06-14,-0.001491,-0.002472
2019-06-21,-0.002179,-0.003919
2019-06-28,-0.009114,-0.012803
2019-07-05,0.000714,0.000885
2019-07-12,-0.006700,-0.001034
2019-07-19,0.013948,0.008689
2019-07-26,-0.004187,-0.003597
2019-08-02,0.021755,0.015650
2019-08-09,0.012922,0.008364
2019-08-16,-0.005760,-0.007847
2019-08-23,0.037632,0.031729
2019-08-30,0.003532,0.003612
2019-09-06,0.001731,-0.000101
2019-09-12,-0.003091,-0.004768
2019-09-20,0.008357,0.002124
2019-09-27,0.012052,0.008172
2019-09-30,-0.003866,0.001169
2019-10-11,-0.011111,-0.007280
2019-10-18,0.004157,-0.002837
2019-10-25,-0.017639,-0.010005
2019-11-01,-0.009383,-0.009509
2019-11-08,-0.012671,-0.009539
2019-11-15,-0.004295,-0.007869
2019-11-22,0.000662,-0.004399
2019-11-29,0.008472,0.008615
2019-12-06,-0.003584,-0.006613
2019-12-13,0.005173,0.002547
2019-12-20,-0.000317,-0.006397
2019-12-27,0.010047,0.005571
2020-01-03,0.021664,0.019721
2020-01-10,0.041460,0.009057
2020-01-17,0.060274,-0.005031
2020-01-23,0.053301,0.001912
2020-02-07,0.089280,0.005337
2020-02-14,0.149326,0.016597
2020-02-21,0.080476,0.009613
2020-02-28,0.103089,0.046662
2020-03-06,0.139641,0.044266
2020-03-13,0.108164,0.023927
2020-03-20,0.228050,0.144457
2020-03-27,0.144980,0.053070
2020-04-03,0.114451,0.038531
2020-04-10,0.045485,0.000000
2020-04-17,0.047811,0.001939
2020-04-24,0.074524,-0.013793
2020-04-30,0.141069,0.021985
2020-05-08,0.126003,-0.003338
2020-05-15,0.078578,0.000472
2020-05-22,0.044135,-0.007920
2020-05-29,0.062375,-0.005246
2020-06-05,0.055679,-0.020142
2020-06-12,0.055256,-0.002863
2020-06-19,0.039934,0.004071
2020-06-24,0.053080,0.023778
2020-07-03,0.010633,-0.002601
2020-07-10,-0.014600,-0.027174
2020-07-17,0.007292,-0.007867
2020-07-24,0.016155,-0.002934
2020-07-31,-0.000765,-0.006194
2020-08-07,0.005272,0.006223
2020-08-14,0.016533,0.005500
2020-08-21,0.023086,-0.000408
2020-08-28,0.126321,0.015009
2020-09-04,0.183394,0.052130
2020-09-11,0.158608,0.011686
2020-09-18,0.249606,0.020708
2020-09-25,0.135667,-0.011124
2020-09-30,0.137044,-0.013515
2020-10-09,0.134343,-0.011410
2020-10-16,0.115113,0.001949
2020-10-23,0.122759,-0.000460
2020-10-30,0.111082,-0.009527
2020-11-06,0.086261,-0.005893
2020-11-13,0.076602,-0.010999
2020-11-20,0.067179,-0.000681
2020-11-27,0.039036,-0.004262
2020-12-04,0.029349,-0.012881
2020-12-11,0.009599,0.003767
2020-12-18,0.004904,0.001227
2020-12-25,0.010997,-0.003902
2020-12-31,0.010626,-0.007663
2021-01-08,-0.010541,-0.006728
2021-01-15,0.002349,0.001960
2021-01-22,-0.002476,-0.002265
2021-01-29,0.005578,0.006664
2021-02-05,-0.004637,-0.001138
2021-02-10,0.006410,0.003328
2021-02-19,0.002436,-0.001470
2021-02-26,-0.011869,-0.000387
2021-03-05,-0.011114,-0.020700
2021-03-12,0.002783,-0.000041
2021-03-19,-0.008366,0.000624
2021-03-26,-0.008261,-0.010483
2021-04-02,-0.002894,0.003940
2021-04-09,-0.009890,-0.002826
2021-04-16,-0.005735,0.001823
2021-04-23,-0.016139,-0.010152
2021-04-30,0.003694,0.011249
2021-05-07,-0.011853,-0.001626
2021-05-14,-0.009468,-0.009363
2021-05-21,0.009485,0.004123
2021-05-28,-0.001114,0.000789
2021-06-04,-0.020088,-0.010238
2021-06-11,-0.005666,-0.001640
2021-06-18,0.009265,0.012243
2021-06-25,-0.002098,-0.005236
2021-07-02,-0.012881,-0.005377
2021-07-09,-0.004669,-0.006625
2021-07-16,0.005950,0.009192
2021-07-23,-0.014961,-0.008059
2021-07-30,-0.009478,-0.000224
2021-08-06,0.004591,0.000517
2021-08-13,-0.004570,0.000878
2021-08-20,-0.012915,-0.009283
2021-08-27,-0.003895,-0.004961
2021-09-03,-0.000771,0.002422
2021-09-10,0.006845,0.010996
2021-09-17,0.012022,0.012696
2021-09-24,-0.002560,-0.000037
2021-09-30,0.012285,0.016981
2021-10-08,0.005909,0.000448
2021-10-15,-0.002601,-0.003457
2021-10-22,0.005359,-0.000728
2021-10-29,-0.013672,-0.007985
2021-11-05,0.002422,-0.002466
2021-11-12,-0.009585,-0.007515
2021-11-19,0.001659,0.006176
2021-11-26,0.016562,0.011527
2021-12-03,0.018118,0.008520
2021-12-10,-0.009567,-0.008669
2021-12-17,0.007570,0.009603
2021-12-24,-0.003193,0.000985
2021-12-31,0.005813,0.002647
2022-01-07,0.018453,0.006211
2022-01-14,-0.003925,-0.001390
2022-01-21,0.022364,0.011785
2022-01-28,-0.026483,-0.027377
2022-02-11,0.023656,0.007256
2022-02-18,0.026403,0.008907
2022-02-25,-0.028261,-0.035144
2022-03-04,0.005574,-0.000965
2022-03-11,0.019722,0.011089
2022-03-18,-0.027778,-0.014200
2022-03-25,0.001040,-0.002631
2022-04-01,0.007246,0.005132
2022-04-08,0.021436,0.011186
2022-04-15,-0.003304,0.011449
2022-04-22,0.032880,0.038503
2022-04-29,0.041427,0.037232
2022-05-06,0.020930,0.013001
2022-05-13,-0.017462,-0.012317
2022-05-20,0.023342,-0.001205
2022-05-27,-0.026406,-0.028313
2022-06-02,-0.024943,-0.024832
2022-06-10,0.046972,0.028817
2022-06-17,0.028609,0.005418
2022-06-24,-0.003628,-0.024292
2022-07-01,0.011392,-0.015051
2022-07-08,0.007238,-0.005659
2022-07-15,-0.003641,-0.019147
2022-07-22,0.017606,0.005299
2022-07-29,-0.001125,-0.009495
2022-08-05,0.009934,0.002575
2022-08-12,-0.018260,-0.016201
2022-08-19,0.010893,0.004482
2022-08-26,0.040956,0.033407
2022-09-02,0.016490,0.012272
2022-09-09,-0.013559,-0.012643
2022-09-16,0.005981,0.000788
2022-09-23,0.029814,0.015837
2022-09-30,0.025253,0.011910
2022-10-14,0.049159,0.030071
2022-10-21,-0.009780,-0.023307
2022-10-28,-0.035672,-0.034091
2022-11-04,0.017500,-0.012852
2022-11-11,-0.011574,-0.012391
2022-11-18,0.009467,-0.004205
2022-11-25,0.014068,0.007592
2022-12-02,0.002323,0.000368
2022-12-09,0.015854,0.008033
2022-12-16,0.021277,0.010069
2022-12-23,0.022989,-0.002364
2022-12-30,0.026992,-0.007434
2023-01-06,0.024359,-0.024582
2023-01-13,0.025157,-0.003871
2023-01-20,0.013682,-0.011936
2023-02-03,0.005780,0.002441
2023-02-10,0.009390,-0.003215
2023-02-17,0.000000,-0.001745
2023-02-24,0.022592,0.014515
2023-03-03,-0.019630,-0.018535
2023-03-10,0.009524,0.006711
2023-03-17,0.004545,0.005652
2023-03-24,0.002250,-0.002112
2023-03-31,-0.015184,-0.016467
2023-04-07,-0.001093,-0.003831
2023-04-14,-0.003286,-0.003740
2023-04-21,-0.002198,-0.001793
2023-04-28,-0.010718,-0.012282
2023-05-05,-0.017167,-0.015152
2023-05-12,0.005313,0.002222
2023-05-19,0.005076,0.003022
2023-05-26,-0.029240,-0.016475
2023-06-02,-0.002868,-0.013760
2023-06-09,0.000000,0.000278
2023-06-16,0.009174,0.001890
2023-06-21,0.017576,0.007043
2023-06-30,-0.009901,-0.007724
2023-07-07,0.008204,0.005826
2023-07-14,0.001779,-0.000792
2023-07-21,0.010753,0.005696
2023-07-28,-0.003515,-0.003831
2023-08-04,0.020814,0.013011
2023-08-11,0.019284,0.011027
2023-08-18,0.011204,0.009645
2023-08-25,0.003680,0.005763
2023-09-01,0.012444,0.010405
2023-09-08,0.023318,0.018268
2023-09-15,0.034420,0.027684
2023-09-22,0.023430,0.021833
2023-09-28,0.011236,0.010580
2023-10-13,0.030303,0.022471
2023-10-20,0.027436,0.026377
2023-10-27,0.023324,0.028937
2023-11-03,0.002737,0.007594
2023-11-10,-0.008881,-0.000602
2023-11-17,0.011324,0.008579
2023-11-24,0.006963,0.003399
2023-12-01,-0.001739,-0.001363
2023-12-08,0.000865,-0.000065
2023-12-15,0.000839,0.003480
2023-12-22,0.002494,0.003141
2023-12-29,0.007475,0.005457
2024-01-05,0.005128,0.004955
2024-01-12,0.009106,0.007670
2024-01-19,-0.002410,0.000492
2024-01-26,0.007994,0.008414
2024-02-02,0.014229,0.016011
2024-02-08,0.025078,0.041169
2024-02-23,0.025621,0.034382
2024-03-01,0.005327,0.033003
2024-03-08,0.034830,0.048096
2024-03-15,0.030540,0.034925
2024-03-22,0.017490,0.046664
2024-03-29,0.022171,0.054366
2024-04-03,0.019985,0.031896
2024-04-12,0.039535,0.049505
2024-04-19,0.034370,0.025872
2024-04-26,0.014949,0.020754
2024-04-30,0.038369,0.040853
2024-05-10,0.015373,0.028000
2024-05-17,0.019564,0.036654
2024-05-24,0.006672,0.021061
2024-05-31,0.018059,0.020270
2024-06-07,0.023495,0.048351
2024-06-14,0.017730,0.042340
2024-06-21,0.026185,0.041633
2024-06-28,0.043878,0.072303
2024-07-05,0.044399,0.063047
2024-07-12,0.021918,0.043506
2024-07-19,0.049215,0.067134
2024-07-26,0.032234,0.049393
2024-08-02,0.053585,0.061927
2024-08-09,0.013514,0.018483
2024-08-16,0.046296,0.054064
2024-08-23,0.028229,0.034719
2024-08-30,0.010699,0.043139
2024-09-06,0.042553,0.059870
2024-09-13,0.027937,0.028780
2024-09-20,0.024858,0.035588
2024-09-27,0.000708,0.010479
2024-09-30,-0.004944,0.000839
2024-10-11,0.000693,0.012978
2024-10-18,0.001373,0.027317
2024-10-25,0.000000,0.021497
2024-11-01,0.006281,0.024428
2024-11-08,0.005274,0.020226
2024-11-15,0.023729,0.046145
2024-11-22,0.012650,0.049206
2024-11-29,0.013228,0.065378
2024-12-06,0.014734,0.077786
2024-12-13,0.035601,0.092024
2024-12-20,0.039037,0.064125
2024-12-27,0.072258,0.080321
2025-01-03,0.061079,0.075269
2025-01-10,0.083777,0.097752
2025-01-17,0.053652,0.075918
2025-01-24,0.049138,0.071480
2025-01-27,0.062500,0.078744
2025-02-07,0.049806,0.074141
2025-02-14,0.023884,0.048745
2025-02-21,0.036680,0.057385
2025-02-28,0.005323,0.007137
2025-03-07,0.032347,0.024053
2025-03-14,0.014104,0.010154
2025-03-21,0.032349,0.027016
2025-03-28,0.062680,0.038075
2025-04-03,0.057635,0.035820
2025-04-11,0.045892,0.008712
2025-04-18,0.047005,0.017694
2025-04-25,0.028490,0.007872
2025-04-30,0.024079,0.003380
2025-05-09,0.025535,0.007784
2025-05-16,0.010356,-0.006518
2025-05-23,0.017916,0.007202
2025-05-30,0.013021,-0.001296
2025-06-06,0.000639,-0.006382
2025-06-13,-0.000643,-0.001826
2025-06-20,0.005795,0.002622
2025-06-27,0.001237,0.000574
2025-07-04,-0.001221,0.000801
2025-07-11,0.001226,0.004350
2025-07-18,0.006663,0.007144
2025-07-25,0.001202,0.003617
2025-08-01,0.025783,0.030752
2025-08-08,0.002371,0.008676
2025-08-15,0.016529,0.018936
2025-08-22,-0.000596,-0.004678
2025-08-29,0.016216,0.012034
2025-09-05,0.010695,0.012123
2025-09-12,0.001168,0.005021
2025-09-19,-0.000571,0.004774
2025-09-26,0.020642,0.013604
2025-09-30,0.033637,0.016783
2025-10-10,0.080767,0.058203
2025-10-17,0.026122,0.012301
2025-10-24,0.057842,0.036634
2025-10-31,0.081878,0.071008
2025-11-07,0.084555,0.058239
2025-11-14,0.086441,0.085732
2025-11-21,0.076296,0.064214
2025-11-28,0.080044,0.074279
2025-12-05,0.080352,0.065977
2025-12-12,0.079820,0.075547
2025-12-19,0.072188,0.074906
2025-12-26,0.069884,0.067447
2025-12-31,0.073583,0.069011
2026-01-09,0.054060,0.065258
2026-01-16,0.065234,0.068413
2026-01-23,0.057192,0.065254
2026-01-30,0.057454,0.068050
2026-02-06,0.040041,0.020937
2026-02-13,0.067118,0.063203
2026-02-27,0.053638,0.061313
2026-03-06,0.059474,0.069884
2026-03-13,0.050847,0.057599
2026-03-20,0.062834,0.059690
2026-03-27,0.068769,0.061917
2026-04-03,0.045227,0.029302
2026-04-10,0.049974,0.037774
2026-04-17,0.034898,0.021724
2026-04-24,0.018533,0.016716
2026-04-30,0.041357,0.033893
2026-05-08,0.032862,0.035662
2026-05-15,0.055489,0.034066
2026-05-22,0.066282,0.027836
2026-05-29,0.100940,0.045722
2026-06-05,0.118721,0.078312
2026-06-12,0.072846,0.050192
2026-06-18,0.096222,0.060293
2026-06-26,0.089844,0.046639
2026-07-03,0.088507,0.039409
2026-07-10,0.074960,0.037186
2026-07-17,0.087708,0.044440
2026-07-24,0.104172,0.052853
