日期,纳指ETF,红利低波ETF,中证500ETF,黄金ETF,国债ETF
2013-05-17,0.1993,0.2491,2.9429,2.578,96.8251
2013-05-24,0.1987,0.2492,3.0147,2.578,96.7518
2013-05-31,0.1995,0.2529,3.0716,2.578,96.8704
2013-06-07,0.1945,0.2398,2.883,2.578,96.8545
2013-06-14,0.1957,0.2341,2.8621,2.578,96.8197
2013-06-21,0.1919,0.2262,2.7423,2.578,95.7188
2013-06-28,0.1925,0.2136,2.5687,2.578,96.8178
2013-07-05,0.1977,0.2169,2.6825,2.578,96.8178
2013-07-12,0.2037,0.2223,2.7334,2.578,95.9643
2013-07-19,0.2037,0.2136,2.7094,2.578,95.857
2013-07-26,0.2019,0.2183,2.7902,2.578,95.7072
2013-08-02,0.2045,0.2203,2.8202,2.578,95.9595
2013-08-09,0.2051,0.2222,2.883,2.616,95.4579
2013-08-16,0.2001,0.2262,2.8292,2.712,95.1447
2013-08-23,0.2029,0.2262,2.889,2.733,94.9717
2013-08-30,0.2017,0.2322,2.9279,2.787,94.8547
2013-09-06,0.2031,0.2344,3.0327,2.725,94.6305
2013-09-13,0.2055,0.2474,3.0626,2.622,94.153
2013-09-18,0.2081,0.2435,3.0596,2.589,94.6324
2013-09-27,0.2141,0.2403,3.0716,2.622,94.8103
2013-09-30,0.2111,0.2431,3.1404,2.649,94.8557
2013-10-11,0.2129,0.2521,3.2272,2.569,94.9031
2013-10-18,0.2201,0.2508,3.1823,2.605,94.6102
2013-10-25,0.2277,0.2483,3.0476,2.619,94.328
2013-11-01,0.2235,0.2485,2.9579,2.602,94.5454
2013-11-08,0.2249,0.2441,2.898,2.573,93.2106
2013-11-15,0.2263,0.2441,2.9848,2.526,92.5804
2013-11-22,0.2215,0.2535,3.0746,2.458,93.2947
2013-11-29,0.2273,0.2569,3.1554,2.443,93.3856
2013-12-06,0.2263,0.2609,3.1374,2.418,93.199
2013-12-13,0.2243,0.2606,3.1374,2.41,93.0279
2013-12-20,0.2273,0.2467,2.9878,2.342,92.6925
2013-12-27,0.2357,0.2508,3.0327,2.401,92.8308
2014-01-03,0.2321,0.2482,3.0536,2.424,92.6452
2014-01-10,0.2341,0.2393,2.889,2.428,92.854
2014-01-17,0.2365,0.2379,2.9219,2.435,92.8182
2014-01-24,0.2371,0.2459,3.1045,2.46,93.3943
2014-01-30,0.2325,0.2457,3.1015,2.461,93.7558
2014-02-07,0.2319,0.248,3.1644,2.48,93.8147
2014-02-14,0.2365,0.2559,3.311,2.552,94.0554
2014-02-21,0.2405,0.2565,3.2991,2.582,94.1047
2014-02-28,0.2499,0.2483,3.1734,2.621,94.6576
2014-03-07,0.2461,0.2487,3.2063,2.649,94.21
2014-03-14,0.2393,0.2465,3.0985,2.692,94.5783
2014-03-21,0.2439,0.2505,3.1524,2.647,94.5764
2014-03-28,0.2345,0.2502,3.0776,2.588,94.3473
2014-04-04,0.2397,0.2535,3.1404,2.564,94.067
2014-04-11,0.2283,0.263,3.2093,2.62,94.5812
2014-04-18,0.2307,0.2582,3.2212,2.579,95.2559
2014-04-25,0.2353,0.2492,3.0267,2.59,95.021
2014-04-30,0.2339,0.2497,2.9968,2.612,95.3235
2014-05-09,0.2317,0.2465,2.9579,2.588,95.8938
2014-05-16,0.2357,0.249,2.9668,2.594,95.7391
2014-05-23,0.2403,0.2497,3.0237,2.597,95.8281
2014-05-30,0.2477,0.2492,3.0566,2.535,96.4882
2014-06-06,0.2509,0.248,3.0506,2.53,96.522
2014-06-13,0.2481,0.2522,3.1135,2.544,96.4003
2014-06-20,0.2507,0.2477,3.0267,2.627,96.6448
2014-06-27,0.2535,0.2512,3.1135,2.634,96.5984
2014-07-04,0.2609,0.256,3.2183,2.635,96.3867
2014-07-11,0.2561,0.255,3.2392,2.669,96.0871
2014-07-18,0.2579,0.2589,3.2482,2.62,95.5564
2014-07-25,0.2621,0.2677,3.2901,2.579,95.8213
2014-08-01,0.2573,0.274,3.3978,2.56,96.4573
2014-08-08,0.2543,0.2755,3.4727,2.616,96.5607
2014-08-15,0.2621,0.2801,3.5714,2.599,96.7917
2014-08-22,0.2665,0.2815,3.6523,2.544,96.5713
2014-08-29,0.2671,0.2787,3.5774,2.554,96.6487
2014-09-05,0.2677,0.2926,3.775,2.516,96.6284
2014-09-12,0.2681,0.2916,3.8528,2.464,96.5607
2014-09-19,0.2707,0.2912,3.8528,2.434,97.2276
2014-09-26,0.2625,0.2943,3.9127,2.429,97.1
2014-09-30,0.2649,0.2962,3.9845,2.429,97.7554
2014-10-10,0.2591,0.2959,4.0384,2.424,97.6877
2014-10-17,0.2511,0.292,3.9366,2.449,99.3618
2014-10-24,0.2619,0.2869,3.8648,2.431,98.9558
2014-10-31,0.2693,0.3051,4.0473,2.349,99.3666
2014-11-07,0.2725,0.3037,4.0354,2.258,100.5013
2014-11-14,0.2729,0.3109,3.9755,2.282,100.3312
2014-11-21,0.2755,0.31,4.0803,2.349,100.1766
2014-11-28,0.2799,0.3302,4.2479,2.353,100.6135
2014-12-05,0.2779,0.3538,4.3377,2.394,99.1066
2014-12-12,0.2729,0.3614,4.4664,2.434,99.24
2014-12-19,0.2805,0.3838,4.4843,2.414,99.7349
2014-12-26,0.2787,0.3918,4.3975,2.386,100.0422
2014-12-31,0.2783,0.3985,4.3077,2.412,99.9398
2015-01-09,0.2777,0.4015,4.3856,2.439,100.2462
2015-01-16,0.2699,0.4092,4.4814,2.518,101.6979
2015-01-23,0.2787,0.3979,4.5831,2.607,102.158
2015-01-30,0.2741,0.3881,4.5861,2.542,101.7907
2015-02-06,0.2773,0.3672,4.5023,2.564,102.8916
2015-02-13,0.2837,0.3806,4.6969,2.496,103.3846
2015-02-17,0.2873,0.3847,4.8166,2.488,103.3227
2015-02-27,0.2897,0.3942,4.9154,2.465,103.1594
2015-03-06,0.2925,0.3834,4.9992,2.439,102.6693
2015-03-13,0.2861,0.4044,5.1728,2.359,102.6645
2015-03-20,0.2907,0.4309,5.6127,2.354,102.7186
2015-03-27,0.2877,0.4386,5.8821,2.406,102.6867
2015-04-03,0.2831,0.4593,6.3281,2.392,101.9705
2015-04-10,0.2861,0.4741,6.5646,2.384,101.8622
2015-04-17,0.2875,0.5072,6.5133,2.395,102.7573
2015-04-24,0.2923,0.5141,6.9252,2.399,103.083
2015-04-30,0.2915,0.5265,6.9848,2.409,103.6436
2015-05-08,0.2899,0.5025,6.7977,2.369,103.4493
2015-05-15,0.2927,0.5186,7.244,2.425,103.7809
2015-05-22,0.2935,0.5601,8.1744,2.411,103.46
2015-05-29,0.2949,0.5684,8.3548,2.381,102.7553
2015-06-05,0.2927,0.626,9.3045,2.368,103.4706
2015-06-12,0.2919,0.6388,9.667,2.375,103.0443
2015-06-19,0.2923,0.5613,8.359,2.364,102.6461
2015-06-26,0.2939,0.5303,7.3841,2.353,102.2566
2015-07-03,0.2885,0.4675,6.0669,2.312,102.3649
2015-07-10,0.2771,0.5033,6.0921,2.301,103.4619
2015-07-17,0.2949,0.5122,6.6274,2.299,104.9726
2015-07-24,0.2995,0.5146,6.9579,2.186,104.4294
2015-07-31,0.3051,0.4721,6.3681,2.167,104.5618
2015-08-07,0.2993,0.4833,6.6492,2.187,105.0538
2015-08-14,0.3103,0.5049,7.1282,2.299,104.7339
2015-08-21,0.2973,0.4501,6.3094,2.39,104.1105
2015-08-28,0.2959,0.4207,5.6323,2.333,104.9021
2015-09-02,0.2853,0.4255,4.8941,2.351,105.4656
2015-09-11,0.2931,0.4214,5.3538,2.287,104.5947
2015-09-18,0.2957,0.4082,4.9897,2.318,104.7339
2015-09-25,0.2899,0.4048,4.9855,2.359,104.6566
2015-09-30,0.2787,0.4022,5.0786,2.314,105.0557
2015-10-09,0.2899,0.4173,5.3588,2.35,105.2194
2015-10-16,0.2967,0.439,5.874,2.402,105.3716
2015-10-23,0.3061,0.4422,5.9755,2.403,105.8818
2015-10-30,0.3137,0.4384,5.9168,2.351,106.1412
2015-11-06,0.3147,0.462,6.2884,2.282,105.5725
2015-11-13,0.3085,0.4584,6.3807,2.23,105.3589
2015-11-20,0.3161,0.4669,6.603,2.234,105.3784
2015-11-27,0.3167,0.4445,6.2339,2.206,105.7881
2015-12-04,0.3143,0.4595,6.2985,2.2,105.9569
2015-12-11,0.3169,0.4491,6.134,2.23,106.0964
2015-12-18,0.3169,0.4652,6.4889,2.217,106.429
2015-12-25,0.3161,0.4763,6.5837,2.25,106.9168
2015-12-31,0.3233,0.4625,6.4268,2.232,107.1558
2016-01-08,0.3071,0.43,5.5166,2.338,107.1607
2016-01-15,0.2959,0.3977,4.9477,2.304,107.5879
2016-01-22,0.2911,0.396,5.0274,2.335,107.4162
2016-01-29,0.2915,0.3774,4.5853,2.363,107.1177
2016-02-05,0.2961,0.3794,4.7699,2.451,107.2143
2016-02-19,0.2891,0.3878,5.0258,2.574,107.4426
2016-02-26,0.2943,0.3785,4.7514,2.612,107.6601
2016-03-04,0.3015,0.3963,4.691,2.651,107.7313
2016-03-11,0.2963,0.39,4.6306,2.651,108.221
2016-03-18,0.3027,0.4046,5.0493,2.617,108.1059
2016-03-25,0.3031,0.4048,5.1407,2.549,108.5898
2016-04-01,0.3053,0.4105,5.1927,2.564,109.0063
2016-04-08,0.3071,0.4071,5.233,2.57,108.7898
2016-04-15,0.3107,0.4158,5.4192,2.562,108.423
2016-04-22,0.3093,0.4063,5.0811,2.592,107.9167
2016-04-29,0.3009,0.4069,5.061,2.66,107.9791
2016-05-06,0.2987,0.4038,5.0526,2.68,108.022
2016-05-13,0.2995,0.4015,4.8227,2.682,108.5791
2016-05-20,0.3003,0.3997,4.8563,2.638,108.263
2016-05-27,0.3105,0.4011,4.8622,2.58,108.1811
2016-06-03,0.3141,0.4134,5.1357,2.574,108.0435
2016-06-08,0.3119,0.4111,5.1281,2.646,108.182
2016-06-17,0.3099,0.4076,5.0786,2.715,108.5
2016-06-24,0.3059,0.4045,5.0157,2.805,108.6952
2016-07-01,0.3099,0.4136,5.2103,2.858,109.1117
2016-07-08,0.3133,0.4169,5.3773,2.916,109.2561
2016-07-15,0.3241,0.4308,5.5065,2.875,109.2834
2016-07-22,0.3273,0.4268,5.4637,2.844,109.4921
2016-07-29,0.3329,0.4375,5.2875,2.859,109.6677
2016-08-05,0.3335,0.4392,5.2917,2.918,109.9584
2016-08-12,0.3403,0.453,5.3807,2.87,110.2687
2016-08-19,0.3381,0.4596,5.5375,2.877,110.0833
2016-08-26,0.3397,0.4538,5.4813,2.841,110.0462
2016-09-02,0.3387,0.4551,5.4176,2.821,109.8931
2016-09-09,0.3429,0.4563,5.5208,2.872,110.0053
2016-09-14,0.3343,0.4447,5.3546,2.843,110.0228
2016-09-23,0.3545,0.4523,5.4478,2.862,110.1097
2016-09-30,0.3413,0.4516,5.4167,2.843,110.3867
2016-10-14,0.3467,0.4584,5.5325,2.724,110.5428
2016-10-21,0.3455,0.4639,5.5426,2.751,110.9769
2016-10-28,0.3473,0.4619,5.5292,2.775,110.7447
2016-11-04,0.3411,0.4618,5.5216,2.804,110.8296
2016-11-11,0.3417,0.4663,5.6399,2.769,110.6911
2016-11-18,0.3517,0.4689,5.6525,2.687,109.7468
2016-11-25,0.3599,0.4862,5.6852,2.662,109.5478
2016-12-02,0.3509,0.4881,5.5736,2.638,108.9693
2016-12-09,0.3567,0.486,5.5677,2.643,108.8025
2016-12-16,0.3635,0.4669,5.389,2.602,105.9842
2016-12-23,0.3671,0.4625,5.3664,2.583,107.187
2016-12-30,0.3633,0.4629,5.3488,2.636,108.0084
2017-01-06,0.3623,0.4694,5.436,2.633,107.905
2017-01-13,0.3673,0.4666,5.285,2.662,108.0425
2017-01-20,0.3665,0.4741,5.2296,2.668,108.1664
2017-01-26,0.3761,0.4777,5.3161,2.641,108.1615
2017-02-03,0.3735,0.4744,5.2984,2.674,108.1137
2017-02-10,0.3825,0.4817,5.4125,2.712,107.5987
2017-02-17,0.3861,0.4819,5.384,2.737,108.0689
2017-02-24,0.3913,0.4908,5.5359,2.775,108.2084
2017-03-03,0.3954,0.4871,5.5115,2.737,108.302
2017-03-10,0.3988,0.4843,5.509,2.69,107.8923
2017-03-17,0.4066,0.4872,5.5325,2.754,108.1879
2017-03-24,0.3909,0.4953,5.6021,2.773,108.3147
2017-03-31,0.4012,0.4962,5.4612,2.761,108.1098
2017-04-07,0.3925,0.5085,5.6139,2.819,108.225
2017-04-14,0.3869,0.5107,5.5837,2.859,108.224
2017-04-21,0.3935,0.5086,5.3899,2.827,107.5743
2017-04-28,0.4036,0.5069,5.3051,2.812,107.2963
2017-05-05,0.4052,0.4985,5.207,2.747,106.7929
2017-05-12,0.41,0.4983,4.9998,2.739,106.2339
2017-05-19,0.4064,0.5082,5.0971,2.784,105.9783
2017-05-26,0.4214,0.517,4.9914,2.788,106.3793
2017-06-02,0.4232,0.5194,4.9276,2.771,107.0426
2017-06-09,0.4244,0.5329,5.1088,2.78,107.0046
2017-06-16,0.4102,0.524,5.1441,2.755,107.2689
2017-06-23,0.4142,0.5409,5.1474,2.764,107.1285
2017-06-30,0.4024,0.5446,5.2615,2.714,107.0416
2017-07-07,0.3994,0.5443,5.3429,2.686,107.2865
2017-07-14,0.411,0.5473,5.2481,2.675,107.1002
2017-07-21,0.4188,0.553,5.2456,2.724,107.0573
2017-07-28,0.4156,0.5512,5.3404,2.735,106.9909
2017-08-04,0.4148,0.5433,5.3463,2.748,107.2026
2017-08-11,0.406,0.5381,5.3051,2.763,107.1753
2017-08-18,0.4086,0.5461,5.457,2.763,107.2709
2017-08-25,0.4098,0.5521,5.4629,2.749,107.3245
2017-09-01,0.4136,0.5503,5.6248,2.775,107.2592
2017-09-08,0.4076,0.5492,5.66,2.794,107.4543
2017-09-15,0.4098,0.5517,5.6986,2.78,107.3948
2017-09-22,0.41,0.5534,5.6516,2.738,107.1977
2017-09-29,0.4138,0.5528,5.6953,2.742,107.1802
2017-10-13,0.4202,0.5653,5.7783,2.734,107.1675
2017-10-20,0.4244,0.5703,5.6533,2.723,107.029
2017-10-27,0.4248,0.5802,5.7171,2.706,106.6739
2017-11-03,0.4356,0.5676,5.5174,2.713,106.3344
2017-11-10,0.439,0.5795,5.707,2.735,106.8387
2017-11-17,0.4404,0.5828,5.4805,2.728,106.6124
2017-11-24,0.4414,0.5773,5.3924,2.732,106.2525
2017-12-01,0.448,0.5655,5.4226,2.702,106.6485
2017-12-08,0.4418,0.5633,5.3211,2.651,106.6934
2017-12-15,0.4462,0.5598,5.3697,2.673,106.6914
2017-12-22,0.4536,0.5667,5.3597,2.678,106.8622
2017-12-29,0.4456,0.572,5.379,2.708,106.708
2018-01-05,0.4498,0.5908,5.5208,2.728,106.91
2018-01-12,0.4622,0.601,5.4981,2.774,106.9821
2018-01-19,0.4618,0.6094,5.3798,2.751,106.8748
2018-01-26,0.4638,0.6224,5.4973,2.767,107.2455
2018-02-02,0.4586,0.607,5.139,2.731,107.2289
2018-02-09,0.4182,0.5512,4.7472,2.692,107.6865
2018-02-14,0.4384,0.565,4.9276,2.73,107.8143
2018-02-23,0.4496,0.5806,5.0409,2.712,107.627
2018-03-02,0.4504,0.5744,5.2053,2.7,108.2591
2018-03-09,0.4636,0.5855,5.3412,2.7,108.1469
2018-03-16,0.4674,0.5787,5.264,2.688,108.102
2018-03-23,0.4406,0.5547,4.962,2.741,108.3313
2018-03-30,0.4386,0.5529,5.2481,2.692,108.4903
2018-04-04,0.4258,0.5473,5.1541,2.712,108.6083
2018-04-13,0.4404,0.5502,5.1667,2.714,109.0395
2018-04-20,0.447,0.5332,5.0451,2.722,109.3702
2018-04-27,0.4464,0.5335,5.0316,2.692,109.6082
2018-05-04,0.4454,0.5407,5.0652,2.687,109.5517
2018-05-11,0.4632,0.5558,5.1499,2.693,109.339
2018-05-18,0.4614,0.5594,5.1617,2.644,109.3039
2018-05-25,0.4652,0.5515,5.0845,2.678,109.739
2018-06-01,0.468,0.55,4.8907,2.68,109.4424
2018-06-08,0.4808,0.5513,4.8806,2.664,109.3858
2018-06-15,0.4942,0.5517,4.7229,2.682,109.4102
2018-06-22,0.4974,0.5291,4.4318,2.653,109.6638
2018-06-29,0.4896,0.5177,4.4913,2.661,110.0931
2018-07-06,0.4992,0.4931,4.2824,2.68,110.2248
2018-07-13,0.5204,0.5097,4.4771,2.665,110.134
2018-07-20,0.5218,0.5085,4.462,2.655,110.575
2018-07-27,0.5314,0.5154,4.5232,2.669,110.4667
2018-08-03,0.5402,0.487,4.243,2.663,111.1047
2018-08-10,0.5332,0.4983,4.3294,2.656,110.8676
2018-08-17,0.5334,0.4762,4.1289,2.598,109.8765
2018-08-24,0.533,0.4853,4.1734,2.628,110.2472
2018-08-31,0.5478,0.4885,4.149,2.646,110.6813
2018-09-07,0.5322,0.4821,4.118,2.642,110.3721
2018-09-14,0.5442,0.4839,4.0123,2.656,110.3135
2018-09-21,0.5438,0.507,4.1516,2.657,110.4872
2018-09-28,0.5506,0.5116,4.1482,2.623,110.9437
2018-10-12,0.5126,0.4702,3.6566,2.702,111.2744
2018-10-19,0.5196,0.4644,3.5307,2.734,111.7095
2018-10-26,0.4978,0.475,3.6213,2.757,111.4978
2018-11-02,0.5092,0.484,3.8361,2.731,111.3759
2018-11-09,0.5148,0.471,3.7614,2.718,111.8929
2018-11-16,0.4946,0.487,4.0224,2.707,112.7192
2018-11-23,0.472,0.4719,3.7497,2.731,111.8831
2018-11-30,0.4984,0.4754,3.7765,2.732,111.9456
2018-12-07,0.4878,0.4799,3.8042,2.738,112.8196
2018-12-14,0.482,0.4804,3.7606,2.745,112.8333
2018-12-21,0.4532,0.4747,3.6582,2.788,113.2059
2018-12-28,0.4484,0.4782,3.5853,2.826,113.7386
2019-01-04,0.4446,0.4777,3.6415,2.853,113.6742
2019-01-11,0.4654,0.4836,3.7228,2.805,113.7171
2019-01-18,0.4754,0.4902,3.7598,2.811,113.7483
2019-01-25,0.474,0.4941,3.7287,2.797,113.6683
2019-02-01,0.4852,0.5014,3.7254,2.852,113.9698
2019-02-15,0.4914,0.5043,3.8915,2.861,114.2019
2019-02-22,0.4924,0.5156,4.16,2.86,113.9464
2019-03-01,0.4972,0.5376,4.4083,2.826,113.5718
2019-03-08,0.4882,0.5317,4.5761,2.799,113.6361
2019-03-15,0.508,0.5459,4.6499,2.811,113.5171
2019-03-22,0.5228,0.5654,4.9033,2.833,113.6322
2019-03-29,0.5136,0.5718,4.8362,2.788,114.001
2019-04-04,0.527,0.5977,5.1374,2.798,113.5737
2019-04-12,0.5306,0.5913,4.9855,2.8,113.2196
2019-04-19,0.535,0.5967,5.0736,2.762,113.1191
2019-04-26,0.5554,0.5571,4.7145,2.773,113.1669
2019-04-30,0.5612,0.5635,4.6096,2.777,113.242
2019-05-10,0.5376,0.5454,4.3949,2.808,113.5357
2019-05-17,0.5416,0.5366,4.2975,2.854,113.7288
2019-05-24,0.5262,0.5307,4.2128,2.856,113.8049
2019-05-31,0.5144,0.539,4.2648,2.878,114.0927
2019-06-06,0.5168,0.5342,4.0601,2.962,114.1278
2019-06-14,0.5356,0.539,4.1818,3.022,114.081
2019-06-21,0.5494,0.5552,4.3747,3.079,114.3336
2019-06-28,0.5434,0.5498,4.3244,3.109,114.2946
2019-07-05,0.5606,0.5654,4.4091,3.125,114.6497
2019-07-12,0.5632,0.5542,4.2497,3.111,114.6361
2019-07-19,0.5668,0.5576,4.2648,3.177,114.757
2019-07-26,0.5706,0.5635,4.285,3.134,114.7804
2019-08-02,0.5634,0.5493,4.2053,3.184,115.0526
2019-08-09,0.5642,0.5337,4.0224,3.403,115.5277
2019-08-16,0.5522,0.5386,4.1222,3.419,115.5287
2019-08-23,0.5678,0.5478,4.2766,3.398,115.1375
2019-08-30,0.568,0.5439,4.285,3.508,115.2975
2019-09-06,0.5786,0.5576,4.5241,3.429,115.6389
2019-09-12,0.5804,0.5625,4.6021,3.404,115.3053
2019-09-20,0.579,0.5596,4.5576,3.412,115.3726
2019-09-27,0.5708,0.5498,4.3823,3.404,115.2682
2019-09-30,0.5666,0.5474,4.3185,3.396,115.5004
2019-10-11,0.5694,0.562,4.441,3.405,115.4077
2019-10-18,0.5796,0.5571,4.3479,3.371,115.3609
2019-10-25,0.579,0.561,4.384,3.398,115.3209
2019-11-01,0.591,0.5586,4.3529,3.387,115.1316
2019-11-08,0.592,0.5615,4.3722,3.269,115.1882
2019-11-15,0.6026,0.5488,4.2699,3.268,115.4243
2019-11-22,0.6044,0.5566,4.2892,3.287,115.7677
2019-11-29,0.6188,0.5601,4.2892,3.265,115.8672
2019-12-06,0.6114,0.5635,4.3991,3.297,116.0476
2019-12-13,0.6216,0.5723,4.4653,3.261,115.8535
2019-12-20,0.6308,0.5806,4.5727,3.302,115.9715
2019-12-27,0.6432,0.5801,4.5526,3.363,116.7666
2020-01-03,0.6506,0.5977,4.7372,3.422,116.3461
2020-01-10,0.6729,0.5952,4.8278,3.418,116.7656
2020-01-17,0.6963,0.5894,4.8521,3.404,116.828
2020-01-23,0.6953,0.5649,4.7263,3.43,117.8416
2020-02-07,0.7415,0.5376,4.6885,3.468,118.3947
2020-02-14,0.8017,0.5522,4.7741,3.494,118.3723
2020-02-21,0.7435,0.5659,5.1189,3.646,118.1772
2020-02-28,0.6781,0.5474,4.806,3.623,118.9781
2020-03-06,0.6983,0.5723,5.0753,3.686,119.1498
2020-03-13,0.6432,0.542,4.8169,3.502,119.22
2020-03-20,0.632,0.5205,4.5903,3.346,118.7215
2020-03-27,0.6316,0.5293,4.5115,3.612,119.7936
2020-04-03,0.6152,0.5249,4.4838,3.575,120.1965
2020-04-10,0.625,0.5303,4.5929,3.671,121.2413
2020-04-17,0.6747,0.5337,4.6793,3.669,121.8266
2020-04-24,0.6889,0.5268,4.6482,3.769,122.7826
2020-04-30,0.7471,0.5464,4.7229,3.746,123.3396
2020-05-08,0.7575,0.5483,4.8555,3.769,122.2178
2020-05-15,0.7217,0.5415,4.858,3.834,122.4626
2020-05-22,0.7189,0.5332,4.7044,3.865,122.0178
2020-05-29,0.7457,0.5395,4.7707,3.864,120.8589
2020-06-05,0.7581,0.5498,4.9436,3.817,119.5673
2020-06-12,0.7445,0.5513,4.9612,3.854,119.9995
2020-06-19,0.7601,0.5591,5.1415,3.844,118.8181
2020-06-24,0.7655,0.5557,5.1625,3.91,118.9137
2020-07-03,0.7601,0.5977,5.41,3.915,119.1547
2020-07-10,0.7691,0.6285,6.0007,3.926,118.2845
2020-07-17,0.7733,0.6236,5.6793,3.904,118.8191
2020-07-24,0.7671,0.6226,5.6474,4.109,119.3654
2020-07-31,0.7837,0.6407,5.9117,4.216,118.7752
2020-08-07,0.8005,0.6554,6.0174,4.378,118.6386
2020-08-14,0.8113,0.6646,5.9713,4.088,118.3313
2020-08-21,0.8417,0.671,5.973,4.091,118.1782
2020-08-28,0.959,0.6725,6.0283,4.109,117.4553
2020-09-04,0.9688,0.6549,5.9612,4.065,117.546
2020-09-11,0.9055,0.6378,5.6693,4.087,117.7509
2020-09-18,0.9518,0.6583,5.8379,4.078,117.7587
2020-09-25,0.8887,0.6304,5.6181,3.928,117.9938
2020-09-30,0.9107,0.629,5.5669,3.974,117.745
2020-10-09,0.9284,0.6387,5.7154,3.971,117.5724
2020-10-16,0.9161,0.6515,5.7917,3.965,117.5314
2020-10-23,0.9015,0.6451,5.6013,3.956,117.865
2020-10-30,0.8499,0.6348,5.5057,3.897,117.9996
2020-11-06,0.8963,0.6632,5.6844,4.001,117.9557
2020-11-13,0.8767,0.6676,5.6894,3.89,117.4933
2020-11-20,0.8607,0.692,5.7943,3.843,117.4007
2020-11-27,0.8621,0.6949,5.7481,3.72,117.5538
2020-12-04,0.8695,0.6881,5.8454,3.754,117.7792
2020-12-11,0.8411,0.6681,5.6164,3.739,117.6699
2020-12-18,0.8603,0.6661,5.6936,3.838,117.7119
2020-12-25,0.8639,0.651,5.6844,3.853,118.2825
2020-12-31,0.8747,0.649,5.7599,3.85,118.342
2021-01-08,0.8633,0.6529,5.947,3.878,118.5342
2021-01-15,0.8533,0.6505,5.8236,3.785,118.8766
2021-01-22,0.8861,0.6431,6.0116,3.806,118.8815
2021-01-29,0.8651,0.627,5.7439,3.778,118.4376
2021-02-05,0.9013,0.6368,5.6533,3.681,118.4737
2021-02-10,0.9103,0.6431,5.91,3.756,118.4923
2021-02-19,0.9051,0.6676,6.0879,3.634,118.3938
2021-02-26,0.8489,0.6695,5.7708,3.613,118.5332
2021-03-05,0.8361,0.6793,5.8152,3.482,119.0044
2021-03-12,0.8645,0.694,5.6374,3.524,118.8708
2021-03-19,0.8531,0.6896,5.6307,3.589,118.6171
2021-03-26,0.8641,0.6852,5.6634,3.579,118.7401
2021-04-02,0.8955,0.692,5.7297,3.612,119.0932
2021-04-09,0.9207,0.6964,5.7481,3.631,118.8425
2021-04-16,0.9358,0.7072,5.7657,3.643,119.3439
2021-04-23,0.9141,0.6998,5.8731,3.668,119.7409
2021-04-30,0.9234,0.7023,5.9008,3.625,119.5985
2021-05-07,0.9001,0.715,5.8555,3.717,119.5858
2021-05-14,0.8785,0.7208,5.9495,3.739,119.7341
2021-05-21,0.8937,0.7189,5.9411,3.816,120.3311
2021-05-28,0.8963,0.7468,6.082,3.8,120.1175
2021-06-04,0.8875,0.7492,6.1139,3.732,120.0034
2021-06-11,0.9123,0.7428,6.1508,3.795,119.7078
2021-06-18,0.9364,0.7301,6.0988,3.625,119.9575
2021-06-25,0.9508,0.7414,6.2389,3.624,120.0775
2021-07-02,0.9652,0.7306,6.1005,3.632,120.4443
2021-07-09,0.9802,0.7223,6.2398,3.68,120.854
2021-07-16,0.9802,0.7321,6.3732,3.711,121.0618
2021-07-23,0.9872,0.7306,6.442,3.684,121.3408
2021-07-30,0.982,0.6945,6.228,3.72,121.77
2021-08-06,1.0062,0.6969,6.3866,3.663,121.9583
2021-08-13,1.0016,0.7336,6.5351,3.591,121.7759
2021-08-20,0.9932,0.7252,6.3681,3.659,122.1017
2021-08-27,1.0226,0.7521,6.6081,3.682,121.7593
2021-09-03,1.036,0.7888,6.7113,3.687,122.0646
2021-09-10,1.0292,0.845,7.0276,3.66,121.8471
2021-09-17,1.0266,0.8235,6.8153,3.592,121.7037
2021-09-24,1.0126,0.8171,6.8178,3.586,121.9154
2021-09-30,0.9884,0.8103,6.5368,3.543,122.2802
2021-10-08,0.987,0.8025,6.5275,3.587,122.0841
2021-10-15,0.9968,0.7888,6.4805,3.629,121.7154
2021-10-22,1.0126,0.801,6.4814,3.615,121.4062
2021-10-29,1.024,0.755,6.4747,3.609,121.6334
2021-11-05,1.0756,0.742,6.4562,3.624,121.9983
2021-11-12,1.0536,0.751,6.5938,3.722,121.9934
2021-11-19,1.0862,0.752,6.6173,3.73,122.1427
2021-11-26,1.0676,0.756,6.6626,3.628,122.5973
2021-12-03,1.0448,0.776,6.7406,3.566,122.1641
2021-12-10,1.0556,0.784,6.7482,3.565,122.4168
2021-12-17,1.0378,0.788,6.7524,3.629,122.7494
2021-12-24,1.061,0.793,6.7222,3.633,122.7689
2021-12-31,1.0724,0.795,6.7792,3.643,123.3826
2022-01-07,1.0372,0.825,6.6232,3.592,123.1338
2022-01-14,1.015,0.81,6.5233,3.65,123.763
2022-01-21,0.96,0.821,6.4394,3.672,124.3064
2022-01-28,0.919,0.791,6.0434,3.594,124.3434
2022-02-11,0.952,0.848,6.2163,3.645,124.0332
2022-02-18,0.933,0.85,6.2893,3.76,123.9562
2022-02-25,0.894,0.817,6.2742,3.807,123.8615
2022-03-04,0.902,0.836,6.2742,3.841,123.5816
2022-03-11,0.879,0.806,5.9704,3.937,123.9679
2022-03-18,0.91,0.796,5.811,3.851,123.9932
2022-03-25,0.963,0.803,5.7532,3.907,124.0469
2022-04-01,0.973,0.855,5.858,3.853,124.0215
2022-04-08,0.953,0.866,5.728,3.852,124.4429
2022-04-15,0.905,0.858,5.5736,3.944,124.362
2022-04-22,0.911,0.832,5.259,3.951,124.162
2022-04-29,0.905,0.833,5.1759,3.942,124.2605
2022-05-06,0.878,0.811,5.0929,3.922,124.1688
2022-05-13,0.844,0.837,5.3303,3.888,124.5815
2022-05-20,0.833,0.84,5.4612,3.872,124.7366
2022-05-27,0.848,0.845,5.4436,3.917,124.9639
2022-06-02,0.86,0.839,5.6248,3.877,124.6458
2022-06-10,0.847,0.849,5.7892,3.865,124.6263
2022-06-17,0.791,0.836,5.8731,3.874,124.6029
2022-06-24,0.824,0.825,5.9361,3.827,124.6702
2022-07-01,0.799,0.848,6.0032,3.784,124.7756
2022-07-08,0.835,0.834,5.978,3.669,124.4332
2022-07-15,0.821,0.81,5.7859,3.622,124.8936
2022-07-22,0.867,0.815,5.8807,3.65,124.9717
2022-07-29,0.888,0.817,5.8866,3.749,125.3531
2022-08-05,0.915,0.799,5.8798,3.79,125.6419
2022-08-12,0.914,0.823,6.0283,3.795,125.6028
2022-08-19,0.928,0.829,5.9881,3.761,126.4164
2022-08-26,0.915,0.844,5.9084,3.798,126.1657
2022-09-02,0.863,0.854,5.7579,3.726,126.5003
2022-09-09,0.873,0.894,5.9203,3.785,126.3608
2022-09-16,0.841,0.861,5.5752,3.728,126.0301
2022-09-23,0.829,0.852,5.5205,3.77,126.0838
2022-09-30,0.812,0.835,5.3417,3.783,125.6272
2022-10-14,0.811,0.847,5.5993,3.813,126.2808
2022-10-21,0.81,0.833,5.5829,3.771,126.0994
2022-10-28,0.811,0.792,5.4051,3.82,126.4028
2022-11-04,0.814,0.795,5.7684,3.804,126.2447
2022-11-11,0.854,0.824,5.7569,3.952,126.0047
2022-11-18,0.853,0.816,5.8222,3.952,125.4224
2022-11-25,0.865,0.849,5.7117,3.959,125.8418
2022-12-02,0.863,0.851,5.7857,3.979,125.4721
2022-12-09,0.833,0.857,5.8155,3.924,125.2868
2022-12-16,0.816,0.838,5.7127,3.915,125.3238
2022-12-23,0.801,0.809,5.4167,3.948,125.5277
2022-12-30,0.799,0.818,5.5089,3.986,125.9433
2023-01-06,0.799,0.827,5.656,3.972,125.7999
2023-01-13,0.815,0.831,5.6983,4.027,125.6594
2023-01-20,0.815,0.845,5.8838,4.101,125.6994
2023-02-03,0.87,0.843,5.9606,4.071,125.8594
2023-02-10,0.86,0.851,5.9597,3.993,125.9189
2023-02-17,0.865,0.849,5.8674,3.992,125.9413
2023-02-24,0.86,0.875,5.9674,4.021,125.835
2023-03-03,0.849,0.895,6.0029,4.044,125.8165
2023-03-10,0.848,0.871,5.8347,4.061,126.1345
2023-03-17,0.884,0.9,5.8107,4.198,126.2672
2023-03-24,0.891,0.89,5.9289,4.275,126.2057
2023-03-31,0.908,0.887,5.9626,4.281,126.3101
2023-04-07,0.914,0.893,6.0741,4.328,126.4145
2023-04-14,0.91,0.919,6.0404,4.366,126.5354
2023-04-21,0.908,0.928,5.8761,4.288,126.672
2023-04-28,0.923,0.96,5.8838,4.298,126.949
2023-05-05,0.916,0.984,5.8309,4.415,127.2846
2023-05-12,0.946,0.963,5.7271,4.365,127.5392
2023-05-19,0.99,0.941,5.7694,4.33,127.5724
2023-05-26,0.996,0.922,5.6877,4.31,127.8065
2023-06-02,1.043,0.927,5.7655,4.375,127.9372
2023-06-09,1.047,0.949,5.6839,4.375,128.2514
2023-06-16,1.1,0.933,5.8184,4.359,127.947
2023-06-21,1.1,0.906,5.6877,4.356,128.1441
2023-06-30,1.1,0.911,5.7088,4.349,128.3089
2023-07-07,1.106,0.918,5.6714,4.359,128.585
2023-07-14,1.126,0.937,5.7386,4.388,128.5323
2023-07-21,1.128,0.928,5.6464,4.453,128.862
2023-07-28,1.134,0.963,5.7684,4.404,128.6182
2023-08-04,1.128,0.962,5.8492,4.401,128.6972
2023-08-11,1.11,0.94,5.631,4.415,128.7898
2023-08-18,1.083,0.936,5.5099,4.421,129.2142
2023-08-25,1.091,0.934,5.3158,4.448,129.1557
2023-09-01,1.139,0.937,5.4753,4.489,128.9713
2023-09-08,1.141,0.938,5.432,4.536,128.5996
2023-09-15,1.142,0.95,5.4378,4.548,128.7538
2023-09-22,1.092,0.958,5.4359,4.561,128.5518
2023-09-28,1.08,0.952,5.4176,4.436,128.6533
2023-10-13,1.122,0.947,5.3677,4.405,128.5235
2023-10-20,1.086,0.934,5.1591,4.597,128.3196
2023-10-27,1.053,0.938,5.2283,4.599,128.6221
2023-11-03,1.099,0.919,5.2379,4.61,128.9459
2023-11-10,1.116,0.916,5.3033,4.554,128.9684
2023-11-17,1.161,0.924,5.3542,4.572,129.1947
2023-11-24,1.157,0.933,5.3033,4.499,128.8523
2023-12-01,1.148,0.932,5.2946,4.589,128.9635
2023-12-08,1.157,0.911,5.2273,4.591,128.9732
2023-12-15,1.193,0.913,5.1793,4.59,129.3127
2023-12-22,1.206,0.907,5.0505,4.627,129.5361
2023-12-29,1.213,0.914,5.1553,4.648,130.098
2024-01-05,1.176,0.947,5.0178,4.664,130.1897
2024-01-12,1.219,0.934,4.9371,4.646,130.1507
2024-01-19,1.242,0.922,4.7583,4.643,130.3048
2024-01-26,1.261,0.969,4.7612,4.625,130.4999
2024-02-02,1.283,0.948,4.3076,4.679,130.7838
2024-02-08,1.308,0.973,4.8958,4.662,130.9145
2024-02-23,1.321,1.023,4.9265,4.63,131.216
2024-03-01,1.321,1.004,5.1053,4.667,131.2462
2024-03-08,1.337,1.027,5.0736,4.881,131.493
2024-03-15,1.316,0.997,5.1841,4.899,131.2599
2024-03-22,1.338,1.001,5.1034,4.946,131.5154
2024-03-29,1.337,1.015,5.013,5.126,131.6198
2024-04-03,1.327,1.033,5.0976,5.231,131.7564
2024-04-12,1.341,1.04,4.9996,5.504,132.25
2024-04-19,1.264,1.084,5.0351,5.471,132.3837
2024-04-26,1.29,1.039,5.0995,5.329,132.172
2024-04-30,1.299,1.04,5.1649,5.286,131.9993
2024-05-10,1.321,1.066,5.2552,5.369,132.2529
2024-05-17,1.355,1.075,5.2249,5.416,132.3066
2024-05-24,1.358,1.076,5.0559,5.319,132.5475
2024-05-31,1.353,1.085,5.0599,5.343,132.688
2024-06-07,1.394,1.075,4.971,5.399,132.9182
2024-06-14,1.435,1.058,4.9954,5.271,132.9338
2024-06-21,1.45,1.05,4.8841,5.376,133.0968
2024-06-28,1.475,1.059,4.7289,5.297,133.5474
2024-07-05,1.529,1.057,4.6644,5.381,133.4782
2024-07-12,1.492,1.047,4.7181,5.446,133.564
2024-07-19,1.471,1.043,4.68,5.425,133.6948
2024-07-26,1.409,1.016,4.5434,5.35,134.1991
2024-08-02,1.396,1.023,4.6,5.505,134.7073
2024-08-09,1.35,1.014,4.5297,5.396,134.4518
2024-08-16,1.469,1.033,4.4848,5.453,134.2088
2024-08-23,1.457,1.03,4.35,5.504,134.5669
2024-08-30,1.417,1.003,4.4516,5.522,134.4118
2024-09-06,1.372,0.982,4.353,5.517,135.078
2024-09-13,1.435,0.946,4.2661,5.611,135.4458
2024-09-20,1.443,0.96,4.311,5.663,135.3961
2024-09-27,1.414,1.062,5.2141,5.708,134.9239
2024-09-30,1.409,1.127,5.7042,5.707,134.4693
2024-10-11,1.445,1.082,5.2756,5.739,135.08
2024-10-18,1.459,1.102,5.4523,5.945,135.1453
2024-10-25,1.455,1.087,5.6183,5.998,134.8439
2024-11-01,1.442,1.076,5.6564,6.051,135.237
2024-11-08,1.525,1.099,6.0274,5.898,135.5014
2024-11-15,1.51,1.076,5.7296,5.683,135.8263
2024-11-22,1.521,1.068,5.5529,6.01,135.9258
2024-11-29,1.532,1.085,5.6545,5.923,136.1228
2024-12-06,1.584,1.115,5.7833,5.903,136.4994
2024-12-13,1.629,1.104,5.8058,6.001,137.6017
2024-12-20,1.597,1.101,5.7179,5.892,137.9743
2024-12-27,1.662,1.123,5.7003,5.945,137.829
2025-01-03,1.633,1.086,5.2434,6.029,138.3158
2025-01-10,1.63,1.07,5.1809,6.105,137.7519
2025-01-17,1.63,1.084,5.3902,6.139,137.7217
2025-01-24,1.644,1.082,5.4607,6.218,137.552
2025-01-27,1.615,1.097,5.3942,6.202,138.0319
2025-02-07,1.623,1.079,5.6384,6.42,138.0465
2025-02-14,1.629,1.094,5.7595,6.605,137.4759
2025-02-21,1.611,1.082,5.8597,6.568,137.0115
2025-02-28,1.511,1.084,5.6741,6.444,136.8203
2025-03-07,1.5,1.085,5.819,6.526,136.7062
2025-03-14,1.438,1.1,5.9034,6.673,136.6369
2025-03-21,1.468,1.103,5.7743,6.774,136.4867
2025-03-28,1.475,1.112,5.7158,6.938,136.7647
2025-04-03,1.413,1.125,5.6493,7.094,137.3471
2025-04-11,1.413,1.087,5.3823,7.273,137.9041
2025-04-18,1.381,1.12,5.3595,7.583,137.7597
2025-04-25,1.444,1.125,5.4299,7.53,137.5763
2025-04-30,1.446,1.109,5.4349,7.471,137.8241
2025-05-09,1.486,1.132,5.5282,7.531,137.948
2025-05-16,1.561,1.14,5.5193,7.177,137.4924
2025-05-23,1.534,1.15,5.4706,7.454,137.6934
2025-05-30,1.556,1.159,5.5024,7.369,137.6222
2025-06-06,1.567,1.168,5.5927,7.481,137.8807
2025-06-13,1.554,1.169,5.5838,7.588,137.9363
2025-06-20,1.562,1.182,5.4875,7.436,138.1626
2025-06-27,1.619,1.188,5.7168,7.326,138.1773
2025-07-04,1.636,1.211,5.7694,7.407,138.2914
2025-07-11,1.633,1.219,5.8954,7.376,138.0348
2025-07-18,1.662,1.213,5.9699,7.403,138.0904
2025-07-25,1.666,1.199,6.1684,7.409,137.6505
2025-08-01,1.671,1.181,6.091,7.352,137.8612
2025-08-08,1.691,1.207,6.2001,7.508,138.0436
2025-08-15,1.722,1.195,6.4592,7.401,137.8846
2025-08-22,1.676,1.209,6.7143,7.378,137.5685
2025-08-29,1.692,1.194,6.9386,7.486,137.6924
2025-09-05,1.701,1.185,6.8095,7.775,137.8202
2025-09-12,1.714,1.184,7.0388,7.954,137.8417
2025-09-19,1.751,1.159,7.0577,7.898,137.9236
2025-09-26,1.78,1.149,7.1321,8.16,137.8475
2025-09-30,1.813,1.139,7.3137,8.339,138.017
2025-10-10,1.86,1.15,7.2998,8.602,138.0811
2025-10-17,1.807,1.185,6.9118,9.568,138.2319
2025-10-24,1.902,1.197,7.1649,8.95,138.1067
2025-10-31,1.982,1.188,7.2314,8.794,138.6695
2025-11-07,1.924,1.217,7.2353,8.793,138.5699
2025-11-14,1.923,1.235,7.1341,9.096,138.568
2025-11-21,1.848,1.209,6.7212,8.828,138.5946
2025-11-28,1.943,1.204,6.9326,9.067,138.5098
2025-12-05,1.963,1.193,7.013,9.136,138.4655
2025-12-12,1.921,1.174,7.0815,9.227,138.6015
2025-12-19,1.916,1.181,7.0825,9.313,138.7651
2025-12-26,1.929,1.175,7.3743,9.65,138.9193
2025-12-31,1.904,1.176,7.3822,9.301,138.7322
2026-01-09,1.903,1.162,8.0055,9.592,138.5312
2026-01-16,1.904,1.143,8.146,9.857,138.8728
2026-01-23,1.891,1.148,8.57,10.617,138.9827
2026-01-30,1.881,1.168,8.291,11.009,139.0619
2026-02-06,1.813,1.178,8.064,10.357,139.2174
2026-02-13,1.83,1.167,8.224,10.575,139.4739
2026-02-27,1.819,1.172,8.588,10.933,139.3283
2026-03-06,1.801,1.188,8.272,10.873,139.5343
2026-03-13,1.767,1.205,8.162,10.802,139.4016
2026-03-20,1.749,1.196,7.663,9.896,139.4818
2026-03-27,1.708,1.183,7.654,9.494,139.5642
2026-04-03,1.731,1.188,7.454,9.828,139.6636
2026-04-10,1.809,1.181,7.886,9.972,139.594
2026-04-17,1.892,1.184,8.141,10.029,139.94
2026-04-24,1.907,1.198,8.174,9.826,140.0842
2026-04-30,1.959,1.188,8.281,9.678,140.0583
2026-05-08,2.065,1.177,8.62,9.88,140.0852
2026-05-15,2.1,1.167,8.463,9.554,140.2582
2026-05-22,2.146,1.155,8.509,9.461,140.3874
2026-05-29,2.273,1.167,8.294,9.397,140.6807
2026-06-05,2.205,1.159,8.19,9.252,140.6817
2026-06-12,2.162,1.172,8.093,8.659,140.3466
2026-06-18,2.266,1.115,8.679,8.908,140.6131
2026-06-26,2.158,1.081,8.712,8.39,140.721
2026-07-03,2.167,1.09,8.752,8.672,140.695
2026-07-10,2.174,1.113,8.549,8.541,140.782
2026-07-17,2.107,1.146,7.505,8.311,140.812
2026-07-24,2.104,1.162,7.545,8.385,140.874
2026-07-31,2.112,1.204,7.5,8.433,140.97
2026-08-07,2.266,1.158,7.987,8.892,141.086
2026-08-14,2.264,1.155,7.998,8.946,141.18
2026-08-21,2.195,1.176,7.866,9.388,141.255
2026-08-28,2.235,1.184,7.923,9.475,141.112
